timestamp,y,x,terrain,is_brownian,S,D,diffusity,bias_x,bias_y
2000-08-24,0,0,10,True,5.05,1,0.15,0,0
2000-08-25,0,0,10,True,8.65,0,0.1,0,0
2000-08-26,0,0,10,True,8.55,7,0.79,0,0
2000-08-27,0,0,10,True,5.3,3,0.94,1,0
2000-08-28,0,0,10,True,4.7,6,0.89,1,0
2000-08-29,0,0,10,True,4.75,1,0.22,0,0
2000-08-30,0,0,10,True,7.55,1,0.18,0,0
2000-08-31,0,0,10,True,6.35,1,0.97,1,0
2000-09-01,0,0,10,True,5.05,2,0.96,1,0
2000-09-02,0,0,10,True,4.2,5,1.0,1,0
2000-09-03,0,0,10,True,7.1,2,1.0,1,0
2000-09-04,0,0,10,True,10.5,2,0.84,0,0
2000-09-05,0,0,10,True,7.4,2,0.68,1,0
2000-09-06,0,0,10,True,6.9,2,0.62,1,0
2000-09-07,0,0,10,True,7.6,2,0.3,0,0
2000-09-08,0,0,10,True,7.95,2,0.74,1,0
2000-09-09,0,0,10,True,8.1,1,0.97,1,0
2000-09-10,0,0,10,True,9.25,1,0.95,1,0
2000-09-11,0,0,10,True,8.45,0,0.54,0,0
2000-09-12,0,0,10,True,8.55,1,0.99,1,0
2000-09-13,0,0,10,True,7.4,0,0.97,1,0
2000-09-14,0,0,10,True,8.2,0,0.97,1,0
2000-09-15,0,0,10,True,6.25,5,0.98,1,0
2000-09-16,0,0,10,True,6.05,4,0.74,0,0
2000-09-17,0,0,10,True,7.45,2,0.45,0,0
2000-09-18,0,0,10,True,9.95,1,0.09,0,0
2000-09-19,0,0,10,True,6.8,1,0.23,0,0
2000-09-20,0,0,10,True,8.5,1,0.2,0,0
2000-09-21,0,0,10,True,6.7,0,0.1,0,0
2000-09-22,0,0,10,True,4.85,8,0.79,1,0
2000-09-23,0,0,10,True,8.05,1,0.24,0,0
2000-09-24,0,0,10,True,7.7,6,0.56,1,0
2000-09-25,0,0,10,True,9.85,4,0.4,0,0
2000-09-26,0,0,10,True,9.15,2,0.18,0,0
2000-09-27,0,0,10,True,9.2,2,0.77,0,0
2000-09-28,0,0,10,True,9.8,1,0.94,1,0
2000-09-29,0,0,10,True,7.95,1,0.83,1,0
2000-09-30,0,0,10,True,6.65,1,0.53,1,0
2000-10-01,0,0,10,True,5.2,1,0.22,1,0
2000-10-02,0,0,10,True,4.6,1,0.08,0,0
2000-10-03,0,0,10,True,4.95,0,0.11,0,0
2000-10-04,0,0,10,True,8.3,7,0.43,1,0
2000-10-05,0,0,10,True,7.2,5,0.88,1,0
2000-10-06,0,0,10,True,5.4,4,0.06,0,0
2000-10-07,0,0,10,True,5.1,3,0.0,0,0
2000-10-08,0,0,10,True,8.85,2,0.0,0,0
2000-10-09,0,0,10,True,8.1,1,0.27,1,0
2000-10-10,0,0,10,True,6.7,0,0.97,1,0
2000-10-11,0,0,10,True,4.75,0,0.98,1,0
2000-10-12,0,0,10,True,5.8,0,0.66,1,0
2000-10-13,0,0,10,True,6.5,1,0.88,1,0
2000-10-14,0,0,10,True,6.5,2,0.48,0,0
2000-10-15,0,0,10,True,9.8,2,0.2,1,0
2000-10-16,0,0,10,True,10.3,2,0.87,0,0
2000-10-17,0,0,10,True,8.65,1,0.7,0,0
2000-10-18,0,0,10,True,7.3,2,0.33,0,0
2000-10-19,0,0,10,True,8.5,1,0.62,0,0
2000-10-20,0,0,10,True,7.65,2,0.64,0,0
2000-10-21,0,0,10,True,3.6,3,0.06,0,0
2000-10-22,0,0,10,True,8.65,2,0.12,0,0
2000-10-23,0,0,10,True,10.75,1,0.68,1,0
2000-10-24,0,0,10,True,3.55,0,0.96,0,0
2000-10-25,0,0,10,True,5.85,1,0.97,1,0
2000-10-26,0,0,10,True,6.5,1,0.67,1,0
2000-10-27,0,0,10,True,7.35,5,0.94,1,0
2000-10-28,0,0,10,True,6.55,4,0.73,0,0
2000-10-29,0,0,10,True,9.6,2,0.54,0,0
2000-10-30,0,0,10,True,9.6,2,0.3,0,0
2000-10-31,0,0,10,True,7.2,1,0.7,0,0
2000-11-01,0,0,10,True,7.75,1,0.32,1,0
2000-11-02,0,0,10,True,6.5,1,0.77,1,0
2000-11-03,0,0,10,True,2.75,6,0.89,1,0
2000-11-04,0,0,10,True,6.1,2,0.71,1,0
2000-11-05,0,0,10,True,5.35,1,0.91,1,0
2000-11-06,0,0,10,True,8.1,2,0.98,1,0
2000-11-07,0,0,10,True,9.2,2,0.76,1,0
2000-11-08,0,0,10,True,9.7,1,0.42,0,0
2000-11-09,0,0,10,True,8.3,1,0.4,0,0
2000-11-10,0,0,10,True,6.95,1,0.52,1,0
2000-11-11,0,0,10,True,7.9,1,0.93,1,0
2000-11-12,0,0,10,True,7.65,1,0.96,1,0
2000-11-13,0,0,10,True,5.9,0,0.96,1,0
2000-11-14,0,0,10,True,8.7,5,0.68,1,0
2000-11-15,0,0,10,True,8.2,4,0.42,0,0
2000-11-16,0,0,10,True,6.35,3,0.12,0,0
2000-11-17,0,0,10,True,7.75,2,0.47,1,0
2000-11-18,0,0,10,True,5.65,1,0.76,1,0
2000-11-19,0,0,10,True,7.0,0,0.65,1,0
2000-11-20,0,0,10,True,6.0,0,0.78,1,0
2000-11-21,0,0,10,True,5.55,2,0.81,1,0
2000-11-22,0,0,10,True,6.9,1,0.53,1,0
2000-11-23,0,0,10,True,6.2,1,0.44,1,0
2000-11-24,0,0,10,True,6.3,0,0.7,1,0
2000-11-25,0,0,10,True,4.45,7,0.99,1,0
2000-11-26,0,0,10,True,7.5,1,0.7,1,0
2000-11-27,0,0,10,True,6.35,1,0.33,1,0
2000-11-28,0,0,10,True,5.55,0,0.22,1,0
2000-11-29,0,0,10,True,9.2,6,0.97,1,0
2000-11-30,0,0,10,True,6.0,5,0.78,1,0
2000-12-01,0,0,10,True,9.25,2,0.68,1,0
2000-12-02,0,0,10,True,8.15,1,0.77,1,0
2000-12-03,0,0,10,True,4.15,7,0.52,1,0
2000-12-04,0,0,10,True,6.35,6,0.95,1,0
2000-12-05,0,0,10,True,8.3,5,0.54,1,0
2000-12-06,0,0,10,True,6.5,3,0.69,0,0
2000-12-07,0,0,10,True,8.7,2,0.55,0,0
2000-12-08,0,0,10,True,7.1,2,0.45,0,0
2000-12-09,0,0,10,True,4.2,1,0.64,1,0
2000-12-10,0,0,10,True,3.55,0,0.67,1,0
2000-12-11,0,0,10,True,8.45,1,0.74,1,0
2000-12-12,0,0,10,True,4.55,1,0.75,1,0
2000-12-13,0,0,10,True,5.6,0,0.98,1,0
2000-12-14,0,0,10,True,6.45,0,1.0,1,0
2000-12-15,0,0,10,True,7.65,7,1.0,1,0
2000-12-16,0,0,10,True,14.0,4,0.73,1,0
2000-12-17,0,0,10,True,11.45,3,0.94,1,0
2000-12-18,0,0,10,True,7.3,2,0.65,0,0
2000-12-19,0,0,10,True,3.5,0,0.77,1,0
2000-12-20,0,0,10,True,3.6,7,0.25,0,0
2000-12-21,0,0,10,True,8.05,0,0.21,0,0
2000-12-22,0,0,10,True,6.85,7,0.32,1,0
2000-12-23,0,0,10,True,5.1,0,0.52,1,0
2000-12-24,0,0,10,True,5.05,7,0.89,1,0
2000-12-25,0,0,10,True,6.5,1,0.92,1,0
2000-12-26,0,0,10,True,6.45,0,0.92,1,0
2000-12-27,0,0,10,True,6.4,0,0.94,1,0
2000-12-28,0,0,10,True,6.6,0,0.98,1,0
2000-12-29,0,0,10,True,6.1,0,0.97,1,0
2000-12-30,0,0,10,True,7.8,6,0.97,1,0
2000-12-31,0,0,10,True,4.15,6,0.96,1,0
2001-01-01,0,0,10,True,6.05,1,0.93,1,0
2001-01-02,0,0,10,True,7.05,1,0.49,1,0
2001-01-03,0,0,10,True,7.75,1,0.08,0,0
2001-01-04,0,0,10,True,7.75,1,0.15,1,0
2001-01-05,0,0,10,True,5.75,0,0.35,1,0
2001-01-06,0,0,10,True,5.2,0,0.48,1,0
2001-01-07,0,0,10,True,6.1,0,0.46,1,0
2001-01-08,0,0,10,True,5.5,0,0.55,1,0
2001-01-09,0,0,10,True,5.35,0,0.96,1,0
2001-01-10,0,0,10,True,7.1,7,0.94,1,0
2001-01-11,0,0,10,True,8.65,0,0.99,1,0
2001-01-12,0,0,10,True,6.9,0,1.0,1,0
2001-01-13,0,0,10,True,8.3,1,0.9,1,0
2001-01-14,0,0,10,True,6.9,1,0.94,1,0
2001-01-15,0,0,10,True,4.4,1,0.82,1,0
2000-08-24,0,1,10,True,5.05,1,0.15,0,0
2000-08-25,0,1,10,True,8.65,0,0.1,0,0
2000-08-26,0,1,10,True,8.55,7,0.79,0,0
2000-08-27,0,1,10,True,5.3,3,0.94,1,0
2000-08-28,0,1,10,True,4.7,6,0.89,1,0
2000-08-29,0,1,10,True,4.75,1,0.22,0,0
2000-08-30,0,1,10,True,7.55,1,0.18,0,0
2000-08-31,0,1,10,True,6.35,1,0.97,1,0
2000-09-01,0,1,10,True,5.05,2,0.96,1,0
2000-09-02,0,1,10,True,4.2,5,1.0,1,0
2000-09-03,0,1,10,True,7.1,2,1.0,1,0
2000-09-04,0,1,10,True,10.5,2,0.84,0,0
2000-09-05,0,1,10,True,7.4,2,0.68,1,0
2000-09-06,0,1,10,True,6.9,2,0.62,1,0
2000-09-07,0,1,10,True,7.6,2,0.3,0,0
2000-09-08,0,1,10,True,7.95,2,0.74,1,0
2000-09-09,0,1,10,True,8.1,1,0.97,1,0
2000-09-10,0,1,10,True,9.25,1,0.95,1,0
2000-09-11,0,1,10,True,8.45,0,0.54,0,0
2000-09-12,0,1,10,True,8.55,1,0.99,1,0
2000-09-13,0,1,10,True,7.4,0,0.97,1,0
2000-09-14,0,1,10,True,8.2,0,0.97,1,0
2000-09-15,0,1,10,True,6.25,5,0.98,1,0
2000-09-16,0,1,10,True,6.05,4,0.74,0,0
2000-09-17,0,1,10,True,7.45,2,0.45,0,0
2000-09-18,0,1,10,True,9.95,1,0.09,0,0
2000-09-19,0,1,10,True,6.8,1,0.23,0,0
2000-09-20,0,1,10,True,8.5,1,0.2,0,0
2000-09-21,0,1,10,True,6.7,0,0.1,0,0
2000-09-22,0,1,10,True,4.85,8,0.79,1,0
2000-09-23,0,1,10,True,8.05,1,0.24,0,0
2000-09-24,0,1,10,True,7.7,6,0.56,1,0
2000-09-25,0,1,10,True,9.85,4,0.4,0,0
2000-09-26,0,1,10,True,9.15,2,0.18,0,0
2000-09-27,0,1,10,True,9.2,2,0.77,0,0
2000-09-28,0,1,10,True,9.8,1,0.94,1,0
2000-09-29,0,1,10,True,7.95,1,0.83,1,0
2000-09-30,0,1,10,True,6.65,1,0.53,1,0
2000-10-01,0,1,10,True,5.2,1,0.22,1,0
2000-10-02,0,1,10,True,4.6,1,0.08,0,0
2000-10-03,0,1,10,True,4.95,0,0.11,0,0
2000-10-04,0,1,10,True,8.3,7,0.43,1,0
2000-10-05,0,1,10,True,7.2,5,0.88,1,0
2000-10-06,0,1,10,True,5.4,4,0.06,0,0
2000-10-07,0,1,10,True,5.1,3,0.0,0,0
2000-10-08,0,1,10,True,8.85,2,0.0,0,0
2000-10-09,0,1,10,True,8.1,1,0.27,1,0
2000-10-10,0,1,10,True,6.7,0,0.97,1,0
2000-10-11,0,1,10,True,4.75,0,0.98,1,0
2000-10-12,0,1,10,True,5.8,0,0.66,1,0
2000-10-13,0,1,10,True,6.5,1,0.88,1,0
2000-10-14,0,1,10,True,6.5,2,0.48,0,0
2000-10-15,0,1,10,True,9.8,2,0.2,1,0
2000-10-16,0,1,10,True,10.3,2,0.87,0,0
2000-10-17,0,1,10,True,8.65,1,0.7,0,0
2000-10-18,0,1,10,True,7.3,2,0.33,0,0
2000-10-19,0,1,10,True,8.5,1,0.62,0,0
2000-10-20,0,1,10,True,7.65,2,0.64,0,0
2000-10-21,0,1,10,True,3.6,3,0.06,0,0
2000-10-22,0,1,10,True,8.65,2,0.12,0,0
2000-10-23,0,1,10,True,10.75,1,0.68,1,0
2000-10-24,0,1,10,True,3.55,0,0.96,0,0
2000-10-25,0,1,10,True,5.85,1,0.97,1,0
2000-10-26,0,1,10,True,6.5,1,0.67,1,0
2000-10-27,0,1,10,True,7.35,5,0.94,1,0
2000-10-28,0,1,10,True,6.55,4,0.73,0,0
2000-10-29,0,1,10,True,9.6,2,0.54,0,0
2000-10-30,0,1,10,True,9.6,2,0.3,0,0
2000-10-31,0,1,10,True,7.2,1,0.7,0,0
2000-11-01,0,1,10,True,7.75,1,0.32,1,0
2000-11-02,0,1,10,True,6.5,1,0.77,1,0
2000-11-03,0,1,10,True,2.75,6,0.89,1,0
2000-11-04,0,1,10,True,6.1,2,0.71,1,0
2000-11-05,0,1,10,True,5.35,1,0.91,1,0
2000-11-06,0,1,10,True,8.1,2,0.98,1,0
2000-11-07,0,1,10,True,9.2,2,0.76,1,0
2000-11-08,0,1,10,True,9.7,1,0.42,0,0
2000-11-09,0,1,10,True,8.3,1,0.4,0,0
2000-11-10,0,1,10,True,6.95,1,0.52,1,0
2000-11-11,0,1,10,True,7.9,1,0.93,1,0
2000-11-12,0,1,10,True,7.65,1,0.96,1,0
2000-11-13,0,1,10,True,5.9,0,0.96,1,0
2000-11-14,0,1,10,True,8.7,5,0.68,1,0
2000-11-15,0,1,10,True,8.2,4,0.42,0,0
2000-11-16,0,1,10,True,6.35,3,0.12,0,0
2000-11-17,0,1,10,True,7.75,2,0.47,1,0
2000-11-18,0,1,10,True,5.65,1,0.76,1,0
2000-11-19,0,1,10,True,7.0,0,0.65,1,0
2000-11-20,0,1,10,True,6.0,0,0.78,1,0
2000-11-21,0,1,10,True,5.55,2,0.81,1,0
2000-11-22,0,1,10,True,6.9,1,0.53,1,0
2000-11-23,0,1,10,True,6.2,1,0.44,1,0
2000-11-24,0,1,10,True,6.3,0,0.7,1,0
2000-11-25,0,1,10,True,4.45,7,0.99,1,0
2000-11-26,0,1,10,True,7.5,1,0.7,1,0
2000-11-27,0,1,10,True,6.35,1,0.33,1,0
2000-11-28,0,1,10,True,5.55,0,0.22,1,0
2000-11-29,0,1,10,True,9.2,6,0.97,1,0
2000-11-30,0,1,10,True,6.0,5,0.78,1,0
2000-12-01,0,1,10,True,9.25,2,0.68,1,0
2000-12-02,0,1,10,True,8.15,1,0.77,1,0
2000-12-03,0,1,10,True,4.15,7,0.52,1,0
2000-12-04,0,1,10,True,6.35,6,0.95,1,0
2000-12-05,0,1,10,True,8.3,5,0.54,1,0
2000-12-06,0,1,10,True,6.5,3,0.69,0,0
2000-12-07,0,1,10,True,8.7,2,0.55,0,0
2000-12-08,0,1,10,True,7.1,2,0.45,0,0
2000-12-09,0,1,10,True,4.2,1,0.64,1,0
2000-12-10,0,1,10,True,3.55,0,0.67,1,0
2000-12-11,0,1,10,True,8.45,1,0.74,1,0
2000-12-12,0,1,10,True,4.55,1,0.75,1,0
2000-12-13,0,1,10,True,5.6,0,0.98,1,0
2000-12-14,0,1,10,True,6.45,0,1.0,1,0
2000-12-15,0,1,10,True,7.65,7,1.0,1,0
2000-12-16,0,1,10,True,14.0,4,0.73,1,0
2000-12-17,0,1,10,True,11.45,3,0.94,1,0
2000-12-18,0,1,10,True,7.3,2,0.65,0,0
2000-12-19,0,1,10,True,3.5,0,0.77,1,0
2000-12-20,0,1,10,True,3.6,7,0.25,0,0
2000-12-21,0,1,10,True,8.05,0,0.21,0,0
2000-12-22,0,1,10,True,6.85,7,0.32,1,0
2000-12-23,0,1,10,True,5.1,0,0.52,1,0
2000-12-24,0,1,10,True,5.05,7,0.89,1,0
2000-12-25,0,1,10,True,6.5,1,0.92,1,0
2000-12-26,0,1,10,True,6.45,0,0.92,1,0
2000-12-27,0,1,10,True,6.4,0,0.94,1,0
2000-12-28,0,1,10,True,6.6,0,0.98,1,0
2000-12-29,0,1,10,True,6.1,0,0.97,1,0
2000-12-30,0,1,10,True,7.8,6,0.97,1,0
2000-12-31,0,1,10,True,4.15,6,0.96,1,0
2001-01-01,0,1,10,True,6.05,1,0.93,1,0
2001-01-02,0,1,10,True,7.05,1,0.49,1,0
2001-01-03,0,1,10,True,7.75,1,0.08,0,0
2001-01-04,0,1,10,True,7.75,1,0.15,1,0
2001-01-05,0,1,10,True,5.75,0,0.35,1,0
2001-01-06,0,1,10,True,5.2,0,0.48,1,0
2001-01-07,0,1,10,True,6.1,0,0.46,1,0
2001-01-08,0,1,10,True,5.5,0,0.55,1,0
2001-01-09,0,1,10,True,5.35,0,0.96,1,0
2001-01-10,0,1,10,True,7.1,7,0.94,1,0
2001-01-11,0,1,10,True,8.65,0,0.99,1,0
2001-01-12,0,1,10,True,6.9,0,1.0,1,0
2001-01-13,0,1,10,True,8.3,1,0.9,1,0
2001-01-14,0,1,10,True,6.9,1,0.94,1,0
2001-01-15,0,1,10,True,4.4,1,0.82,1,0
2000-08-24,0,2,10,True,5.05,1,0.15,0,0
2000-08-25,0,2,10,True,8.65,0,0.1,0,0
2000-08-26,0,2,10,True,8.55,7,0.79,0,0
2000-08-27,0,2,10,True,5.3,3,0.94,1,0
2000-08-28,0,2,10,True,4.7,6,0.89,1,0
2000-08-29,0,2,10,True,4.75,1,0.22,0,0
2000-08-30,0,2,10,True,7.55,1,0.18,0,0
2000-08-31,0,2,10,True,6.35,1,0.97,1,0
2000-09-01,0,2,10,True,5.05,2,0.96,1,0
2000-09-02,0,2,10,True,4.2,5,1.0,1,0
2000-09-03,0,2,10,True,7.1,2,1.0,1,0
2000-09-04,0,2,10,True,10.5,2,0.84,0,0
2000-09-05,0,2,10,True,7.4,2,0.68,1,0
2000-09-06,0,2,10,True,6.9,2,0.62,1,0
2000-09-07,0,2,10,True,7.6,2,0.3,0,0
2000-09-08,0,2,10,True,7.95,2,0.74,1,0
2000-09-09,0,2,10,True,8.1,1,0.97,1,0
2000-09-10,0,2,10,True,9.25,1,0.95,1,0
2000-09-11,0,2,10,True,8.45,0,0.54,0,0
2000-09-12,0,2,10,True,8.55,1,0.99,1,0
2000-09-13,0,2,10,True,7.4,0,0.97,1,0
2000-09-14,0,2,10,True,8.2,0,0.97,1,0
2000-09-15,0,2,10,True,6.25,5,0.98,1,0
2000-09-16,0,2,10,True,6.05,4,0.74,0,0
2000-09-17,0,2,10,True,7.45,2,0.45,0,0
2000-09-18,0,2,10,True,9.95,1,0.09,0,0
2000-09-19,0,2,10,True,6.8,1,0.23,0,0
2000-09-20,0,2,10,True,8.5,1,0.2,0,0
2000-09-21,0,2,10,True,6.7,0,0.1,0,0
2000-09-22,0,2,10,True,4.85,8,0.79,1,0
2000-09-23,0,2,10,True,8.05,1,0.24,0,0
2000-09-24,0,2,10,True,7.7,6,0.56,1,0
2000-09-25,0,2,10,True,9.85,4,0.4,0,0
2000-09-26,0,2,10,True,9.15,2,0.18,0,0
2000-09-27,0,2,10,True,9.2,2,0.77,0,0
2000-09-28,0,2,10,True,9.8,1,0.94,1,0
2000-09-29,0,2,10,True,7.95,1,0.83,1,0
2000-09-30,0,2,10,True,6.65,1,0.53,1,0
2000-10-01,0,2,10,True,5.2,1,0.22,1,0
2000-10-02,0,2,10,True,4.6,1,0.08,0,0
2000-10-03,0,2,10,True,4.95,0,0.11,0,0
2000-10-04,0,2,10,True,8.3,7,0.43,1,0
2000-10-05,0,2,10,True,7.2,5,0.88,1,0
2000-10-06,0,2,10,True,5.4,4,0.06,0,0
2000-10-07,0,2,10,True,5.1,3,0.0,0,0
2000-10-08,0,2,10,True,8.85,2,0.0,0,0
2000-10-09,0,2,10,True,8.1,1,0.27,1,0
2000-10-10,0,2,10,True,6.7,0,0.97,1,0
2000-10-11,0,2,10,True,4.75,0,0.98,1,0
2000-10-12,0,2,10,True,5.8,0,0.66,1,0
2000-10-13,0,2,10,True,6.5,1,0.88,1,0
2000-10-14,0,2,10,True,6.5,2,0.48,0,0
2000-10-15,0,2,10,True,9.8,2,0.2,1,0
2000-10-16,0,2,10,True,10.3,2,0.87,0,0
2000-10-17,0,2,10,True,8.65,1,0.7,0,0
2000-10-18,0,2,10,True,7.3,2,0.33,0,0
2000-10-19,0,2,10,True,8.5,1,0.62,0,0
2000-10-20,0,2,10,True,7.65,2,0.64,0,0
2000-10-21,0,2,10,True,3.6,3,0.06,0,0
2000-10-22,0,2,10,True,8.65,2,0.12,0,0
2000-10-23,0,2,10,True,10.75,1,0.68,1,0
2000-10-24,0,2,10,True,3.55,0,0.96,0,0
2000-10-25,0,2,10,True,5.85,1,0.97,1,0
2000-10-26,0,2,10,True,6.5,1,0.67,1,0
2000-10-27,0,2,10,True,7.35,5,0.94,1,0
2000-10-28,0,2,10,True,6.55,4,0.73,0,0
2000-10-29,0,2,10,True,9.6,2,0.54,0,0
2000-10-30,0,2,10,True,9.6,2,0.3,0,0
2000-10-31,0,2,10,True,7.2,1,0.7,0,0
2000-11-01,0,2,10,True,7.75,1,0.32,1,0
2000-11-02,0,2,10,True,6.5,1,0.77,1,0
2000-11-03,0,2,10,True,2.75,6,0.89,1,0
2000-11-04,0,2,10,True,6.1,2,0.71,1,0
2000-11-05,0,2,10,True,5.35,1,0.91,1,0
2000-11-06,0,2,10,True,8.1,2,0.98,1,0
2000-11-07,0,2,10,True,9.2,2,0.76,1,0
2000-11-08,0,2,10,True,9.7,1,0.42,0,0
2000-11-09,0,2,10,True,8.3,1,0.4,0,0
2000-11-10,0,2,10,True,6.95,1,0.52,1,0
2000-11-11,0,2,10,True,7.9,1,0.93,1,0
2000-11-12,0,2,10,True,7.65,1,0.96,1,0
2000-11-13,0,2,10,True,5.9,0,0.96,1,0
2000-11-14,0,2,10,True,8.7,5,0.68,1,0
2000-11-15,0,2,10,True,8.2,4,0.42,0,0
2000-11-16,0,2,10,True,6.35,3,0.12,0,0
2000-11-17,0,2,10,True,7.75,2,0.47,1,0
2000-11-18,0,2,10,True,5.65,1,0.76,1,0
2000-11-19,0,2,10,True,7.0,0,0.65,1,0
2000-11-20,0,2,10,True,6.0,0,0.78,1,0
2000-11-21,0,2,10,True,5.55,2,0.81,1,0
2000-11-22,0,2,10,True,6.9,1,0.53,1,0
2000-11-23,0,2,10,True,6.2,1,0.44,1,0
2000-11-24,0,2,10,True,6.3,0,0.7,1,0
2000-11-25,0,2,10,True,4.45,7,0.99,1,0
2000-11-26,0,2,10,True,7.5,1,0.7,1,0
2000-11-27,0,2,10,True,6.35,1,0.33,1,0
2000-11-28,0,2,10,True,5.55,0,0.22,1,0
2000-11-29,0,2,10,True,9.2,6,0.97,1,0
2000-11-30,0,2,10,True,6.0,5,0.78,1,0
2000-12-01,0,2,10,True,9.25,2,0.68,1,0
2000-12-02,0,2,10,True,8.15,1,0.77,1,0
2000-12-03,0,2,10,True,4.15,7,0.52,1,0
2000-12-04,0,2,10,True,6.35,6,0.95,1,0
2000-12-05,0,2,10,True,8.3,5,0.54,1,0
2000-12-06,0,2,10,True,6.5,3,0.69,0,0
2000-12-07,0,2,10,True,8.7,2,0.55,0,0
2000-12-08,0,2,10,True,7.1,2,0.45,0,0
2000-12-09,0,2,10,True,4.2,1,0.64,1,0
2000-12-10,0,2,10,True,3.55,0,0.67,1,0
2000-12-11,0,2,10,True,8.45,1,0.74,1,0
2000-12-12,0,2,10,True,4.55,1,0.75,1,0
2000-12-13,0,2,10,True,5.6,0,0.98,1,0
2000-12-14,0,2,10,True,6.45,0,1.0,1,0
2000-12-15,0,2,10,True,7.65,7,1.0,1,0
2000-12-16,0,2,10,True,14.0,4,0.73,1,0
2000-12-17,0,2,10,True,11.45,3,0.94,1,0
2000-12-18,0,2,10,True,7.3,2,0.65,0,0
2000-12-19,0,2,10,True,3.5,0,0.77,1,0
2000-12-20,0,2,10,True,3.6,7,0.25,0,0
2000-12-21,0,2,10,True,8.05,0,0.21,0,0
2000-12-22,0,2,10,True,6.85,7,0.32,1,0
2000-12-23,0,2,10,True,5.1,0,0.52,1,0
2000-12-24,0,2,10,True,5.05,7,0.89,1,0
2000-12-25,0,2,10,True,6.5,1,0.92,1,0
2000-12-26,0,2,10,True,6.45,0,0.92,1,0
2000-12-27,0,2,10,True,6.4,0,0.94,1,0
2000-12-28,0,2,10,True,6.6,0,0.98,1,0
2000-12-29,0,2,10,True,6.1,0,0.97,1,0
2000-12-30,0,2,10,True,7.8,6,0.97,1,0
2000-12-31,0,2,10,True,4.15,6,0.96,1,0
2001-01-01,0,2,10,True,6.05,1,0.93,1,0
2001-01-02,0,2,10,True,7.05,1,0.49,1,0
2001-01-03,0,2,10,True,7.75,1,0.08,0,0
2001-01-04,0,2,10,True,7.75,1,0.15,1,0
2001-01-05,0,2,10,True,5.75,0,0.35,1,0
2001-01-06,0,2,10,True,5.2,0,0.48,1,0
2001-01-07,0,2,10,True,6.1,0,0.46,1,0
2001-01-08,0,2,10,True,5.5,0,0.55,1,0
2001-01-09,0,2,10,True,5.35,0,0.96,1,0
2001-01-10,0,2,10,True,7.1,7,0.94,1,0
2001-01-11,0,2,10,True,8.65,0,0.99,1,0
2001-01-12,0,2,10,True,6.9,0,1.0,1,0
2001-01-13,0,2,10,True,8.3,1,0.9,1,0
2001-01-14,0,2,10,True,6.9,1,0.94,1,0
2001-01-15,0,2,10,True,4.4,1,0.82,1,0
2000-08-24,0,3,10,True,5.05,1,0.15,0,0
2000-08-25,0,3,10,True,8.65,0,0.1,0,0
2000-08-26,0,3,10,True,8.55,7,0.79,0,0
2000-08-27,0,3,10,True,5.3,3,0.94,1,0
2000-08-28,0,3,10,True,4.7,6,0.89,1,0
2000-08-29,0,3,10,True,4.75,1,0.22,0,0
2000-08-30,0,3,10,True,7.55,1,0.18,0,0
2000-08-31,0,3,10,True,6.35,1,0.97,1,0
2000-09-01,0,3,10,True,5.05,2,0.96,1,0
2000-09-02,0,3,10,True,4.2,5,1.0,1,0
2000-09-03,0,3,10,True,7.1,2,1.0,1,0
2000-09-04,0,3,10,True,10.5,2,0.84,0,0
2000-09-05,0,3,10,True,7.4,2,0.68,1,0
2000-09-06,0,3,10,True,6.9,2,0.62,1,0
2000-09-07,0,3,10,True,7.6,2,0.3,0,0
2000-09-08,0,3,10,True,7.95,2,0.74,1,0
2000-09-09,0,3,10,True,8.1,1,0.97,1,0
2000-09-10,0,3,10,True,9.25,1,0.95,1,0
2000-09-11,0,3,10,True,8.45,0,0.54,0,0
2000-09-12,0,3,10,True,8.55,1,0.99,1,0
2000-09-13,0,3,10,True,7.4,0,0.97,1,0
2000-09-14,0,3,10,True,8.2,0,0.97,1,0
2000-09-15,0,3,10,True,6.25,5,0.98,1,0
2000-09-16,0,3,10,True,6.05,4,0.74,0,0
2000-09-17,0,3,10,True,7.45,2,0.45,0,0
2000-09-18,0,3,10,True,9.95,1,0.09,0,0
2000-09-19,0,3,10,True,6.8,1,0.23,0,0
2000-09-20,0,3,10,True,8.5,1,0.2,0,0
2000-09-21,0,3,10,True,6.7,0,0.1,0,0
2000-09-22,0,3,10,True,4.85,8,0.79,1,0
2000-09-23,0,3,10,True,8.05,1,0.24,0,0
2000-09-24,0,3,10,True,7.7,6,0.56,1,0
2000-09-25,0,3,10,True,9.85,4,0.4,0,0
2000-09-26,0,3,10,True,9.15,2,0.18,0,0
2000-09-27,0,3,10,True,9.2,2,0.77,0,0
2000-09-28,0,3,10,True,9.8,1,0.94,1,0
2000-09-29,0,3,10,True,7.95,1,0.83,1,0
2000-09-30,0,3,10,True,6.65,1,0.53,1,0
2000-10-01,0,3,10,True,5.2,1,0.22,1,0
2000-10-02,0,3,10,True,4.6,1,0.08,0,0
2000-10-03,0,3,10,True,4.95,0,0.11,0,0
2000-10-04,0,3,10,True,8.3,7,0.43,1,0
2000-10-05,0,3,10,True,7.2,5,0.88,1,0
2000-10-06,0,3,10,True,5.4,4,0.06,0,0
2000-10-07,0,3,10,True,5.1,3,0.0,0,0
2000-10-08,0,3,10,True,8.85,2,0.0,0,0
2000-10-09,0,3,10,True,8.1,1,0.27,1,0
2000-10-10,0,3,10,True,6.7,0,0.97,1,0
2000-10-11,0,3,10,True,4.75,0,0.98,1,0
2000-10-12,0,3,10,True,5.8,0,0.66,1,0
2000-10-13,0,3,10,True,6.5,1,0.88,1,0
2000-10-14,0,3,10,True,6.5,2,0.48,0,0
2000-10-15,0,3,10,True,9.8,2,0.2,1,0
2000-10-16,0,3,10,True,10.3,2,0.87,0,0
2000-10-17,0,3,10,True,8.65,1,0.7,0,0
2000-10-18,0,3,10,True,7.3,2,0.33,0,0
2000-10-19,0,3,10,True,8.5,1,0.62,0,0
2000-10-20,0,3,10,True,7.65,2,0.64,0,0
2000-10-21,0,3,10,True,3.6,3,0.06,0,0
2000-10-22,0,3,10,True,8.65,2,0.12,0,0
2000-10-23,0,3,10,True,10.75,1,0.68,1,0
2000-10-24,0,3,10,True,3.55,0,0.96,0,0
2000-10-25,0,3,10,True,5.85,1,0.97,1,0
2000-10-26,0,3,10,True,6.5,1,0.67,1,0
2000-10-27,0,3,10,True,7.35,5,0.94,1,0
2000-10-28,0,3,10,True,6.55,4,0.73,0,0
2000-10-29,0,3,10,True,9.6,2,0.54,0,0
2000-10-30,0,3,10,True,9.6,2,0.3,0,0
2000-10-31,0,3,10,True,7.2,1,0.7,0,0
2000-11-01,0,3,10,True,7.75,1,0.32,1,0
2000-11-02,0,3,10,True,6.5,1,0.77,1,0
2000-11-03,0,3,10,True,2.75,6,0.89,1,0
2000-11-04,0,3,10,True,6.1,2,0.71,1,0
2000-11-05,0,3,10,True,5.35,1,0.91,1,0
2000-11-06,0,3,10,True,8.1,2,0.98,1,0
2000-11-07,0,3,10,True,9.2,2,0.76,1,0
2000-11-08,0,3,10,True,9.7,1,0.42,0,0
2000-11-09,0,3,10,True,8.3,1,0.4,0,0
2000-11-10,0,3,10,True,6.95,1,0.52,1,0
2000-11-11,0,3,10,True,7.9,1,0.93,1,0
2000-11-12,0,3,10,True,7.65,1,0.96,1,0
2000-11-13,0,3,10,True,5.9,0,0.96,1,0
2000-11-14,0,3,10,True,8.7,5,0.68,1,0
2000-11-15,0,3,10,True,8.2,4,0.42,0,0
2000-11-16,0,3,10,True,6.35,3,0.12,0,0
2000-11-17,0,3,10,True,7.75,2,0.47,1,0
2000-11-18,0,3,10,True,5.65,1,0.76,1,0
2000-11-19,0,3,10,True,7.0,0,0.65,1,0
2000-11-20,0,3,10,True,6.0,0,0.78,1,0
2000-11-21,0,3,10,True,5.55,2,0.81,1,0
2000-11-22,0,3,10,True,6.9,1,0.53,1,0
2000-11-23,0,3,10,True,6.2,1,0.44,1,0
2000-11-24,0,3,10,True,6.3,0,0.7,1,0
2000-11-25,0,3,10,True,4.45,7,0.99,1,0
2000-11-26,0,3,10,True,7.5,1,0.7,1,0
2000-11-27,0,3,10,True,6.35,1,0.33,1,0
2000-11-28,0,3,10,True,5.55,0,0.22,1,0
2000-11-29,0,3,10,True,9.2,6,0.97,1,0
2000-11-30,0,3,10,True,6.0,5,0.78,1,0
2000-12-01,0,3,10,True,9.25,2,0.68,1,0
2000-12-02,0,3,10,True,8.15,1,0.77,1,0
2000-12-03,0,3,10,True,4.15,7,0.52,1,0
2000-12-04,0,3,10,True,6.35,6,0.95,1,0
2000-12-05,0,3,10,True,8.3,5,0.54,1,0
2000-12-06,0,3,10,True,6.5,3,0.69,0,0
2000-12-07,0,3,10,True,8.7,2,0.55,0,0
2000-12-08,0,3,10,True,7.1,2,0.45,0,0
2000-12-09,0,3,10,True,4.2,1,0.64,1,0
2000-12-10,0,3,10,True,3.55,0,0.67,1,0
2000-12-11,0,3,10,True,8.45,1,0.74,1,0
2000-12-12,0,3,10,True,4.55,1,0.75,1,0
2000-12-13,0,3,10,True,5.6,0,0.98,1,0
2000-12-14,0,3,10,True,6.45,0,1.0,1,0
2000-12-15,0,3,10,True,7.65,7,1.0,1,0
2000-12-16,0,3,10,True,14.0,4,0.73,1,0
2000-12-17,0,3,10,True,11.45,3,0.94,1,0
2000-12-18,0,3,10,True,7.3,2,0.65,0,0
2000-12-19,0,3,10,True,3.5,0,0.77,1,0
2000-12-20,0,3,10,True,3.6,7,0.25,0,0
2000-12-21,0,3,10,True,8.05,0,0.21,0,0
2000-12-22,0,3,10,True,6.85,7,0.32,1,0
2000-12-23,0,3,10,True,5.1,0,0.52,1,0
2000-12-24,0,3,10,True,5.05,7,0.89,1,0
2000-12-25,0,3,10,True,6.5,1,0.92,1,0
2000-12-26,0,3,10,True,6.45,0,0.92,1,0
2000-12-27,0,3,10,True,6.4,0,0.94,1,0
2000-12-28,0,3,10,True,6.6,0,0.98,1,0
2000-12-29,0,3,10,True,6.1,0,0.97,1,0
2000-12-30,0,3,10,True,7.8,6,0.97,1,0
2000-12-31,0,3,10,True,4.15,6,0.96,1,0
2001-01-01,0,3,10,True,6.05,1,0.93,1,0
2001-01-02,0,3,10,True,7.05,1,0.49,1,0
2001-01-03,0,3,10,True,7.75,1,0.08,0,0
2001-01-04,0,3,10,True,7.75,1,0.15,1,0
2001-01-05,0,3,10,True,5.75,0,0.35,1,0
2001-01-06,0,3,10,True,5.2,0,0.48,1,0
2001-01-07,0,3,10,True,6.1,0,0.46,1,0
2001-01-08,0,3,10,True,5.5,0,0.55,1,0
2001-01-09,0,3,10,True,5.35,0,0.96,1,0
2001-01-10,0,3,10,True,7.1,7,0.94,1,0
2001-01-11,0,3,10,True,8.65,0,0.99,1,0
2001-01-12,0,3,10,True,6.9,0,1.0,1,0
2001-01-13,0,3,10,True,8.3,1,0.9,1,0
2001-01-14,0,3,10,True,6.9,1,0.94,1,0
2001-01-15,0,3,10,True,4.4,1,0.82,1,0
2000-08-24,0,4,10,True,5.05,1,0.15,0,0
2000-08-25,0,4,10,True,8.65,0,0.1,0,0
2000-08-26,0,4,10,True,8.55,7,0.79,0,0
2000-08-27,0,4,10,True,5.3,3,0.94,1,0
2000-08-28,0,4,10,True,4.7,6,0.89,1,0
2000-08-29,0,4,10,True,4.75,1,0.22,0,0
2000-08-30,0,4,10,True,7.55,1,0.18,0,0
2000-08-31,0,4,10,True,6.35,1,0.97,1,0
2000-09-01,0,4,10,True,5.05,2,0.96,1,0
2000-09-02,0,4,10,True,4.2,5,1.0,1,0
2000-09-03,0,4,10,True,7.1,2,1.0,1,0
2000-09-04,0,4,10,True,10.5,2,0.84,0,0
2000-09-05,0,4,10,True,7.4,2,0.68,1,0
2000-09-06,0,4,10,True,6.9,2,0.62,1,0
2000-09-07,0,4,10,True,7.6,2,0.3,0,0
2000-09-08,0,4,10,True,7.95,2,0.74,1,0
2000-09-09,0,4,10,True,8.1,1,0.97,1,0
2000-09-10,0,4,10,True,9.25,1,0.95,1,0
2000-09-11,0,4,10,True,8.45,0,0.54,0,0
2000-09-12,0,4,10,True,8.55,1,0.99,1,0
2000-09-13,0,4,10,True,7.4,0,0.97,1,0
2000-09-14,0,4,10,True,8.2,0,0.97,1,0
2000-09-15,0,4,10,True,6.25,5,0.98,1,0
2000-09-16,0,4,10,True,6.05,4,0.74,0,0
2000-09-17,0,4,10,True,7.45,2,0.45,0,0
2000-09-18,0,4,10,True,9.95,1,0.09,0,0
2000-09-19,0,4,10,True,6.8,1,0.23,0,0
2000-09-20,0,4,10,True,8.5,1,0.2,0,0
2000-09-21,0,4,10,True,6.7,0,0.1,0,0
2000-09-22,0,4,10,True,4.85,8,0.79,1,0
2000-09-23,0,4,10,True,8.05,1,0.24,0,0
2000-09-24,0,4,10,True,7.7,6,0.56,1,0
2000-09-25,0,4,10,True,9.85,4,0.4,0,0
2000-09-26,0,4,10,True,9.15,2,0.18,0,0
2000-09-27,0,4,10,True,9.2,2,0.77,0,0
2000-09-28,0,4,10,True,9.8,1,0.94,1,0
2000-09-29,0,4,10,True,7.95,1,0.83,1,0
2000-09-30,0,4,10,True,6.65,1,0.53,1,0
2000-10-01,0,4,10,True,5.2,1,0.22,1,0
2000-10-02,0,4,10,True,4.6,1,0.08,0,0
2000-10-03,0,4,10,True,4.95,0,0.11,0,0
2000-10-04,0,4,10,True,8.3,7,0.43,1,0
2000-10-05,0,4,10,True,7.2,5,0.88,1,0
2000-10-06,0,4,10,True,5.4,4,0.06,0,0
2000-10-07,0,4,10,True,5.1,3,0.0,0,0
2000-10-08,0,4,10,True,8.85,2,0.0,0,0
2000-10-09,0,4,10,True,8.1,1,0.27,1,0
2000-10-10,0,4,10,True,6.7,0,0.97,1,0
2000-10-11,0,4,10,True,4.75,0,0.98,1,0
2000-10-12,0,4,10,True,5.8,0,0.66,1,0
2000-10-13,0,4,10,True,6.5,1,0.88,1,0
2000-10-14,0,4,10,True,6.5,2,0.48,0,0
2000-10-15,0,4,10,True,9.8,2,0.2,1,0
2000-10-16,0,4,10,True,10.3,2,0.87,0,0
2000-10-17,0,4,10,True,8.65,1,0.7,0,0
2000-10-18,0,4,10,True,7.3,2,0.33,0,0
2000-10-19,0,4,10,True,8.5,1,0.62,0,0
2000-10-20,0,4,10,True,7.65,2,0.64,0,0
2000-10-21,0,4,10,True,3.6,3,0.06,0,0
2000-10-22,0,4,10,True,8.65,2,0.12,0,0
2000-10-23,0,4,10,True,10.75,1,0.68,1,0
2000-10-24,0,4,10,True,3.55,0,0.96,0,0
2000-10-25,0,4,10,True,5.85,1,0.97,1,0
2000-10-26,0,4,10,True,6.5,1,0.67,1,0
2000-10-27,0,4,10,True,7.35,5,0.94,1,0
2000-10-28,0,4,10,True,6.55,4,0.73,0,0
2000-10-29,0,4,10,True,9.6,2,0.54,0,0
2000-10-30,0,4,10,True,9.6,2,0.3,0,0
2000-10-31,0,4,10,True,7.2,1,0.7,0,0
2000-11-01,0,4,10,True,7.75,1,0.32,1,0
2000-11-02,0,4,10,True,6.5,1,0.77,1,0
2000-11-03,0,4,10,True,2.75,6,0.89,1,0
2000-11-04,0,4,10,True,6.1,2,0.71,1,0
2000-11-05,0,4,10,True,5.35,1,0.91,1,0
2000-11-06,0,4,10,True,8.1,2,0.98,1,0
2000-11-07,0,4,10,True,9.2,2,0.76,1,0
2000-11-08,0,4,10,True,9.7,1,0.42,0,0
2000-11-09,0,4,10,True,8.3,1,0.4,0,0
2000-11-10,0,4,10,True,6.95,1,0.52,1,0
2000-11-11,0,4,10,True,7.9,1,0.93,1,0
2000-11-12,0,4,10,True,7.65,1,0.96,1,0
2000-11-13,0,4,10,True,5.9,0,0.96,1,0
2000-11-14,0,4,10,True,8.7,5,0.68,1,0
2000-11-15,0,4,10,True,8.2,4,0.42,0,0
2000-11-16,0,4,10,True,6.35,3,0.12,0,0
2000-11-17,0,4,10,True,7.75,2,0.47,1,0
2000-11-18,0,4,10,True,5.65,1,0.76,1,0
2000-11-19,0,4,10,True,7.0,0,0.65,1,0
2000-11-20,0,4,10,True,6.0,0,0.78,1,0
2000-11-21,0,4,10,True,5.55,2,0.81,1,0
2000-11-22,0,4,10,True,6.9,1,0.53,1,0
2000-11-23,0,4,10,True,6.2,1,0.44,1,0
2000-11-24,0,4,10,True,6.3,0,0.7,1,0
2000-11-25,0,4,10,True,4.45,7,0.99,1,0
2000-11-26,0,4,10,True,7.5,1,0.7,1,0
2000-11-27,0,4,10,True,6.35,1,0.33,1,0
2000-11-28,0,4,10,True,5.55,0,0.22,1,0
2000-11-29,0,4,10,True,9.2,6,0.97,1,0
2000-11-30,0,4,10,True,6.0,5,0.78,1,0
2000-12-01,0,4,10,True,9.25,2,0.68,1,0
2000-12-02,0,4,10,True,8.15,1,0.77,1,0
2000-12-03,0,4,10,True,4.15,7,0.52,1,0
2000-12-04,0,4,10,True,6.35,6,0.95,1,0
2000-12-05,0,4,10,True,8.3,5,0.54,1,0
2000-12-06,0,4,10,True,6.5,3,0.69,0,0
2000-12-07,0,4,10,True,8.7,2,0.55,0,0
2000-12-08,0,4,10,True,7.1,2,0.45,0,0
2000-12-09,0,4,10,True,4.2,1,0.64,1,0
2000-12-10,0,4,10,True,3.55,0,0.67,1,0
2000-12-11,0,4,10,True,8.45,1,0.74,1,0
2000-12-12,0,4,10,True,4.55,1,0.75,1,0
2000-12-13,0,4,10,True,5.6,0,0.98,1,0
2000-12-14,0,4,10,True,6.45,0,1.0,1,0
2000-12-15,0,4,10,True,7.65,7,1.0,1,0
2000-12-16,0,4,10,True,14.0,4,0.73,1,0
2000-12-17,0,4,10,True,11.45,3,0.94,1,0
2000-12-18,0,4,10,True,7.3,2,0.65,0,0
2000-12-19,0,4,10,True,3.5,0,0.77,1,0
2000-12-20,0,4,10,True,3.6,7,0.25,0,0
2000-12-21,0,4,10,True,8.05,0,0.21,0,0
2000-12-22,0,4,10,True,6.85,7,0.32,1,0
2000-12-23,0,4,10,True,5.1,0,0.52,1,0
2000-12-24,0,4,10,True,5.05,7,0.89,1,0
2000-12-25,0,4,10,True,6.5,1,0.92,1,0
2000-12-26,0,4,10,True,6.45,0,0.92,1,0
2000-12-27,0,4,10,True,6.4,0,0.94,1,0
2000-12-28,0,4,10,True,6.6,0,0.98,1,0
2000-12-29,0,4,10,True,6.1,0,0.97,1,0
2000-12-30,0,4,10,True,7.8,6,0.97,1,0
2000-12-31,0,4,10,True,4.15,6,0.96,1,0
2001-01-01,0,4,10,True,6.05,1,0.93,1,0
2001-01-02,0,4,10,True,7.05,1,0.49,1,0
2001-01-03,0,4,10,True,7.75,1,0.08,0,0
2001-01-04,0,4,10,True,7.75,1,0.15,1,0
2001-01-05,0,4,10,True,5.75,0,0.35,1,0
2001-01-06,0,4,10,True,5.2,0,0.48,1,0
2001-01-07,0,4,10,True,6.1,0,0.46,1,0
2001-01-08,0,4,10,True,5.5,0,0.55,1,0
2001-01-09,0,4,10,True,5.35,0,0.96,1,0
2001-01-10,0,4,10,True,7.1,7,0.94,1,0
2001-01-11,0,4,10,True,8.65,0,0.99,1,0
2001-01-12,0,4,10,True,6.9,0,1.0,1,0
2001-01-13,0,4,10,True,8.3,1,0.9,1,0
2001-01-14,0,4,10,True,6.9,1,0.94,1,0
2001-01-15,0,4,10,True,4.4,1,0.82,1,0
2000-08-24,1,0,10,True,5.05,1,0.15,0,0
2000-08-25,1,0,10,True,8.65,0,0.1,0,0
2000-08-26,1,0,10,True,8.55,7,0.79,0,0
2000-08-27,1,0,10,True,5.3,3,0.94,1,0
2000-08-28,1,0,10,True,4.7,6,0.89,1,0
2000-08-29,1,0,10,True,4.75,1,0.22,0,0
2000-08-30,1,0,10,True,7.55,1,0.18,0,0
2000-08-31,1,0,10,True,6.35,1,0.97,1,0
2000-09-01,1,0,10,True,5.05,2,0.96,1,0
2000-09-02,1,0,10,True,4.2,5,1.0,1,0
2000-09-03,1,0,10,True,7.1,2,1.0,1,0
2000-09-04,1,0,10,True,10.5,2,0.84,0,0
2000-09-05,1,0,10,True,7.4,2,0.68,1,0
2000-09-06,1,0,10,True,6.9,2,0.62,1,0
2000-09-07,1,0,10,True,7.6,2,0.3,0,0
2000-09-08,1,0,10,True,7.95,2,0.74,1,0
2000-09-09,1,0,10,True,8.1,1,0.97,1,0
2000-09-10,1,0,10,True,9.25,1,0.95,1,0
2000-09-11,1,0,10,True,8.45,0,0.54,0,0
2000-09-12,1,0,10,True,8.55,1,0.99,1,0
2000-09-13,1,0,10,True,7.4,0,0.97,1,0
2000-09-14,1,0,10,True,8.2,0,0.97,1,0
2000-09-15,1,0,10,True,6.25,5,0.98,1,0
2000-09-16,1,0,10,True,6.05,4,0.74,0,0
2000-09-17,1,0,10,True,7.45,2,0.45,0,0
2000-09-18,1,0,10,True,9.95,1,0.09,0,0
2000-09-19,1,0,10,True,6.8,1,0.23,0,0
2000-09-20,1,0,10,True,8.5,1,0.2,0,0
2000-09-21,1,0,10,True,6.7,0,0.1,0,0
2000-09-22,1,0,10,True,4.85,8,0.79,1,0
2000-09-23,1,0,10,True,8.05,1,0.24,0,0
2000-09-24,1,0,10,True,7.7,6,0.56,1,0
2000-09-25,1,0,10,True,9.85,4,0.4,0,0
2000-09-26,1,0,10,True,9.15,2,0.18,0,0
2000-09-27,1,0,10,True,9.2,2,0.77,0,0
2000-09-28,1,0,10,True,9.8,1,0.94,1,0
2000-09-29,1,0,10,True,7.95,1,0.83,1,0
2000-09-30,1,0,10,True,6.65,1,0.53,1,0
2000-10-01,1,0,10,True,5.2,1,0.22,1,0
2000-10-02,1,0,10,True,4.6,1,0.08,0,0
2000-10-03,1,0,10,True,4.95,0,0.11,0,0
2000-10-04,1,0,10,True,8.3,7,0.43,1,0
2000-10-05,1,0,10,True,7.2,5,0.88,1,0
2000-10-06,1,0,10,True,5.4,4,0.06,0,0
2000-10-07,1,0,10,True,5.1,3,0.0,0,0
2000-10-08,1,0,10,True,8.85,2,0.0,0,0
2000-10-09,1,0,10,True,8.1,1,0.27,1,0
2000-10-10,1,0,10,True,6.7,0,0.97,1,0
2000-10-11,1,0,10,True,4.75,0,0.98,1,0
2000-10-12,1,0,10,True,5.8,0,0.66,1,0
2000-10-13,1,0,10,True,6.5,1,0.88,1,0
2000-10-14,1,0,10,True,6.5,2,0.48,0,0
2000-10-15,1,0,10,True,9.8,2,0.2,1,0
2000-10-16,1,0,10,True,10.3,2,0.87,0,0
2000-10-17,1,0,10,True,8.65,1,0.7,0,0
2000-10-18,1,0,10,True,7.3,2,0.33,0,0
2000-10-19,1,0,10,True,8.5,1,0.62,0,0
2000-10-20,1,0,10,True,7.65,2,0.64,0,0
2000-10-21,1,0,10,True,3.6,3,0.06,0,0
2000-10-22,1,0,10,True,8.65,2,0.12,0,0
2000-10-23,1,0,10,True,10.75,1,0.68,1,0
2000-10-24,1,0,10,True,3.55,0,0.96,0,0
2000-10-25,1,0,10,True,5.85,1,0.97,1,0
2000-10-26,1,0,10,True,6.5,1,0.67,1,0
2000-10-27,1,0,10,True,7.35,5,0.94,1,0
2000-10-28,1,0,10,True,6.55,4,0.73,0,0
2000-10-29,1,0,10,True,9.6,2,0.54,0,0
2000-10-30,1,0,10,True,9.6,2,0.3,0,0
2000-10-31,1,0,10,True,7.2,1,0.7,0,0
2000-11-01,1,0,10,True,7.75,1,0.32,1,0
2000-11-02,1,0,10,True,6.5,1,0.77,1,0
2000-11-03,1,0,10,True,2.75,6,0.89,1,0
2000-11-04,1,0,10,True,6.1,2,0.71,1,0
2000-11-05,1,0,10,True,5.35,1,0.91,1,0
2000-11-06,1,0,10,True,8.1,2,0.98,1,0
2000-11-07,1,0,10,True,9.2,2,0.76,1,0
2000-11-08,1,0,10,True,9.7,1,0.42,0,0
2000-11-09,1,0,10,True,8.3,1,0.4,0,0
2000-11-10,1,0,10,True,6.95,1,0.52,1,0
2000-11-11,1,0,10,True,7.9,1,0.93,1,0
2000-11-12,1,0,10,True,7.65,1,0.96,1,0
2000-11-13,1,0,10,True,5.9,0,0.96,1,0
2000-11-14,1,0,10,True,8.7,5,0.68,1,0
2000-11-15,1,0,10,True,8.2,4,0.42,0,0
2000-11-16,1,0,10,True,6.35,3,0.12,0,0
2000-11-17,1,0,10,True,7.75,2,0.47,1,0
2000-11-18,1,0,10,True,5.65,1,0.76,1,0
2000-11-19,1,0,10,True,7.0,0,0.65,1,0
2000-11-20,1,0,10,True,6.0,0,0.78,1,0
2000-11-21,1,0,10,True,5.55,2,0.81,1,0
2000-11-22,1,0,10,True,6.9,1,0.53,1,0
2000-11-23,1,0,10,True,6.2,1,0.44,1,0
2000-11-24,1,0,10,True,6.3,0,0.7,1,0
2000-11-25,1,0,10,True,4.45,7,0.99,1,0
2000-11-26,1,0,10,True,7.5,1,0.7,1,0
2000-11-27,1,0,10,True,6.35,1,0.33,1,0
2000-11-28,1,0,10,True,5.55,0,0.22,1,0
2000-11-29,1,0,10,True,9.2,6,0.97,1,0
2000-11-30,1,0,10,True,6.0,5,0.78,1,0
2000-12-01,1,0,10,True,9.25,2,0.68,1,0
2000-12-02,1,0,10,True,8.15,1,0.77,1,0
2000-12-03,1,0,10,True,4.15,7,0.52,1,0
2000-12-04,1,0,10,True,6.35,6,0.95,1,0
2000-12-05,1,0,10,True,8.3,5,0.54,1,0
2000-12-06,1,0,10,True,6.5,3,0.69,0,0
2000-12-07,1,0,10,True,8.7,2,0.55,0,0
2000-12-08,1,0,10,True,7.1,2,0.45,0,0
2000-12-09,1,0,10,True,4.2,1,0.64,1,0
2000-12-10,1,0,10,True,3.55,0,0.67,1,0
2000-12-11,1,0,10,True,8.45,1,0.74,1,0
2000-12-12,1,0,10,True,4.55,1,0.75,1,0
2000-12-13,1,0,10,True,5.6,0,0.98,1,0
2000-12-14,1,0,10,True,6.45,0,1.0,1,0
2000-12-15,1,0,10,True,7.65,7,1.0,1,0
2000-12-16,1,0,10,True,14.0,4,0.73,1,0
2000-12-17,1,0,10,True,11.45,3,0.94,1,0
2000-12-18,1,0,10,True,7.3,2,0.65,0,0
2000-12-19,1,0,10,True,3.5,0,0.77,1,0
2000-12-20,1,0,10,True,3.6,7,0.25,0,0
2000-12-21,1,0,10,True,8.05,0,0.21,0,0
2000-12-22,1,0,10,True,6.85,7,0.32,1,0
2000-12-23,1,0,10,True,5.1,0,0.52,1,0
2000-12-24,1,0,10,True,5.05,7,0.89,1,0
2000-12-25,1,0,10,True,6.5,1,0.92,1,0
2000-12-26,1,0,10,True,6.45,0,0.92,1,0
2000-12-27,1,0,10,True,6.4,0,0.94,1,0
2000-12-28,1,0,10,True,6.6,0,0.98,1,0
2000-12-29,1,0,10,True,6.1,0,0.97,1,0
2000-12-30,1,0,10,True,7.8,6,0.97,1,0
2000-12-31,1,0,10,True,4.15,6,0.96,1,0
2001-01-01,1,0,10,True,6.05,1,0.93,1,0
2001-01-02,1,0,10,True,7.05,1,0.49,1,0
2001-01-03,1,0,10,True,7.75,1,0.08,0,0
2001-01-04,1,0,10,True,7.75,1,0.15,1,0
2001-01-05,1,0,10,True,5.75,0,0.35,1,0
2001-01-06,1,0,10,True,5.2,0,0.48,1,0
2001-01-07,1,0,10,True,6.1,0,0.46,1,0
2001-01-08,1,0,10,True,5.5,0,0.55,1,0
2001-01-09,1,0,10,True,5.35,0,0.96,1,0
2001-01-10,1,0,10,True,7.1,7,0.94,1,0
2001-01-11,1,0,10,True,8.65,0,0.99,1,0
2001-01-12,1,0,10,True,6.9,0,1.0,1,0
2001-01-13,1,0,10,True,8.3,1,0.9,1,0
2001-01-14,1,0,10,True,6.9,1,0.94,1,0
2001-01-15,1,0,10,True,4.4,1,0.82,1,0
2000-08-24,1,1,10,True,5.05,1,0.15,0,0
2000-08-25,1,1,10,True,8.65,0,0.1,0,0
2000-08-26,1,1,10,True,8.55,7,0.79,0,0
2000-08-27,1,1,10,True,5.3,3,0.94,1,0
2000-08-28,1,1,10,True,4.7,6,0.89,1,0
2000-08-29,1,1,10,True,4.75,1,0.22,0,0
2000-08-30,1,1,10,True,7.55,1,0.18,0,0
2000-08-31,1,1,10,True,6.35,1,0.97,1,0
2000-09-01,1,1,10,True,5.05,2,0.96,1,0
2000-09-02,1,1,10,True,4.2,5,1.0,1,0
2000-09-03,1,1,10,True,7.1,2,1.0,1,0
2000-09-04,1,1,10,True,10.5,2,0.84,0,0
2000-09-05,1,1,10,True,7.4,2,0.68,1,0
2000-09-06,1,1,10,True,6.9,2,0.62,1,0
2000-09-07,1,1,10,True,7.6,2,0.3,0,0
2000-09-08,1,1,10,True,7.95,2,0.74,1,0
2000-09-09,1,1,10,True,8.1,1,0.97,1,0
2000-09-10,1,1,10,True,9.25,1,0.95,1,0
2000-09-11,1,1,10,True,8.45,0,0.54,0,0
2000-09-12,1,1,10,True,8.55,1,0.99,1,0
2000-09-13,1,1,10,True,7.4,0,0.97,1,0
2000-09-14,1,1,10,True,8.2,0,0.97,1,0
2000-09-15,1,1,10,True,6.25,5,0.98,1,0
2000-09-16,1,1,10,True,6.05,4,0.74,0,0
2000-09-17,1,1,10,True,7.45,2,0.45,0,0
2000-09-18,1,1,10,True,9.95,1,0.09,0,0
2000-09-19,1,1,10,True,6.8,1,0.23,0,0
2000-09-20,1,1,10,True,8.5,1,0.2,0,0
2000-09-21,1,1,10,True,6.7,0,0.1,0,0
2000-09-22,1,1,10,True,4.85,8,0.79,1,0
2000-09-23,1,1,10,True,8.05,1,0.24,0,0
2000-09-24,1,1,10,True,7.7,6,0.56,1,0
2000-09-25,1,1,10,True,9.85,4,0.4,0,0
2000-09-26,1,1,10,True,9.15,2,0.18,0,0
2000-09-27,1,1,10,True,9.2,2,0.77,0,0
2000-09-28,1,1,10,True,9.8,1,0.94,1,0
2000-09-29,1,1,10,True,7.95,1,0.83,1,0
2000-09-30,1,1,10,True,6.65,1,0.53,1,0
2000-10-01,1,1,10,True,5.2,1,0.22,1,0
2000-10-02,1,1,10,True,4.6,1,0.08,0,0
2000-10-03,1,1,10,True,4.95,0,0.11,0,0
2000-10-04,1,1,10,True,8.3,7,0.43,1,0
2000-10-05,1,1,10,True,7.2,5,0.88,1,0
2000-10-06,1,1,10,True,5.4,4,0.06,0,0
2000-10-07,1,1,10,True,5.1,3,0.0,0,0
2000-10-08,1,1,10,True,8.85,2,0.0,0,0
2000-10-09,1,1,10,True,8.1,1,0.27,1,0
2000-10-10,1,1,10,True,6.7,0,0.97,1,0
2000-10-11,1,1,10,True,4.75,0,0.98,1,0
2000-10-12,1,1,10,True,5.8,0,0.66,1,0
2000-10-13,1,1,10,True,6.5,1,0.88,1,0
2000-10-14,1,1,10,True,6.5,2,0.48,0,0
2000-10-15,1,1,10,True,9.8,2,0.2,1,0
2000-10-16,1,1,10,True,10.3,2,0.87,0,0
2000-10-17,1,1,10,True,8.65,1,0.7,0,0
2000-10-18,1,1,10,True,7.3,2,0.33,0,0
2000-10-19,1,1,10,True,8.5,1,0.62,0,0
2000-10-20,1,1,10,True,7.65,2,0.64,0,0
2000-10-21,1,1,10,True,3.6,3,0.06,0,0
2000-10-22,1,1,10,True,8.65,2,0.12,0,0
2000-10-23,1,1,10,True,10.75,1,0.68,1,0
2000-10-24,1,1,10,True,3.55,0,0.96,0,0
2000-10-25,1,1,10,True,5.85,1,0.97,1,0
2000-10-26,1,1,10,True,6.5,1,0.67,1,0
2000-10-27,1,1,10,True,7.35,5,0.94,1,0
2000-10-28,1,1,10,True,6.55,4,0.73,0,0
2000-10-29,1,1,10,True,9.6,2,0.54,0,0
2000-10-30,1,1,10,True,9.6,2,0.3,0,0
2000-10-31,1,1,10,True,7.2,1,0.7,0,0
2000-11-01,1,1,10,True,7.75,1,0.32,1,0
2000-11-02,1,1,10,True,6.5,1,0.77,1,0
2000-11-03,1,1,10,True,2.75,6,0.89,1,0
2000-11-04,1,1,10,True,6.1,2,0.71,1,0
2000-11-05,1,1,10,True,5.35,1,0.91,1,0
2000-11-06,1,1,10,True,8.1,2,0.98,1,0
2000-11-07,1,1,10,True,9.2,2,0.76,1,0
2000-11-08,1,1,10,True,9.7,1,0.42,0,0
2000-11-09,1,1,10,True,8.3,1,0.4,0,0
2000-11-10,1,1,10,True,6.95,1,0.52,1,0
2000-11-11,1,1,10,True,7.9,1,0.93,1,0
2000-11-12,1,1,10,True,7.65,1,0.96,1,0
2000-11-13,1,1,10,True,5.9,0,0.96,1,0
2000-11-14,1,1,10,True,8.7,5,0.68,1,0
2000-11-15,1,1,10,True,8.2,4,0.42,0,0
2000-11-16,1,1,10,True,6.35,3,0.12,0,0
2000-11-17,1,1,10,True,7.75,2,0.47,1,0
2000-11-18,1,1,10,True,5.65,1,0.76,1,0
2000-11-19,1,1,10,True,7.0,0,0.65,1,0
2000-11-20,1,1,10,True,6.0,0,0.78,1,0
2000-11-21,1,1,10,True,5.55,2,0.81,1,0
2000-11-22,1,1,10,True,6.9,1,0.53,1,0
2000-11-23,1,1,10,True,6.2,1,0.44,1,0
2000-11-24,1,1,10,True,6.3,0,0.7,1,0
2000-11-25,1,1,10,True,4.45,7,0.99,1,0
2000-11-26,1,1,10,True,7.5,1,0.7,1,0
2000-11-27,1,1,10,True,6.35,1,0.33,1,0
2000-11-28,1,1,10,True,5.55,0,0.22,1,0
2000-11-29,1,1,10,True,9.2,6,0.97,1,0
2000-11-30,1,1,10,True,6.0,5,0.78,1,0
2000-12-01,1,1,10,True,9.25,2,0.68,1,0
2000-12-02,1,1,10,True,8.15,1,0.77,1,0
2000-12-03,1,1,10,True,4.15,7,0.52,1,0
2000-12-04,1,1,10,True,6.35,6,0.95,1,0
2000-12-05,1,1,10,True,8.3,5,0.54,1,0
2000-12-06,1,1,10,True,6.5,3,0.69,0,0
2000-12-07,1,1,10,True,8.7,2,0.55,0,0
2000-12-08,1,1,10,True,7.1,2,0.45,0,0
2000-12-09,1,1,10,True,4.2,1,0.64,1,0
2000-12-10,1,1,10,True,3.55,0,0.67,1,0
2000-12-11,1,1,10,True,8.45,1,0.74,1,0
2000-12-12,1,1,10,True,4.55,1,0.75,1,0
2000-12-13,1,1,10,True,5.6,0,0.98,1,0
2000-12-14,1,1,10,True,6.45,0,1.0,1,0
2000-12-15,1,1,10,True,7.65,7,1.0,1,0
2000-12-16,1,1,10,True,14.0,4,0.73,1,0
2000-12-17,1,1,10,True,11.45,3,0.94,1,0
2000-12-18,1,1,10,True,7.3,2,0.65,0,0
2000-12-19,1,1,10,True,3.5,0,0.77,1,0
2000-12-20,1,1,10,True,3.6,7,0.25,0,0
2000-12-21,1,1,10,True,8.05,0,0.21,0,0
2000-12-22,1,1,10,True,6.85,7,0.32,1,0
2000-12-23,1,1,10,True,5.1,0,0.52,1,0
2000-12-24,1,1,10,True,5.05,7,0.89,1,0
2000-12-25,1,1,10,True,6.5,1,0.92,1,0
2000-12-26,1,1,10,True,6.45,0,0.92,1,0
2000-12-27,1,1,10,True,6.4,0,0.94,1,0
2000-12-28,1,1,10,True,6.6,0,0.98,1,0
2000-12-29,1,1,10,True,6.1,0,0.97,1,0
2000-12-30,1,1,10,True,7.8,6,0.97,1,0
2000-12-31,1,1,10,True,4.15,6,0.96,1,0
2001-01-01,1,1,10,True,6.05,1,0.93,1,0
2001-01-02,1,1,10,True,7.05,1,0.49,1,0
2001-01-03,1,1,10,True,7.75,1,0.08,0,0
2001-01-04,1,1,10,True,7.75,1,0.15,1,0
2001-01-05,1,1,10,True,5.75,0,0.35,1,0
2001-01-06,1,1,10,True,5.2,0,0.48,1,0
2001-01-07,1,1,10,True,6.1,0,0.46,1,0
2001-01-08,1,1,10,True,5.5,0,0.55,1,0
2001-01-09,1,1,10,True,5.35,0,0.96,1,0
2001-01-10,1,1,10,True,7.1,7,0.94,1,0
2001-01-11,1,1,10,True,8.65,0,0.99,1,0
2001-01-12,1,1,10,True,6.9,0,1.0,1,0
2001-01-13,1,1,10,True,8.3,1,0.9,1,0
2001-01-14,1,1,10,True,6.9,1,0.94,1,0
2001-01-15,1,1,10,True,4.4,1,0.82,1,0
2000-08-24,1,2,10,True,5.05,1,0.15,0,0
2000-08-25,1,2,10,True,8.65,0,0.1,0,0
2000-08-26,1,2,10,True,8.55,7,0.79,0,0
2000-08-27,1,2,10,True,5.3,3,0.94,1,0
2000-08-28,1,2,10,True,4.7,6,0.89,1,0
2000-08-29,1,2,10,True,4.75,1,0.22,0,0
2000-08-30,1,2,10,True,7.55,1,0.18,0,0
2000-08-31,1,2,10,True,6.35,1,0.97,1,0
2000-09-01,1,2,10,True,5.05,2,0.96,1,0
2000-09-02,1,2,10,True,4.2,5,1.0,1,0
2000-09-03,1,2,10,True,7.1,2,1.0,1,0
2000-09-04,1,2,10,True,10.5,2,0.84,0,0
2000-09-05,1,2,10,True,7.4,2,0.68,1,0
2000-09-06,1,2,10,True,6.9,2,0.62,1,0
2000-09-07,1,2,10,True,7.6,2,0.3,0,0
2000-09-08,1,2,10,True,7.95,2,0.74,1,0
2000-09-09,1,2,10,True,8.1,1,0.97,1,0
2000-09-10,1,2,10,True,9.25,1,0.95,1,0
2000-09-11,1,2,10,True,8.45,0,0.54,0,0
2000-09-12,1,2,10,True,8.55,1,0.99,1,0
2000-09-13,1,2,10,True,7.4,0,0.97,1,0
2000-09-14,1,2,10,True,8.2,0,0.97,1,0
2000-09-15,1,2,10,True,6.25,5,0.98,1,0
2000-09-16,1,2,10,True,6.05,4,0.74,0,0
2000-09-17,1,2,10,True,7.45,2,0.45,0,0
2000-09-18,1,2,10,True,9.95,1,0.09,0,0
2000-09-19,1,2,10,True,6.8,1,0.23,0,0
2000-09-20,1,2,10,True,8.5,1,0.2,0,0
2000-09-21,1,2,10,True,6.7,0,0.1,0,0
2000-09-22,1,2,10,True,4.85,8,0.79,1,0
2000-09-23,1,2,10,True,8.05,1,0.24,0,0
2000-09-24,1,2,10,True,7.7,6,0.56,1,0
2000-09-25,1,2,10,True,9.85,4,0.4,0,0
2000-09-26,1,2,10,True,9.15,2,0.18,0,0
2000-09-27,1,2,10,True,9.2,2,0.77,0,0
2000-09-28,1,2,10,True,9.8,1,0.94,1,0
2000-09-29,1,2,10,True,7.95,1,0.83,1,0
2000-09-30,1,2,10,True,6.65,1,0.53,1,0
2000-10-01,1,2,10,True,5.2,1,0.22,1,0
2000-10-02,1,2,10,True,4.6,1,0.08,0,0
2000-10-03,1,2,10,True,4.95,0,0.11,0,0
2000-10-04,1,2,10,True,8.3,7,0.43,1,0
2000-10-05,1,2,10,True,7.2,5,0.88,1,0
2000-10-06,1,2,10,True,5.4,4,0.06,0,0
2000-10-07,1,2,10,True,5.1,3,0.0,0,0
2000-10-08,1,2,10,True,8.85,2,0.0,0,0
2000-10-09,1,2,10,True,8.1,1,0.27,1,0
2000-10-10,1,2,10,True,6.7,0,0.97,1,0
2000-10-11,1,2,10,True,4.75,0,0.98,1,0
2000-10-12,1,2,10,True,5.8,0,0.66,1,0
2000-10-13,1,2,10,True,6.5,1,0.88,1,0
2000-10-14,1,2,10,True,6.5,2,0.48,0,0
2000-10-15,1,2,10,True,9.8,2,0.2,1,0
2000-10-16,1,2,10,True,10.3,2,0.87,0,0
2000-10-17,1,2,10,True,8.65,1,0.7,0,0
2000-10-18,1,2,10,True,7.3,2,0.33,0,0
2000-10-19,1,2,10,True,8.5,1,0.62,0,0
2000-10-20,1,2,10,True,7.65,2,0.64,0,0
2000-10-21,1,2,10,True,3.6,3,0.06,0,0
2000-10-22,1,2,10,True,8.65,2,0.12,0,0
2000-10-23,1,2,10,True,10.75,1,0.68,1,0
2000-10-24,1,2,10,True,3.55,0,0.96,0,0
2000-10-25,1,2,10,True,5.85,1,0.97,1,0
2000-10-26,1,2,10,True,6.5,1,0.67,1,0
2000-10-27,1,2,10,True,7.35,5,0.94,1,0
2000-10-28,1,2,10,True,6.55,4,0.73,0,0
2000-10-29,1,2,10,True,9.6,2,0.54,0,0
2000-10-30,1,2,10,True,9.6,2,0.3,0,0
2000-10-31,1,2,10,True,7.2,1,0.7,0,0
2000-11-01,1,2,10,True,7.75,1,0.32,1,0
2000-11-02,1,2,10,True,6.5,1,0.77,1,0
2000-11-03,1,2,10,True,2.75,6,0.89,1,0
2000-11-04,1,2,10,True,6.1,2,0.71,1,0
2000-11-05,1,2,10,True,5.35,1,0.91,1,0
2000-11-06,1,2,10,True,8.1,2,0.98,1,0
2000-11-07,1,2,10,True,9.2,2,0.76,1,0
2000-11-08,1,2,10,True,9.7,1,0.42,0,0
2000-11-09,1,2,10,True,8.3,1,0.4,0,0
2000-11-10,1,2,10,True,6.95,1,0.52,1,0
2000-11-11,1,2,10,True,7.9,1,0.93,1,0
2000-11-12,1,2,10,True,7.65,1,0.96,1,0
2000-11-13,1,2,10,True,5.9,0,0.96,1,0
2000-11-14,1,2,10,True,8.7,5,0.68,1,0
2000-11-15,1,2,10,True,8.2,4,0.42,0,0
2000-11-16,1,2,10,True,6.35,3,0.12,0,0
2000-11-17,1,2,10,True,7.75,2,0.47,1,0
2000-11-18,1,2,10,True,5.65,1,0.76,1,0
2000-11-19,1,2,10,True,7.0,0,0.65,1,0
2000-11-20,1,2,10,True,6.0,0,0.78,1,0
2000-11-21,1,2,10,True,5.55,2,0.81,1,0
2000-11-22,1,2,10,True,6.9,1,0.53,1,0
2000-11-23,1,2,10,True,6.2,1,0.44,1,0
2000-11-24,1,2,10,True,6.3,0,0.7,1,0
2000-11-25,1,2,10,True,4.45,7,0.99,1,0
2000-11-26,1,2,10,True,7.5,1,0.7,1,0
2000-11-27,1,2,10,True,6.35,1,0.33,1,0
2000-11-28,1,2,10,True,5.55,0,0.22,1,0
2000-11-29,1,2,10,True,9.2,6,0.97,1,0
2000-11-30,1,2,10,True,6.0,5,0.78,1,0
2000-12-01,1,2,10,True,9.25,2,0.68,1,0
2000-12-02,1,2,10,True,8.15,1,0.77,1,0
2000-12-03,1,2,10,True,4.15,7,0.52,1,0
2000-12-04,1,2,10,True,6.35,6,0.95,1,0
2000-12-05,1,2,10,True,8.3,5,0.54,1,0
2000-12-06,1,2,10,True,6.5,3,0.69,0,0
2000-12-07,1,2,10,True,8.7,2,0.55,0,0
2000-12-08,1,2,10,True,7.1,2,0.45,0,0
2000-12-09,1,2,10,True,4.2,1,0.64,1,0
2000-12-10,1,2,10,True,3.55,0,0.67,1,0
2000-12-11,1,2,10,True,8.45,1,0.74,1,0
2000-12-12,1,2,10,True,4.55,1,0.75,1,0
2000-12-13,1,2,10,True,5.6,0,0.98,1,0
2000-12-14,1,2,10,True,6.45,0,1.0,1,0
2000-12-15,1,2,10,True,7.65,7,1.0,1,0
2000-12-16,1,2,10,True,14.0,4,0.73,1,0
2000-12-17,1,2,10,True,11.45,3,0.94,1,0
2000-12-18,1,2,10,True,7.3,2,0.65,0,0
2000-12-19,1,2,10,True,3.5,0,0.77,1,0
2000-12-20,1,2,10,True,3.6,7,0.25,0,0
2000-12-21,1,2,10,True,8.05,0,0.21,0,0
2000-12-22,1,2,10,True,6.85,7,0.32,1,0
2000-12-23,1,2,10,True,5.1,0,0.52,1,0
2000-12-24,1,2,10,True,5.05,7,0.89,1,0
2000-12-25,1,2,10,True,6.5,1,0.92,1,0
2000-12-26,1,2,10,True,6.45,0,0.92,1,0
2000-12-27,1,2,10,True,6.4,0,0.94,1,0
2000-12-28,1,2,10,True,6.6,0,0.98,1,0
2000-12-29,1,2,10,True,6.1,0,0.97,1,0
2000-12-30,1,2,10,True,7.8,6,0.97,1,0
2000-12-31,1,2,10,True,4.15,6,0.96,1,0
2001-01-01,1,2,10,True,6.05,1,0.93,1,0
2001-01-02,1,2,10,True,7.05,1,0.49,1,0
2001-01-03,1,2,10,True,7.75,1,0.08,0,0
2001-01-04,1,2,10,True,7.75,1,0.15,1,0
2001-01-05,1,2,10,True,5.75,0,0.35,1,0
2001-01-06,1,2,10,True,5.2,0,0.48,1,0
2001-01-07,1,2,10,True,6.1,0,0.46,1,0
2001-01-08,1,2,10,True,5.5,0,0.55,1,0
2001-01-09,1,2,10,True,5.35,0,0.96,1,0
2001-01-10,1,2,10,True,7.1,7,0.94,1,0
2001-01-11,1,2,10,True,8.65,0,0.99,1,0
2001-01-12,1,2,10,True,6.9,0,1.0,1,0
2001-01-13,1,2,10,True,8.3,1,0.9,1,0
2001-01-14,1,2,10,True,6.9,1,0.94,1,0
2001-01-15,1,2,10,True,4.4,1,0.82,1,0
2000-08-24,1,3,10,True,5.05,1,0.15,0,0
2000-08-25,1,3,10,True,8.65,0,0.1,0,0
2000-08-26,1,3,10,True,8.55,7,0.79,0,0
2000-08-27,1,3,10,True,5.3,3,0.94,1,0
2000-08-28,1,3,10,True,4.7,6,0.89,1,0
2000-08-29,1,3,10,True,4.75,1,0.22,0,0
2000-08-30,1,3,10,True,7.55,1,0.18,0,0
2000-08-31,1,3,10,True,6.35,1,0.97,1,0
2000-09-01,1,3,10,True,5.05,2,0.96,1,0
2000-09-02,1,3,10,True,4.2,5,1.0,1,0
2000-09-03,1,3,10,True,7.1,2,1.0,1,0
2000-09-04,1,3,10,True,10.5,2,0.84,0,0
2000-09-05,1,3,10,True,7.4,2,0.68,1,0
2000-09-06,1,3,10,True,6.9,2,0.62,1,0
2000-09-07,1,3,10,True,7.6,2,0.3,0,0
2000-09-08,1,3,10,True,7.95,2,0.74,1,0
2000-09-09,1,3,10,True,8.1,1,0.97,1,0
2000-09-10,1,3,10,True,9.25,1,0.95,1,0
2000-09-11,1,3,10,True,8.45,0,0.54,0,0
2000-09-12,1,3,10,True,8.55,1,0.99,1,0
2000-09-13,1,3,10,True,7.4,0,0.97,1,0
2000-09-14,1,3,10,True,8.2,0,0.97,1,0
2000-09-15,1,3,10,True,6.25,5,0.98,1,0
2000-09-16,1,3,10,True,6.05,4,0.74,0,0
2000-09-17,1,3,10,True,7.45,2,0.45,0,0
2000-09-18,1,3,10,True,9.95,1,0.09,0,0
2000-09-19,1,3,10,True,6.8,1,0.23,0,0
2000-09-20,1,3,10,True,8.5,1,0.2,0,0
2000-09-21,1,3,10,True,6.7,0,0.1,0,0
2000-09-22,1,3,10,True,4.85,8,0.79,1,0
2000-09-23,1,3,10,True,8.05,1,0.24,0,0
2000-09-24,1,3,10,True,7.7,6,0.56,1,0
2000-09-25,1,3,10,True,9.85,4,0.4,0,0
2000-09-26,1,3,10,True,9.15,2,0.18,0,0
2000-09-27,1,3,10,True,9.2,2,0.77,0,0
2000-09-28,1,3,10,True,9.8,1,0.94,1,0
2000-09-29,1,3,10,True,7.95,1,0.83,1,0
2000-09-30,1,3,10,True,6.65,1,0.53,1,0
2000-10-01,1,3,10,True,5.2,1,0.22,1,0
2000-10-02,1,3,10,True,4.6,1,0.08,0,0
2000-10-03,1,3,10,True,4.95,0,0.11,0,0
2000-10-04,1,3,10,True,8.3,7,0.43,1,0
2000-10-05,1,3,10,True,7.2,5,0.88,1,0
2000-10-06,1,3,10,True,5.4,4,0.06,0,0
2000-10-07,1,3,10,True,5.1,3,0.0,0,0
2000-10-08,1,3,10,True,8.85,2,0.0,0,0
2000-10-09,1,3,10,True,8.1,1,0.27,1,0
2000-10-10,1,3,10,True,6.7,0,0.97,1,0
2000-10-11,1,3,10,True,4.75,0,0.98,1,0
2000-10-12,1,3,10,True,5.8,0,0.66,1,0
2000-10-13,1,3,10,True,6.5,1,0.88,1,0
2000-10-14,1,3,10,True,6.5,2,0.48,0,0
2000-10-15,1,3,10,True,9.8,2,0.2,1,0
2000-10-16,1,3,10,True,10.3,2,0.87,0,0
2000-10-17,1,3,10,True,8.65,1,0.7,0,0
2000-10-18,1,3,10,True,7.3,2,0.33,0,0
2000-10-19,1,3,10,True,8.5,1,0.62,0,0
2000-10-20,1,3,10,True,7.65,2,0.64,0,0
2000-10-21,1,3,10,True,3.6,3,0.06,0,0
2000-10-22,1,3,10,True,8.65,2,0.12,0,0
2000-10-23,1,3,10,True,10.75,1,0.68,1,0
2000-10-24,1,3,10,True,3.55,0,0.96,0,0
2000-10-25,1,3,10,True,5.85,1,0.97,1,0
2000-10-26,1,3,10,True,6.5,1,0.67,1,0
2000-10-27,1,3,10,True,7.35,5,0.94,1,0
2000-10-28,1,3,10,True,6.55,4,0.73,0,0
2000-10-29,1,3,10,True,9.6,2,0.54,0,0
2000-10-30,1,3,10,True,9.6,2,0.3,0,0
2000-10-31,1,3,10,True,7.2,1,0.7,0,0
2000-11-01,1,3,10,True,7.75,1,0.32,1,0
2000-11-02,1,3,10,True,6.5,1,0.77,1,0
2000-11-03,1,3,10,True,2.75,6,0.89,1,0
2000-11-04,1,3,10,True,6.1,2,0.71,1,0
2000-11-05,1,3,10,True,5.35,1,0.91,1,0
2000-11-06,1,3,10,True,8.1,2,0.98,1,0
2000-11-07,1,3,10,True,9.2,2,0.76,1,0
2000-11-08,1,3,10,True,9.7,1,0.42,0,0
2000-11-09,1,3,10,True,8.3,1,0.4,0,0
2000-11-10,1,3,10,True,6.95,1,0.52,1,0
2000-11-11,1,3,10,True,7.9,1,0.93,1,0
2000-11-12,1,3,10,True,7.65,1,0.96,1,0
2000-11-13,1,3,10,True,5.9,0,0.96,1,0
2000-11-14,1,3,10,True,8.7,5,0.68,1,0
2000-11-15,1,3,10,True,8.2,4,0.42,0,0
2000-11-16,1,3,10,True,6.35,3,0.12,0,0
2000-11-17,1,3,10,True,7.75,2,0.47,1,0
2000-11-18,1,3,10,True,5.65,1,0.76,1,0
2000-11-19,1,3,10,True,7.0,0,0.65,1,0
2000-11-20,1,3,10,True,6.0,0,0.78,1,0
2000-11-21,1,3,10,True,5.55,2,0.81,1,0
2000-11-22,1,3,10,True,6.9,1,0.53,1,0
2000-11-23,1,3,10,True,6.2,1,0.44,1,0
2000-11-24,1,3,10,True,6.3,0,0.7,1,0
2000-11-25,1,3,10,True,4.45,7,0.99,1,0
2000-11-26,1,3,10,True,7.5,1,0.7,1,0
2000-11-27,1,3,10,True,6.35,1,0.33,1,0
2000-11-28,1,3,10,True,5.55,0,0.22,1,0
2000-11-29,1,3,10,True,9.2,6,0.97,1,0
2000-11-30,1,3,10,True,6.0,5,0.78,1,0
2000-12-01,1,3,10,True,9.25,2,0.68,1,0
2000-12-02,1,3,10,True,8.15,1,0.77,1,0
2000-12-03,1,3,10,True,4.15,7,0.52,1,0
2000-12-04,1,3,10,True,6.35,6,0.95,1,0
2000-12-05,1,3,10,True,8.3,5,0.54,1,0
2000-12-06,1,3,10,True,6.5,3,0.69,0,0
2000-12-07,1,3,10,True,8.7,2,0.55,0,0
2000-12-08,1,3,10,True,7.1,2,0.45,0,0
2000-12-09,1,3,10,True,4.2,1,0.64,1,0
2000-12-10,1,3,10,True,3.55,0,0.67,1,0
2000-12-11,1,3,10,True,8.45,1,0.74,1,0
2000-12-12,1,3,10,True,4.55,1,0.75,1,0
2000-12-13,1,3,10,True,5.6,0,0.98,1,0
2000-12-14,1,3,10,True,6.45,0,1.0,1,0
2000-12-15,1,3,10,True,7.65,7,1.0,1,0
2000-12-16,1,3,10,True,14.0,4,0.73,1,0
2000-12-17,1,3,10,True,11.45,3,0.94,1,0
2000-12-18,1,3,10,True,7.3,2,0.65,0,0
2000-12-19,1,3,10,True,3.5,0,0.77,1,0
2000-12-20,1,3,10,True,3.6,7,0.25,0,0
2000-12-21,1,3,10,True,8.05,0,0.21,0,0
2000-12-22,1,3,10,True,6.85,7,0.32,1,0
2000-12-23,1,3,10,True,5.1,0,0.52,1,0
2000-12-24,1,3,10,True,5.05,7,0.89,1,0
2000-12-25,1,3,10,True,6.5,1,0.92,1,0
2000-12-26,1,3,10,True,6.45,0,0.92,1,0
2000-12-27,1,3,10,True,6.4,0,0.94,1,0
2000-12-28,1,3,10,True,6.6,0,0.98,1,0
2000-12-29,1,3,10,True,6.1,0,0.97,1,0
2000-12-30,1,3,10,True,7.8,6,0.97,1,0
2000-12-31,1,3,10,True,4.15,6,0.96,1,0
2001-01-01,1,3,10,True,6.05,1,0.93,1,0
2001-01-02,1,3,10,True,7.05,1,0.49,1,0
2001-01-03,1,3,10,True,7.75,1,0.08,0,0
2001-01-04,1,3,10,True,7.75,1,0.15,1,0
2001-01-05,1,3,10,True,5.75,0,0.35,1,0
2001-01-06,1,3,10,True,5.2,0,0.48,1,0
2001-01-07,1,3,10,True,6.1,0,0.46,1,0
2001-01-08,1,3,10,True,5.5,0,0.55,1,0
2001-01-09,1,3,10,True,5.35,0,0.96,1,0
2001-01-10,1,3,10,True,7.1,7,0.94,1,0
2001-01-11,1,3,10,True,8.65,0,0.99,1,0
2001-01-12,1,3,10,True,6.9,0,1.0,1,0
2001-01-13,1,3,10,True,8.3,1,0.9,1,0
2001-01-14,1,3,10,True,6.9,1,0.94,1,0
2001-01-15,1,3,10,True,4.4,1,0.82,1,0
2000-08-24,1,4,10,True,5.05,1,0.15,0,0
2000-08-25,1,4,10,True,8.65,0,0.1,0,0
2000-08-26,1,4,10,True,8.55,7,0.79,0,0
2000-08-27,1,4,10,True,5.3,3,0.94,1,0
2000-08-28,1,4,10,True,4.7,6,0.89,1,0
2000-08-29,1,4,10,True,4.75,1,0.22,0,0
2000-08-30,1,4,10,True,7.55,1,0.18,0,0
2000-08-31,1,4,10,True,6.35,1,0.97,1,0
2000-09-01,1,4,10,True,5.05,2,0.96,1,0
2000-09-02,1,4,10,True,4.2,5,1.0,1,0
2000-09-03,1,4,10,True,7.1,2,1.0,1,0
2000-09-04,1,4,10,True,10.5,2,0.84,0,0
2000-09-05,1,4,10,True,7.4,2,0.68,1,0
2000-09-06,1,4,10,True,6.9,2,0.62,1,0
2000-09-07,1,4,10,True,7.6,2,0.3,0,0
2000-09-08,1,4,10,True,7.95,2,0.74,1,0
2000-09-09,1,4,10,True,8.1,1,0.97,1,0
2000-09-10,1,4,10,True,9.25,1,0.95,1,0
2000-09-11,1,4,10,True,8.45,0,0.54,0,0
2000-09-12,1,4,10,True,8.55,1,0.99,1,0
2000-09-13,1,4,10,True,7.4,0,0.97,1,0
2000-09-14,1,4,10,True,8.2,0,0.97,1,0
2000-09-15,1,4,10,True,6.25,5,0.98,1,0
2000-09-16,1,4,10,True,6.05,4,0.74,0,0
2000-09-17,1,4,10,True,7.45,2,0.45,0,0
2000-09-18,1,4,10,True,9.95,1,0.09,0,0
2000-09-19,1,4,10,True,6.8,1,0.23,0,0
2000-09-20,1,4,10,True,8.5,1,0.2,0,0
2000-09-21,1,4,10,True,6.7,0,0.1,0,0
2000-09-22,1,4,10,True,4.85,8,0.79,1,0
2000-09-23,1,4,10,True,8.05,1,0.24,0,0
2000-09-24,1,4,10,True,7.7,6,0.56,1,0
2000-09-25,1,4,10,True,9.85,4,0.4,0,0
2000-09-26,1,4,10,True,9.15,2,0.18,0,0
2000-09-27,1,4,10,True,9.2,2,0.77,0,0
2000-09-28,1,4,10,True,9.8,1,0.94,1,0
2000-09-29,1,4,10,True,7.95,1,0.83,1,0
2000-09-30,1,4,10,True,6.65,1,0.53,1,0
2000-10-01,1,4,10,True,5.2,1,0.22,1,0
2000-10-02,1,4,10,True,4.6,1,0.08,0,0
2000-10-03,1,4,10,True,4.95,0,0.11,0,0
2000-10-04,1,4,10,True,8.3,7,0.43,1,0
2000-10-05,1,4,10,True,7.2,5,0.88,1,0
2000-10-06,1,4,10,True,5.4,4,0.06,0,0
2000-10-07,1,4,10,True,5.1,3,0.0,0,0
2000-10-08,1,4,10,True,8.85,2,0.0,0,0
2000-10-09,1,4,10,True,8.1,1,0.27,1,0
2000-10-10,1,4,10,True,6.7,0,0.97,1,0
2000-10-11,1,4,10,True,4.75,0,0.98,1,0
2000-10-12,1,4,10,True,5.8,0,0.66,1,0
2000-10-13,1,4,10,True,6.5,1,0.88,1,0
2000-10-14,1,4,10,True,6.5,2,0.48,0,0
2000-10-15,1,4,10,True,9.8,2,0.2,1,0
2000-10-16,1,4,10,True,10.3,2,0.87,0,0
2000-10-17,1,4,10,True,8.65,1,0.7,0,0
2000-10-18,1,4,10,True,7.3,2,0.33,0,0
2000-10-19,1,4,10,True,8.5,1,0.62,0,0
2000-10-20,1,4,10,True,7.65,2,0.64,0,0
2000-10-21,1,4,10,True,3.6,3,0.06,0,0
2000-10-22,1,4,10,True,8.65,2,0.12,0,0
2000-10-23,1,4,10,True,10.75,1,0.68,1,0
2000-10-24,1,4,10,True,3.55,0,0.96,0,0
2000-10-25,1,4,10,True,5.85,1,0.97,1,0
2000-10-26,1,4,10,True,6.5,1,0.67,1,0
2000-10-27,1,4,10,True,7.35,5,0.94,1,0
2000-10-28,1,4,10,True,6.55,4,0.73,0,0
2000-10-29,1,4,10,True,9.6,2,0.54,0,0
2000-10-30,1,4,10,True,9.6,2,0.3,0,0
2000-10-31,1,4,10,True,7.2,1,0.7,0,0
2000-11-01,1,4,10,True,7.75,1,0.32,1,0
2000-11-02,1,4,10,True,6.5,1,0.77,1,0
2000-11-03,1,4,10,True,2.75,6,0.89,1,0
2000-11-04,1,4,10,True,6.1,2,0.71,1,0
2000-11-05,1,4,10,True,5.35,1,0.91,1,0
2000-11-06,1,4,10,True,8.1,2,0.98,1,0
2000-11-07,1,4,10,True,9.2,2,0.76,1,0
2000-11-08,1,4,10,True,9.7,1,0.42,0,0
2000-11-09,1,4,10,True,8.3,1,0.4,0,0
2000-11-10,1,4,10,True,6.95,1,0.52,1,0
2000-11-11,1,4,10,True,7.9,1,0.93,1,0
2000-11-12,1,4,10,True,7.65,1,0.96,1,0
2000-11-13,1,4,10,True,5.9,0,0.96,1,0
2000-11-14,1,4,10,True,8.7,5,0.68,1,0
2000-11-15,1,4,10,True,8.2,4,0.42,0,0
2000-11-16,1,4,10,True,6.35,3,0.12,0,0
2000-11-17,1,4,10,True,7.75,2,0.47,1,0
2000-11-18,1,4,10,True,5.65,1,0.76,1,0
2000-11-19,1,4,10,True,7.0,0,0.65,1,0
2000-11-20,1,4,10,True,6.0,0,0.78,1,0
2000-11-21,1,4,10,True,5.55,2,0.81,1,0
2000-11-22,1,4,10,True,6.9,1,0.53,1,0
2000-11-23,1,4,10,True,6.2,1,0.44,1,0
2000-11-24,1,4,10,True,6.3,0,0.7,1,0
2000-11-25,1,4,10,True,4.45,7,0.99,1,0
2000-11-26,1,4,10,True,7.5,1,0.7,1,0
2000-11-27,1,4,10,True,6.35,1,0.33,1,0
2000-11-28,1,4,10,True,5.55,0,0.22,1,0
2000-11-29,1,4,10,True,9.2,6,0.97,1,0
2000-11-30,1,4,10,True,6.0,5,0.78,1,0
2000-12-01,1,4,10,True,9.25,2,0.68,1,0
2000-12-02,1,4,10,True,8.15,1,0.77,1,0
2000-12-03,1,4,10,True,4.15,7,0.52,1,0
2000-12-04,1,4,10,True,6.35,6,0.95,1,0
2000-12-05,1,4,10,True,8.3,5,0.54,1,0
2000-12-06,1,4,10,True,6.5,3,0.69,0,0
2000-12-07,1,4,10,True,8.7,2,0.55,0,0
2000-12-08,1,4,10,True,7.1,2,0.45,0,0
2000-12-09,1,4,10,True,4.2,1,0.64,1,0
2000-12-10,1,4,10,True,3.55,0,0.67,1,0
2000-12-11,1,4,10,True,8.45,1,0.74,1,0
2000-12-12,1,4,10,True,4.55,1,0.75,1,0
2000-12-13,1,4,10,True,5.6,0,0.98,1,0
2000-12-14,1,4,10,True,6.45,0,1.0,1,0
2000-12-15,1,4,10,True,7.65,7,1.0,1,0
2000-12-16,1,4,10,True,14.0,4,0.73,1,0
2000-12-17,1,4,10,True,11.45,3,0.94,1,0
2000-12-18,1,4,10,True,7.3,2,0.65,0,0
2000-12-19,1,4,10,True,3.5,0,0.77,1,0
2000-12-20,1,4,10,True,3.6,7,0.25,0,0
2000-12-21,1,4,10,True,8.05,0,0.21,0,0
2000-12-22,1,4,10,True,6.85,7,0.32,1,0
2000-12-23,1,4,10,True,5.1,0,0.52,1,0
2000-12-24,1,4,10,True,5.05,7,0.89,1,0
2000-12-25,1,4,10,True,6.5,1,0.92,1,0
2000-12-26,1,4,10,True,6.45,0,0.92,1,0
2000-12-27,1,4,10,True,6.4,0,0.94,1,0
2000-12-28,1,4,10,True,6.6,0,0.98,1,0
2000-12-29,1,4,10,True,6.1,0,0.97,1,0
2000-12-30,1,4,10,True,7.8,6,0.97,1,0
2000-12-31,1,4,10,True,4.15,6,0.96,1,0
2001-01-01,1,4,10,True,6.05,1,0.93,1,0
2001-01-02,1,4,10,True,7.05,1,0.49,1,0
2001-01-03,1,4,10,True,7.75,1,0.08,0,0
2001-01-04,1,4,10,True,7.75,1,0.15,1,0
2001-01-05,1,4,10,True,5.75,0,0.35,1,0
2001-01-06,1,4,10,True,5.2,0,0.48,1,0
2001-01-07,1,4,10,True,6.1,0,0.46,1,0
2001-01-08,1,4,10,True,5.5,0,0.55,1,0
2001-01-09,1,4,10,True,5.35,0,0.96,1,0
2001-01-10,1,4,10,True,7.1,7,0.94,1,0
2001-01-11,1,4,10,True,8.65,0,0.99,1,0
2001-01-12,1,4,10,True,6.9,0,1.0,1,0
2001-01-13,1,4,10,True,8.3,1,0.9,1,0
2001-01-14,1,4,10,True,6.9,1,0.94,1,0
2001-01-15,1,4,10,True,4.4,1,0.82,1,0
2000-08-24,2,0,10,True,5.05,1,0.15,0,0
2000-08-25,2,0,10,True,8.65,0,0.1,0,0
2000-08-26,2,0,10,True,8.55,7,0.79,0,0
2000-08-27,2,0,10,True,5.3,3,0.94,1,0
2000-08-28,2,0,10,True,4.7,6,0.89,1,0
2000-08-29,2,0,10,True,4.75,1,0.22,0,0
2000-08-30,2,0,10,True,7.55,1,0.18,0,0
2000-08-31,2,0,10,True,6.35,1,0.97,1,0
2000-09-01,2,0,10,True,5.05,2,0.96,1,0
2000-09-02,2,0,10,True,4.2,5,1.0,1,0
2000-09-03,2,0,10,True,7.1,2,1.0,1,0
2000-09-04,2,0,10,True,10.5,2,0.84,0,0
2000-09-05,2,0,10,True,7.4,2,0.68,1,0
2000-09-06,2,0,10,True,6.9,2,0.62,1,0
2000-09-07,2,0,10,True,7.6,2,0.3,0,0
2000-09-08,2,0,10,True,7.95,2,0.74,1,0
2000-09-09,2,0,10,True,8.1,1,0.97,1,0
2000-09-10,2,0,10,True,9.25,1,0.95,1,0
2000-09-11,2,0,10,True,8.45,0,0.54,0,0
2000-09-12,2,0,10,True,8.55,1,0.99,1,0
2000-09-13,2,0,10,True,7.4,0,0.97,1,0
2000-09-14,2,0,10,True,8.2,0,0.97,1,0
2000-09-15,2,0,10,True,6.25,5,0.98,1,0
2000-09-16,2,0,10,True,6.05,4,0.74,0,0
2000-09-17,2,0,10,True,7.45,2,0.45,0,0
2000-09-18,2,0,10,True,9.95,1,0.09,0,0
2000-09-19,2,0,10,True,6.8,1,0.23,0,0
2000-09-20,2,0,10,True,8.5,1,0.2,0,0
2000-09-21,2,0,10,True,6.7,0,0.1,0,0
2000-09-22,2,0,10,True,4.85,8,0.79,1,0
2000-09-23,2,0,10,True,8.05,1,0.24,0,0
2000-09-24,2,0,10,True,7.7,6,0.56,1,0
2000-09-25,2,0,10,True,9.85,4,0.4,0,0
2000-09-26,2,0,10,True,9.15,2,0.18,0,0
2000-09-27,2,0,10,True,9.2,2,0.77,0,0
2000-09-28,2,0,10,True,9.8,1,0.94,1,0
2000-09-29,2,0,10,True,7.95,1,0.83,1,0
2000-09-30,2,0,10,True,6.65,1,0.53,1,0
2000-10-01,2,0,10,True,5.2,1,0.22,1,0
2000-10-02,2,0,10,True,4.6,1,0.08,0,0
2000-10-03,2,0,10,True,4.95,0,0.11,0,0
2000-10-04,2,0,10,True,8.3,7,0.43,1,0
2000-10-05,2,0,10,True,7.2,5,0.88,1,0
2000-10-06,2,0,10,True,5.4,4,0.06,0,0
2000-10-07,2,0,10,True,5.1,3,0.0,0,0
2000-10-08,2,0,10,True,8.85,2,0.0,0,0
2000-10-09,2,0,10,True,8.1,1,0.27,1,0
2000-10-10,2,0,10,True,6.7,0,0.97,1,0
2000-10-11,2,0,10,True,4.75,0,0.98,1,0
2000-10-12,2,0,10,True,5.8,0,0.66,1,0
2000-10-13,2,0,10,True,6.5,1,0.88,1,0
2000-10-14,2,0,10,True,6.5,2,0.48,0,0
2000-10-15,2,0,10,True,9.8,2,0.2,1,0
2000-10-16,2,0,10,True,10.3,2,0.87,0,0
2000-10-17,2,0,10,True,8.65,1,0.7,0,0
2000-10-18,2,0,10,True,7.3,2,0.33,0,0
2000-10-19,2,0,10,True,8.5,1,0.62,0,0
2000-10-20,2,0,10,True,7.65,2,0.64,0,0
2000-10-21,2,0,10,True,3.6,3,0.06,0,0
2000-10-22,2,0,10,True,8.65,2,0.12,0,0
2000-10-23,2,0,10,True,10.75,1,0.68,1,0
2000-10-24,2,0,10,True,3.55,0,0.96,0,0
2000-10-25,2,0,10,True,5.85,1,0.97,1,0
2000-10-26,2,0,10,True,6.5,1,0.67,1,0
2000-10-27,2,0,10,True,7.35,5,0.94,1,0
2000-10-28,2,0,10,True,6.55,4,0.73,0,0
2000-10-29,2,0,10,True,9.6,2,0.54,0,0
2000-10-30,2,0,10,True,9.6,2,0.3,0,0
2000-10-31,2,0,10,True,7.2,1,0.7,0,0
2000-11-01,2,0,10,True,7.75,1,0.32,1,0
2000-11-02,2,0,10,True,6.5,1,0.77,1,0
2000-11-03,2,0,10,True,2.75,6,0.89,1,0
2000-11-04,2,0,10,True,6.1,2,0.71,1,0
2000-11-05,2,0,10,True,5.35,1,0.91,1,0
2000-11-06,2,0,10,True,8.1,2,0.98,1,0
2000-11-07,2,0,10,True,9.2,2,0.76,1,0
2000-11-08,2,0,10,True,9.7,1,0.42,0,0
2000-11-09,2,0,10,True,8.3,1,0.4,0,0
2000-11-10,2,0,10,True,6.95,1,0.52,1,0
2000-11-11,2,0,10,True,7.9,1,0.93,1,0
2000-11-12,2,0,10,True,7.65,1,0.96,1,0
2000-11-13,2,0,10,True,5.9,0,0.96,1,0
2000-11-14,2,0,10,True,8.7,5,0.68,1,0
2000-11-15,2,0,10,True,8.2,4,0.42,0,0
2000-11-16,2,0,10,True,6.35,3,0.12,0,0
2000-11-17,2,0,10,True,7.75,2,0.47,1,0
2000-11-18,2,0,10,True,5.65,1,0.76,1,0
2000-11-19,2,0,10,True,7.0,0,0.65,1,0
2000-11-20,2,0,10,True,6.0,0,0.78,1,0
2000-11-21,2,0,10,True,5.55,2,0.81,1,0
2000-11-22,2,0,10,True,6.9,1,0.53,1,0
2000-11-23,2,0,10,True,6.2,1,0.44,1,0
2000-11-24,2,0,10,True,6.3,0,0.7,1,0
2000-11-25,2,0,10,True,4.45,7,0.99,1,0
2000-11-26,2,0,10,True,7.5,1,0.7,1,0
2000-11-27,2,0,10,True,6.35,1,0.33,1,0
2000-11-28,2,0,10,True,5.55,0,0.22,1,0
2000-11-29,2,0,10,True,9.2,6,0.97,1,0
2000-11-30,2,0,10,True,6.0,5,0.78,1,0
2000-12-01,2,0,10,True,9.25,2,0.68,1,0
2000-12-02,2,0,10,True,8.15,1,0.77,1,0
2000-12-03,2,0,10,True,4.15,7,0.52,1,0
2000-12-04,2,0,10,True,6.35,6,0.95,1,0
2000-12-05,2,0,10,True,8.3,5,0.54,1,0
2000-12-06,2,0,10,True,6.5,3,0.69,0,0
2000-12-07,2,0,10,True,8.7,2,0.55,0,0
2000-12-08,2,0,10,True,7.1,2,0.45,0,0
2000-12-09,2,0,10,True,4.2,1,0.64,1,0
2000-12-10,2,0,10,True,3.55,0,0.67,1,0
2000-12-11,2,0,10,True,8.45,1,0.74,1,0
2000-12-12,2,0,10,True,4.55,1,0.75,1,0
2000-12-13,2,0,10,True,5.6,0,0.98,1,0
2000-12-14,2,0,10,True,6.45,0,1.0,1,0
2000-12-15,2,0,10,True,7.65,7,1.0,1,0
2000-12-16,2,0,10,True,14.0,4,0.73,1,0
2000-12-17,2,0,10,True,11.45,3,0.94,1,0
2000-12-18,2,0,10,True,7.3,2,0.65,0,0
2000-12-19,2,0,10,True,3.5,0,0.77,1,0
2000-12-20,2,0,10,True,3.6,7,0.25,0,0
2000-12-21,2,0,10,True,8.05,0,0.21,0,0
2000-12-22,2,0,10,True,6.85,7,0.32,1,0
2000-12-23,2,0,10,True,5.1,0,0.52,1,0
2000-12-24,2,0,10,True,5.05,7,0.89,1,0
2000-12-25,2,0,10,True,6.5,1,0.92,1,0
2000-12-26,2,0,10,True,6.45,0,0.92,1,0
2000-12-27,2,0,10,True,6.4,0,0.94,1,0
2000-12-28,2,0,10,True,6.6,0,0.98,1,0
2000-12-29,2,0,10,True,6.1,0,0.97,1,0
2000-12-30,2,0,10,True,7.8,6,0.97,1,0
2000-12-31,2,0,10,True,4.15,6,0.96,1,0
2001-01-01,2,0,10,True,6.05,1,0.93,1,0
2001-01-02,2,0,10,True,7.05,1,0.49,1,0
2001-01-03,2,0,10,True,7.75,1,0.08,0,0
2001-01-04,2,0,10,True,7.75,1,0.15,1,0
2001-01-05,2,0,10,True,5.75,0,0.35,1,0
2001-01-06,2,0,10,True,5.2,0,0.48,1,0
2001-01-07,2,0,10,True,6.1,0,0.46,1,0
2001-01-08,2,0,10,True,5.5,0,0.55,1,0
2001-01-09,2,0,10,True,5.35,0,0.96,1,0
2001-01-10,2,0,10,True,7.1,7,0.94,1,0
2001-01-11,2,0,10,True,8.65,0,0.99,1,0
2001-01-12,2,0,10,True,6.9,0,1.0,1,0
2001-01-13,2,0,10,True,8.3,1,0.9,1,0
2001-01-14,2,0,10,True,6.9,1,0.94,1,0
2001-01-15,2,0,10,True,4.4,1,0.82,1,0
2000-08-24,2,1,10,True,5.05,1,0.15,0,0
2000-08-25,2,1,10,True,8.65,0,0.1,0,0
2000-08-26,2,1,10,True,8.55,7,0.79,0,0
2000-08-27,2,1,10,True,5.3,3,0.94,1,0
2000-08-28,2,1,10,True,4.7,6,0.89,1,0
2000-08-29,2,1,10,True,4.75,1,0.22,0,0
2000-08-30,2,1,10,True,7.55,1,0.18,0,0
2000-08-31,2,1,10,True,6.35,1,0.97,1,0
2000-09-01,2,1,10,True,5.05,2,0.96,1,0
2000-09-02,2,1,10,True,4.2,5,1.0,1,0
2000-09-03,2,1,10,True,7.1,2,1.0,1,0
2000-09-04,2,1,10,True,10.5,2,0.84,0,0
2000-09-05,2,1,10,True,7.4,2,0.68,1,0
2000-09-06,2,1,10,True,6.9,2,0.62,1,0
2000-09-07,2,1,10,True,7.6,2,0.3,0,0
2000-09-08,2,1,10,True,7.95,2,0.74,1,0
2000-09-09,2,1,10,True,8.1,1,0.97,1,0
2000-09-10,2,1,10,True,9.25,1,0.95,1,0
2000-09-11,2,1,10,True,8.45,0,0.54,0,0
2000-09-12,2,1,10,True,8.55,1,0.99,1,0
2000-09-13,2,1,10,True,7.4,0,0.97,1,0
2000-09-14,2,1,10,True,8.2,0,0.97,1,0
2000-09-15,2,1,10,True,6.25,5,0.98,1,0
2000-09-16,2,1,10,True,6.05,4,0.74,0,0
2000-09-17,2,1,10,True,7.45,2,0.45,0,0
2000-09-18,2,1,10,True,9.95,1,0.09,0,0
2000-09-19,2,1,10,True,6.8,1,0.23,0,0
2000-09-20,2,1,10,True,8.5,1,0.2,0,0
2000-09-21,2,1,10,True,6.7,0,0.1,0,0
2000-09-22,2,1,10,True,4.85,8,0.79,1,0
2000-09-23,2,1,10,True,8.05,1,0.24,0,0
2000-09-24,2,1,10,True,7.7,6,0.56,1,0
2000-09-25,2,1,10,True,9.85,4,0.4,0,0
2000-09-26,2,1,10,True,9.15,2,0.18,0,0
2000-09-27,2,1,10,True,9.2,2,0.77,0,0
2000-09-28,2,1,10,True,9.8,1,0.94,1,0
2000-09-29,2,1,10,True,7.95,1,0.83,1,0
2000-09-30,2,1,10,True,6.65,1,0.53,1,0
2000-10-01,2,1,10,True,5.2,1,0.22,1,0
2000-10-02,2,1,10,True,4.6,1,0.08,0,0
2000-10-03,2,1,10,True,4.95,0,0.11,0,0
2000-10-04,2,1,10,True,8.3,7,0.43,1,0
2000-10-05,2,1,10,True,7.2,5,0.88,1,0
2000-10-06,2,1,10,True,5.4,4,0.06,0,0
2000-10-07,2,1,10,True,5.1,3,0.0,0,0
2000-10-08,2,1,10,True,8.85,2,0.0,0,0
2000-10-09,2,1,10,True,8.1,1,0.27,1,0
2000-10-10,2,1,10,True,6.7,0,0.97,1,0
2000-10-11,2,1,10,True,4.75,0,0.98,1,0
2000-10-12,2,1,10,True,5.8,0,0.66,1,0
2000-10-13,2,1,10,True,6.5,1,0.88,1,0
2000-10-14,2,1,10,True,6.5,2,0.48,0,0
2000-10-15,2,1,10,True,9.8,2,0.2,1,0
2000-10-16,2,1,10,True,10.3,2,0.87,0,0
2000-10-17,2,1,10,True,8.65,1,0.7,0,0
2000-10-18,2,1,10,True,7.3,2,0.33,0,0
2000-10-19,2,1,10,True,8.5,1,0.62,0,0
2000-10-20,2,1,10,True,7.65,2,0.64,0,0
2000-10-21,2,1,10,True,3.6,3,0.06,0,0
2000-10-22,2,1,10,True,8.65,2,0.12,0,0
2000-10-23,2,1,10,True,10.75,1,0.68,1,0
2000-10-24,2,1,10,True,3.55,0,0.96,0,0
2000-10-25,2,1,10,True,5.85,1,0.97,1,0
2000-10-26,2,1,10,True,6.5,1,0.67,1,0
2000-10-27,2,1,10,True,7.35,5,0.94,1,0
2000-10-28,2,1,10,True,6.55,4,0.73,0,0
2000-10-29,2,1,10,True,9.6,2,0.54,0,0
2000-10-30,2,1,10,True,9.6,2,0.3,0,0
2000-10-31,2,1,10,True,7.2,1,0.7,0,0
2000-11-01,2,1,10,True,7.75,1,0.32,1,0
2000-11-02,2,1,10,True,6.5,1,0.77,1,0
2000-11-03,2,1,10,True,2.75,6,0.89,1,0
2000-11-04,2,1,10,True,6.1,2,0.71,1,0
2000-11-05,2,1,10,True,5.35,1,0.91,1,0
2000-11-06,2,1,10,True,8.1,2,0.98,1,0
2000-11-07,2,1,10,True,9.2,2,0.76,1,0
2000-11-08,2,1,10,True,9.7,1,0.42,0,0
2000-11-09,2,1,10,True,8.3,1,0.4,0,0
2000-11-10,2,1,10,True,6.95,1,0.52,1,0
2000-11-11,2,1,10,True,7.9,1,0.93,1,0
2000-11-12,2,1,10,True,7.65,1,0.96,1,0
2000-11-13,2,1,10,True,5.9,0,0.96,1,0
2000-11-14,2,1,10,True,8.7,5,0.68,1,0
2000-11-15,2,1,10,True,8.2,4,0.42,0,0
2000-11-16,2,1,10,True,6.35,3,0.12,0,0
2000-11-17,2,1,10,True,7.75,2,0.47,1,0
2000-11-18,2,1,10,True,5.65,1,0.76,1,0
2000-11-19,2,1,10,True,7.0,0,0.65,1,0
2000-11-20,2,1,10,True,6.0,0,0.78,1,0
2000-11-21,2,1,10,True,5.55,2,0.81,1,0
2000-11-22,2,1,10,True,6.9,1,0.53,1,0
2000-11-23,2,1,10,True,6.2,1,0.44,1,0
2000-11-24,2,1,10,True,6.3,0,0.7,1,0
2000-11-25,2,1,10,True,4.45,7,0.99,1,0
2000-11-26,2,1,10,True,7.5,1,0.7,1,0
2000-11-27,2,1,10,True,6.35,1,0.33,1,0
2000-11-28,2,1,10,True,5.55,0,0.22,1,0
2000-11-29,2,1,10,True,9.2,6,0.97,1,0
2000-11-30,2,1,10,True,6.0,5,0.78,1,0
2000-12-01,2,1,10,True,9.25,2,0.68,1,0
2000-12-02,2,1,10,True,8.15,1,0.77,1,0
2000-12-03,2,1,10,True,4.15,7,0.52,1,0
2000-12-04,2,1,10,True,6.35,6,0.95,1,0
2000-12-05,2,1,10,True,8.3,5,0.54,1,0
2000-12-06,2,1,10,True,6.5,3,0.69,0,0
2000-12-07,2,1,10,True,8.7,2,0.55,0,0
2000-12-08,2,1,10,True,7.1,2,0.45,0,0
2000-12-09,2,1,10,True,4.2,1,0.64,1,0
2000-12-10,2,1,10,True,3.55,0,0.67,1,0
2000-12-11,2,1,10,True,8.45,1,0.74,1,0
2000-12-12,2,1,10,True,4.55,1,0.75,1,0
2000-12-13,2,1,10,True,5.6,0,0.98,1,0
2000-12-14,2,1,10,True,6.45,0,1.0,1,0
2000-12-15,2,1,10,True,7.65,7,1.0,1,0
2000-12-16,2,1,10,True,14.0,4,0.73,1,0
2000-12-17,2,1,10,True,11.45,3,0.94,1,0
2000-12-18,2,1,10,True,7.3,2,0.65,0,0
2000-12-19,2,1,10,True,3.5,0,0.77,1,0
2000-12-20,2,1,10,True,3.6,7,0.25,0,0
2000-12-21,2,1,10,True,8.05,0,0.21,0,0
2000-12-22,2,1,10,True,6.85,7,0.32,1,0
2000-12-23,2,1,10,True,5.1,0,0.52,1,0
2000-12-24,2,1,10,True,5.05,7,0.89,1,0
2000-12-25,2,1,10,True,6.5,1,0.92,1,0
2000-12-26,2,1,10,True,6.45,0,0.92,1,0
2000-12-27,2,1,10,True,6.4,0,0.94,1,0
2000-12-28,2,1,10,True,6.6,0,0.98,1,0
2000-12-29,2,1,10,True,6.1,0,0.97,1,0
2000-12-30,2,1,10,True,7.8,6,0.97,1,0
2000-12-31,2,1,10,True,4.15,6,0.96,1,0
2001-01-01,2,1,10,True,6.05,1,0.93,1,0
2001-01-02,2,1,10,True,7.05,1,0.49,1,0
2001-01-03,2,1,10,True,7.75,1,0.08,0,0
2001-01-04,2,1,10,True,7.75,1,0.15,1,0
2001-01-05,2,1,10,True,5.75,0,0.35,1,0
2001-01-06,2,1,10,True,5.2,0,0.48,1,0
2001-01-07,2,1,10,True,6.1,0,0.46,1,0
2001-01-08,2,1,10,True,5.5,0,0.55,1,0
2001-01-09,2,1,10,True,5.35,0,0.96,1,0
2001-01-10,2,1,10,True,7.1,7,0.94,1,0
2001-01-11,2,1,10,True,8.65,0,0.99,1,0
2001-01-12,2,1,10,True,6.9,0,1.0,1,0
2001-01-13,2,1,10,True,8.3,1,0.9,1,0
2001-01-14,2,1,10,True,6.9,1,0.94,1,0
2001-01-15,2,1,10,True,4.4,1,0.82,1,0
2000-08-24,2,2,10,True,5.05,1,0.15,0,0
2000-08-25,2,2,10,True,8.65,0,0.1,0,0
2000-08-26,2,2,10,True,8.55,7,0.79,0,0
2000-08-27,2,2,10,True,5.3,3,0.94,1,0
2000-08-28,2,2,10,True,4.7,6,0.89,1,0
2000-08-29,2,2,10,True,4.75,1,0.22,0,0
2000-08-30,2,2,10,True,7.55,1,0.18,0,0
2000-08-31,2,2,10,True,6.35,1,0.97,1,0
2000-09-01,2,2,10,True,5.05,2,0.96,1,0
2000-09-02,2,2,10,True,4.2,5,1.0,1,0
2000-09-03,2,2,10,True,7.1,2,1.0,1,0
2000-09-04,2,2,10,True,10.5,2,0.84,0,0
2000-09-05,2,2,10,True,7.4,2,0.68,1,0
2000-09-06,2,2,10,True,6.9,2,0.62,1,0
2000-09-07,2,2,10,True,7.6,2,0.3,0,0
2000-09-08,2,2,10,True,7.95,2,0.74,1,0
2000-09-09,2,2,10,True,8.1,1,0.97,1,0
2000-09-10,2,2,10,True,9.25,1,0.95,1,0
2000-09-11,2,2,10,True,8.45,0,0.54,0,0
2000-09-12,2,2,10,True,8.55,1,0.99,1,0
2000-09-13,2,2,10,True,7.4,0,0.97,1,0
2000-09-14,2,2,10,True,8.2,0,0.97,1,0
2000-09-15,2,2,10,True,6.25,5,0.98,1,0
2000-09-16,2,2,10,True,6.05,4,0.74,0,0
2000-09-17,2,2,10,True,7.45,2,0.45,0,0
2000-09-18,2,2,10,True,9.95,1,0.09,0,0
2000-09-19,2,2,10,True,6.8,1,0.23,0,0
2000-09-20,2,2,10,True,8.5,1,0.2,0,0
2000-09-21,2,2,10,True,6.7,0,0.1,0,0
2000-09-22,2,2,10,True,4.85,8,0.79,1,0
2000-09-23,2,2,10,True,8.05,1,0.24,0,0
2000-09-24,2,2,10,True,7.7,6,0.56,1,0
2000-09-25,2,2,10,True,9.85,4,0.4,0,0
2000-09-26,2,2,10,True,9.15,2,0.18,0,0
2000-09-27,2,2,10,True,9.2,2,0.77,0,0
2000-09-28,2,2,10,True,9.8,1,0.94,1,0
2000-09-29,2,2,10,True,7.95,1,0.83,1,0
2000-09-30,2,2,10,True,6.65,1,0.53,1,0
2000-10-01,2,2,10,True,5.2,1,0.22,1,0
2000-10-02,2,2,10,True,4.6,1,0.08,0,0
2000-10-03,2,2,10,True,4.95,0,0.11,0,0
2000-10-04,2,2,10,True,8.3,7,0.43,1,0
2000-10-05,2,2,10,True,7.2,5,0.88,1,0
2000-10-06,2,2,10,True,5.4,4,0.06,0,0
2000-10-07,2,2,10,True,5.1,3,0.0,0,0
2000-10-08,2,2,10,True,8.85,2,0.0,0,0
2000-10-09,2,2,10,True,8.1,1,0.27,1,0
2000-10-10,2,2,10,True,6.7,0,0.97,1,0
2000-10-11,2,2,10,True,4.75,0,0.98,1,0
2000-10-12,2,2,10,True,5.8,0,0.66,1,0
2000-10-13,2,2,10,True,6.5,1,0.88,1,0
2000-10-14,2,2,10,True,6.5,2,0.48,0,0
2000-10-15,2,2,10,True,9.8,2,0.2,1,0
2000-10-16,2,2,10,True,10.3,2,0.87,0,0
2000-10-17,2,2,10,True,8.65,1,0.7,0,0
2000-10-18,2,2,10,True,7.3,2,0.33,0,0
2000-10-19,2,2,10,True,8.5,1,0.62,0,0
2000-10-20,2,2,10,True,7.65,2,0.64,0,0
2000-10-21,2,2,10,True,3.6,3,0.06,0,0
2000-10-22,2,2,10,True,8.65,2,0.12,0,0
2000-10-23,2,2,10,True,10.75,1,0.68,1,0
2000-10-24,2,2,10,True,3.55,0,0.96,0,0
2000-10-25,2,2,10,True,5.85,1,0.97,1,0
2000-10-26,2,2,10,True,6.5,1,0.67,1,0
2000-10-27,2,2,10,True,7.35,5,0.94,1,0
2000-10-28,2,2,10,True,6.55,4,0.73,0,0
2000-10-29,2,2,10,True,9.6,2,0.54,0,0
2000-10-30,2,2,10,True,9.6,2,0.3,0,0
2000-10-31,2,2,10,True,7.2,1,0.7,0,0
2000-11-01,2,2,10,True,7.75,1,0.32,1,0
2000-11-02,2,2,10,True,6.5,1,0.77,1,0
2000-11-03,2,2,10,True,2.75,6,0.89,1,0
2000-11-04,2,2,10,True,6.1,2,0.71,1,0
2000-11-05,2,2,10,True,5.35,1,0.91,1,0
2000-11-06,2,2,10,True,8.1,2,0.98,1,0
2000-11-07,2,2,10,True,9.2,2,0.76,1,0
2000-11-08,2,2,10,True,9.7,1,0.42,0,0
2000-11-09,2,2,10,True,8.3,1,0.4,0,0
2000-11-10,2,2,10,True,6.95,1,0.52,1,0
2000-11-11,2,2,10,True,7.9,1,0.93,1,0
2000-11-12,2,2,10,True,7.65,1,0.96,1,0
2000-11-13,2,2,10,True,5.9,0,0.96,1,0
2000-11-14,2,2,10,True,8.7,5,0.68,1,0
2000-11-15,2,2,10,True,8.2,4,0.42,0,0
2000-11-16,2,2,10,True,6.35,3,0.12,0,0
2000-11-17,2,2,10,True,7.75,2,0.47,1,0
2000-11-18,2,2,10,True,5.65,1,0.76,1,0
2000-11-19,2,2,10,True,7.0,0,0.65,1,0
2000-11-20,2,2,10,True,6.0,0,0.78,1,0
2000-11-21,2,2,10,True,5.55,2,0.81,1,0
2000-11-22,2,2,10,True,6.9,1,0.53,1,0
2000-11-23,2,2,10,True,6.2,1,0.44,1,0
2000-11-24,2,2,10,True,6.3,0,0.7,1,0
2000-11-25,2,2,10,True,4.45,7,0.99,1,0
2000-11-26,2,2,10,True,7.5,1,0.7,1,0
2000-11-27,2,2,10,True,6.35,1,0.33,1,0
2000-11-28,2,2,10,True,5.55,0,0.22,1,0
2000-11-29,2,2,10,True,9.2,6,0.97,1,0
2000-11-30,2,2,10,True,6.0,5,0.78,1,0
2000-12-01,2,2,10,True,9.25,2,0.68,1,0
2000-12-02,2,2,10,True,8.15,1,0.77,1,0
2000-12-03,2,2,10,True,4.15,7,0.52,1,0
2000-12-04,2,2,10,True,6.35,6,0.95,1,0
2000-12-05,2,2,10,True,8.3,5,0.54,1,0
2000-12-06,2,2,10,True,6.5,3,0.69,0,0
2000-12-07,2,2,10,True,8.7,2,0.55,0,0
2000-12-08,2,2,10,True,7.1,2,0.45,0,0
2000-12-09,2,2,10,True,4.2,1,0.64,1,0
2000-12-10,2,2,10,True,3.55,0,0.67,1,0
2000-12-11,2,2,10,True,8.45,1,0.74,1,0
2000-12-12,2,2,10,True,4.55,1,0.75,1,0
2000-12-13,2,2,10,True,5.6,0,0.98,1,0
2000-12-14,2,2,10,True,6.45,0,1.0,1,0
2000-12-15,2,2,10,True,7.65,7,1.0,1,0
2000-12-16,2,2,10,True,14.0,4,0.73,1,0
2000-12-17,2,2,10,True,11.45,3,0.94,1,0
2000-12-18,2,2,10,True,7.3,2,0.65,0,0
2000-12-19,2,2,10,True,3.5,0,0.77,1,0
2000-12-20,2,2,10,True,3.6,7,0.25,0,0
2000-12-21,2,2,10,True,8.05,0,0.21,0,0
2000-12-22,2,2,10,True,6.85,7,0.32,1,0
2000-12-23,2,2,10,True,5.1,0,0.52,1,0
2000-12-24,2,2,10,True,5.05,7,0.89,1,0
2000-12-25,2,2,10,True,6.5,1,0.92,1,0
2000-12-26,2,2,10,True,6.45,0,0.92,1,0
2000-12-27,2,2,10,True,6.4,0,0.94,1,0
2000-12-28,2,2,10,True,6.6,0,0.98,1,0
2000-12-29,2,2,10,True,6.1,0,0.97,1,0
2000-12-30,2,2,10,True,7.8,6,0.97,1,0
2000-12-31,2,2,10,True,4.15,6,0.96,1,0
2001-01-01,2,2,10,True,6.05,1,0.93,1,0
2001-01-02,2,2,10,True,7.05,1,0.49,1,0
2001-01-03,2,2,10,True,7.75,1,0.08,0,0
2001-01-04,2,2,10,True,7.75,1,0.15,1,0
2001-01-05,2,2,10,True,5.75,0,0.35,1,0
2001-01-06,2,2,10,True,5.2,0,0.48,1,0
2001-01-07,2,2,10,True,6.1,0,0.46,1,0
2001-01-08,2,2,10,True,5.5,0,0.55,1,0
2001-01-09,2,2,10,True,5.35,0,0.96,1,0
2001-01-10,2,2,10,True,7.1,7,0.94,1,0
2001-01-11,2,2,10,True,8.65,0,0.99,1,0
2001-01-12,2,2,10,True,6.9,0,1.0,1,0
2001-01-13,2,2,10,True,8.3,1,0.9,1,0
2001-01-14,2,2,10,True,6.9,1,0.94,1,0
2001-01-15,2,2,10,True,4.4,1,0.82,1,0
2000-08-24,2,3,10,True,5.05,1,0.15,0,0
2000-08-25,2,3,10,True,8.65,0,0.1,0,0
2000-08-26,2,3,10,True,8.55,7,0.79,0,0
2000-08-27,2,3,10,True,5.3,3,0.94,1,0
2000-08-28,2,3,10,True,4.7,6,0.89,1,0
2000-08-29,2,3,10,True,4.75,1,0.22,0,0
2000-08-30,2,3,10,True,7.55,1,0.18,0,0
2000-08-31,2,3,10,True,6.35,1,0.97,1,0
2000-09-01,2,3,10,True,5.05,2,0.96,1,0
2000-09-02,2,3,10,True,4.2,5,1.0,1,0
2000-09-03,2,3,10,True,7.1,2,1.0,1,0
2000-09-04,2,3,10,True,10.5,2,0.84,0,0
2000-09-05,2,3,10,True,7.4,2,0.68,1,0
2000-09-06,2,3,10,True,6.9,2,0.62,1,0
2000-09-07,2,3,10,True,7.6,2,0.3,0,0
2000-09-08,2,3,10,True,7.95,2,0.74,1,0
2000-09-09,2,3,10,True,8.1,1,0.97,1,0
2000-09-10,2,3,10,True,9.25,1,0.95,1,0
2000-09-11,2,3,10,True,8.45,0,0.54,0,0
2000-09-12,2,3,10,True,8.55,1,0.99,1,0
2000-09-13,2,3,10,True,7.4,0,0.97,1,0
2000-09-14,2,3,10,True,8.2,0,0.97,1,0
2000-09-15,2,3,10,True,6.25,5,0.98,1,0
2000-09-16,2,3,10,True,6.05,4,0.74,0,0
2000-09-17,2,3,10,True,7.45,2,0.45,0,0
2000-09-18,2,3,10,True,9.95,1,0.09,0,0
2000-09-19,2,3,10,True,6.8,1,0.23,0,0
2000-09-20,2,3,10,True,8.5,1,0.2,0,0
2000-09-21,2,3,10,True,6.7,0,0.1,0,0
2000-09-22,2,3,10,True,4.85,8,0.79,1,0
2000-09-23,2,3,10,True,8.05,1,0.24,0,0
2000-09-24,2,3,10,True,7.7,6,0.56,1,0
2000-09-25,2,3,10,True,9.85,4,0.4,0,0
2000-09-26,2,3,10,True,9.15,2,0.18,0,0
2000-09-27,2,3,10,True,9.2,2,0.77,0,0
2000-09-28,2,3,10,True,9.8,1,0.94,1,0
2000-09-29,2,3,10,True,7.95,1,0.83,1,0
2000-09-30,2,3,10,True,6.65,1,0.53,1,0
2000-10-01,2,3,10,True,5.2,1,0.22,1,0
2000-10-02,2,3,10,True,4.6,1,0.08,0,0
2000-10-03,2,3,10,True,4.95,0,0.11,0,0
2000-10-04,2,3,10,True,8.3,7,0.43,1,0
2000-10-05,2,3,10,True,7.2,5,0.88,1,0
2000-10-06,2,3,10,True,5.4,4,0.06,0,0
2000-10-07,2,3,10,True,5.1,3,0.0,0,0
2000-10-08,2,3,10,True,8.85,2,0.0,0,0
2000-10-09,2,3,10,True,8.1,1,0.27,1,0
2000-10-10,2,3,10,True,6.7,0,0.97,1,0
2000-10-11,2,3,10,True,4.75,0,0.98,1,0
2000-10-12,2,3,10,True,5.8,0,0.66,1,0
2000-10-13,2,3,10,True,6.5,1,0.88,1,0
2000-10-14,2,3,10,True,6.5,2,0.48,0,0
2000-10-15,2,3,10,True,9.8,2,0.2,1,0
2000-10-16,2,3,10,True,10.3,2,0.87,0,0
2000-10-17,2,3,10,True,8.65,1,0.7,0,0
2000-10-18,2,3,10,True,7.3,2,0.33,0,0
2000-10-19,2,3,10,True,8.5,1,0.62,0,0
2000-10-20,2,3,10,True,7.65,2,0.64,0,0
2000-10-21,2,3,10,True,3.6,3,0.06,0,0
2000-10-22,2,3,10,True,8.65,2,0.12,0,0
2000-10-23,2,3,10,True,10.75,1,0.68,1,0
2000-10-24,2,3,10,True,3.55,0,0.96,0,0
2000-10-25,2,3,10,True,5.85,1,0.97,1,0
2000-10-26,2,3,10,True,6.5,1,0.67,1,0
2000-10-27,2,3,10,True,7.35,5,0.94,1,0
2000-10-28,2,3,10,True,6.55,4,0.73,0,0
2000-10-29,2,3,10,True,9.6,2,0.54,0,0
2000-10-30,2,3,10,True,9.6,2,0.3,0,0
2000-10-31,2,3,10,True,7.2,1,0.7,0,0
2000-11-01,2,3,10,True,7.75,1,0.32,1,0
2000-11-02,2,3,10,True,6.5,1,0.77,1,0
2000-11-03,2,3,10,True,2.75,6,0.89,1,0
2000-11-04,2,3,10,True,6.1,2,0.71,1,0
2000-11-05,2,3,10,True,5.35,1,0.91,1,0
2000-11-06,2,3,10,True,8.1,2,0.98,1,0
2000-11-07,2,3,10,True,9.2,2,0.76,1,0
2000-11-08,2,3,10,True,9.7,1,0.42,0,0
2000-11-09,2,3,10,True,8.3,1,0.4,0,0
2000-11-10,2,3,10,True,6.95,1,0.52,1,0
2000-11-11,2,3,10,True,7.9,1,0.93,1,0
2000-11-12,2,3,10,True,7.65,1,0.96,1,0
2000-11-13,2,3,10,True,5.9,0,0.96,1,0
2000-11-14,2,3,10,True,8.7,5,0.68,1,0
2000-11-15,2,3,10,True,8.2,4,0.42,0,0
2000-11-16,2,3,10,True,6.35,3,0.12,0,0
2000-11-17,2,3,10,True,7.75,2,0.47,1,0
2000-11-18,2,3,10,True,5.65,1,0.76,1,0
2000-11-19,2,3,10,True,7.0,0,0.65,1,0
2000-11-20,2,3,10,True,6.0,0,0.78,1,0
2000-11-21,2,3,10,True,5.55,2,0.81,1,0
2000-11-22,2,3,10,True,6.9,1,0.53,1,0
2000-11-23,2,3,10,True,6.2,1,0.44,1,0
2000-11-24,2,3,10,True,6.3,0,0.7,1,0
2000-11-25,2,3,10,True,4.45,7,0.99,1,0
2000-11-26,2,3,10,True,7.5,1,0.7,1,0
2000-11-27,2,3,10,True,6.35,1,0.33,1,0
2000-11-28,2,3,10,True,5.55,0,0.22,1,0
2000-11-29,2,3,10,True,9.2,6,0.97,1,0
2000-11-30,2,3,10,True,6.0,5,0.78,1,0
2000-12-01,2,3,10,True,9.25,2,0.68,1,0
2000-12-02,2,3,10,True,8.15,1,0.77,1,0
2000-12-03,2,3,10,True,4.15,7,0.52,1,0
2000-12-04,2,3,10,True,6.35,6,0.95,1,0
2000-12-05,2,3,10,True,8.3,5,0.54,1,0
2000-12-06,2,3,10,True,6.5,3,0.69,0,0
2000-12-07,2,3,10,True,8.7,2,0.55,0,0
2000-12-08,2,3,10,True,7.1,2,0.45,0,0
2000-12-09,2,3,10,True,4.2,1,0.64,1,0
2000-12-10,2,3,10,True,3.55,0,0.67,1,0
2000-12-11,2,3,10,True,8.45,1,0.74,1,0
2000-12-12,2,3,10,True,4.55,1,0.75,1,0
2000-12-13,2,3,10,True,5.6,0,0.98,1,0
2000-12-14,2,3,10,True,6.45,0,1.0,1,0
2000-12-15,2,3,10,True,7.65,7,1.0,1,0
2000-12-16,2,3,10,True,14.0,4,0.73,1,0
2000-12-17,2,3,10,True,11.45,3,0.94,1,0
2000-12-18,2,3,10,True,7.3,2,0.65,0,0
2000-12-19,2,3,10,True,3.5,0,0.77,1,0
2000-12-20,2,3,10,True,3.6,7,0.25,0,0
2000-12-21,2,3,10,True,8.05,0,0.21,0,0
2000-12-22,2,3,10,True,6.85,7,0.32,1,0
2000-12-23,2,3,10,True,5.1,0,0.52,1,0
2000-12-24,2,3,10,True,5.05,7,0.89,1,0
2000-12-25,2,3,10,True,6.5,1,0.92,1,0
2000-12-26,2,3,10,True,6.45,0,0.92,1,0
2000-12-27,2,3,10,True,6.4,0,0.94,1,0
2000-12-28,2,3,10,True,6.6,0,0.98,1,0
2000-12-29,2,3,10,True,6.1,0,0.97,1,0
2000-12-30,2,3,10,True,7.8,6,0.97,1,0
2000-12-31,2,3,10,True,4.15,6,0.96,1,0
2001-01-01,2,3,10,True,6.05,1,0.93,1,0
2001-01-02,2,3,10,True,7.05,1,0.49,1,0
2001-01-03,2,3,10,True,7.75,1,0.08,0,0
2001-01-04,2,3,10,True,7.75,1,0.15,1,0
2001-01-05,2,3,10,True,5.75,0,0.35,1,0
2001-01-06,2,3,10,True,5.2,0,0.48,1,0
2001-01-07,2,3,10,True,6.1,0,0.46,1,0
2001-01-08,2,3,10,True,5.5,0,0.55,1,0
2001-01-09,2,3,10,True,5.35,0,0.96,1,0
2001-01-10,2,3,10,True,7.1,7,0.94,1,0
2001-01-11,2,3,10,True,8.65,0,0.99,1,0
2001-01-12,2,3,10,True,6.9,0,1.0,1,0
2001-01-13,2,3,10,True,8.3,1,0.9,1,0
2001-01-14,2,3,10,True,6.9,1,0.94,1,0
2001-01-15,2,3,10,True,4.4,1,0.82,1,0
2000-08-24,2,4,10,True,5.05,1,0.15,0,0
2000-08-25,2,4,10,True,8.65,0,0.1,0,0
2000-08-26,2,4,10,True,8.55,7,0.79,0,0
2000-08-27,2,4,10,True,5.3,3,0.94,1,0
2000-08-28,2,4,10,True,4.7,6,0.89,1,0
2000-08-29,2,4,10,True,4.75,1,0.22,0,0
2000-08-30,2,4,10,True,7.55,1,0.18,0,0
2000-08-31,2,4,10,True,6.35,1,0.97,1,0
2000-09-01,2,4,10,True,5.05,2,0.96,1,0
2000-09-02,2,4,10,True,4.2,5,1.0,1,0
2000-09-03,2,4,10,True,7.1,2,1.0,1,0
2000-09-04,2,4,10,True,10.5,2,0.84,0,0
2000-09-05,2,4,10,True,7.4,2,0.68,1,0
2000-09-06,2,4,10,True,6.9,2,0.62,1,0
2000-09-07,2,4,10,True,7.6,2,0.3,0,0
2000-09-08,2,4,10,True,7.95,2,0.74,1,0
2000-09-09,2,4,10,True,8.1,1,0.97,1,0
2000-09-10,2,4,10,True,9.25,1,0.95,1,0
2000-09-11,2,4,10,True,8.45,0,0.54,0,0
2000-09-12,2,4,10,True,8.55,1,0.99,1,0
2000-09-13,2,4,10,True,7.4,0,0.97,1,0
2000-09-14,2,4,10,True,8.2,0,0.97,1,0
2000-09-15,2,4,10,True,6.25,5,0.98,1,0
2000-09-16,2,4,10,True,6.05,4,0.74,0,0
2000-09-17,2,4,10,True,7.45,2,0.45,0,0
2000-09-18,2,4,10,True,9.95,1,0.09,0,0
2000-09-19,2,4,10,True,6.8,1,0.23,0,0
2000-09-20,2,4,10,True,8.5,1,0.2,0,0
2000-09-21,2,4,10,True,6.7,0,0.1,0,0
2000-09-22,2,4,10,True,4.85,8,0.79,1,0
2000-09-23,2,4,10,True,8.05,1,0.24,0,0
2000-09-24,2,4,10,True,7.7,6,0.56,1,0
2000-09-25,2,4,10,True,9.85,4,0.4,0,0
2000-09-26,2,4,10,True,9.15,2,0.18,0,0
2000-09-27,2,4,10,True,9.2,2,0.77,0,0
2000-09-28,2,4,10,True,9.8,1,0.94,1,0
2000-09-29,2,4,10,True,7.95,1,0.83,1,0
2000-09-30,2,4,10,True,6.65,1,0.53,1,0
2000-10-01,2,4,10,True,5.2,1,0.22,1,0
2000-10-02,2,4,10,True,4.6,1,0.08,0,0
2000-10-03,2,4,10,True,4.95,0,0.11,0,0
2000-10-04,2,4,10,True,8.3,7,0.43,1,0
2000-10-05,2,4,10,True,7.2,5,0.88,1,0
2000-10-06,2,4,10,True,5.4,4,0.06,0,0
2000-10-07,2,4,10,True,5.1,3,0.0,0,0
2000-10-08,2,4,10,True,8.85,2,0.0,0,0
2000-10-09,2,4,10,True,8.1,1,0.27,1,0
2000-10-10,2,4,10,True,6.7,0,0.97,1,0
2000-10-11,2,4,10,True,4.75,0,0.98,1,0
2000-10-12,2,4,10,True,5.8,0,0.66,1,0
2000-10-13,2,4,10,True,6.5,1,0.88,1,0
2000-10-14,2,4,10,True,6.5,2,0.48,0,0
2000-10-15,2,4,10,True,9.8,2,0.2,1,0
2000-10-16,2,4,10,True,10.3,2,0.87,0,0
2000-10-17,2,4,10,True,8.65,1,0.7,0,0
2000-10-18,2,4,10,True,7.3,2,0.33,0,0
2000-10-19,2,4,10,True,8.5,1,0.62,0,0
2000-10-20,2,4,10,True,7.65,2,0.64,0,0
2000-10-21,2,4,10,True,3.6,3,0.06,0,0
2000-10-22,2,4,10,True,8.65,2,0.12,0,0
2000-10-23,2,4,10,True,10.75,1,0.68,1,0
2000-10-24,2,4,10,True,3.55,0,0.96,0,0
2000-10-25,2,4,10,True,5.85,1,0.97,1,0
2000-10-26,2,4,10,True,6.5,1,0.67,1,0
2000-10-27,2,4,10,True,7.35,5,0.94,1,0
2000-10-28,2,4,10,True,6.55,4,0.73,0,0
2000-10-29,2,4,10,True,9.6,2,0.54,0,0
2000-10-30,2,4,10,True,9.6,2,0.3,0,0
2000-10-31,2,4,10,True,7.2,1,0.7,0,0
2000-11-01,2,4,10,True,7.75,1,0.32,1,0
2000-11-02,2,4,10,True,6.5,1,0.77,1,0
2000-11-03,2,4,10,True,2.75,6,0.89,1,0
2000-11-04,2,4,10,True,6.1,2,0.71,1,0
2000-11-05,2,4,10,True,5.35,1,0.91,1,0
2000-11-06,2,4,10,True,8.1,2,0.98,1,0
2000-11-07,2,4,10,True,9.2,2,0.76,1,0
2000-11-08,2,4,10,True,9.7,1,0.42,0,0
2000-11-09,2,4,10,True,8.3,1,0.4,0,0
2000-11-10,2,4,10,True,6.95,1,0.52,1,0
2000-11-11,2,4,10,True,7.9,1,0.93,1,0
2000-11-12,2,4,10,True,7.65,1,0.96,1,0
2000-11-13,2,4,10,True,5.9,0,0.96,1,0
2000-11-14,2,4,10,True,8.7,5,0.68,1,0
2000-11-15,2,4,10,True,8.2,4,0.42,0,0
2000-11-16,2,4,10,True,6.35,3,0.12,0,0
2000-11-17,2,4,10,True,7.75,2,0.47,1,0
2000-11-18,2,4,10,True,5.65,1,0.76,1,0
2000-11-19,2,4,10,True,7.0,0,0.65,1,0
2000-11-20,2,4,10,True,6.0,0,0.78,1,0
2000-11-21,2,4,10,True,5.55,2,0.81,1,0
2000-11-22,2,4,10,True,6.9,1,0.53,1,0
2000-11-23,2,4,10,True,6.2,1,0.44,1,0
2000-11-24,2,4,10,True,6.3,0,0.7,1,0
2000-11-25,2,4,10,True,4.45,7,0.99,1,0
2000-11-26,2,4,10,True,7.5,1,0.7,1,0
2000-11-27,2,4,10,True,6.35,1,0.33,1,0
2000-11-28,2,4,10,True,5.55,0,0.22,1,0
2000-11-29,2,4,10,True,9.2,6,0.97,1,0
2000-11-30,2,4,10,True,6.0,5,0.78,1,0
2000-12-01,2,4,10,True,9.25,2,0.68,1,0
2000-12-02,2,4,10,True,8.15,1,0.77,1,0
2000-12-03,2,4,10,True,4.15,7,0.52,1,0
2000-12-04,2,4,10,True,6.35,6,0.95,1,0
2000-12-05,2,4,10,True,8.3,5,0.54,1,0
2000-12-06,2,4,10,True,6.5,3,0.69,0,0
2000-12-07,2,4,10,True,8.7,2,0.55,0,0
2000-12-08,2,4,10,True,7.1,2,0.45,0,0
2000-12-09,2,4,10,True,4.2,1,0.64,1,0
2000-12-10,2,4,10,True,3.55,0,0.67,1,0
2000-12-11,2,4,10,True,8.45,1,0.74,1,0
2000-12-12,2,4,10,True,4.55,1,0.75,1,0
2000-12-13,2,4,10,True,5.6,0,0.98,1,0
2000-12-14,2,4,10,True,6.45,0,1.0,1,0
2000-12-15,2,4,10,True,7.65,7,1.0,1,0
2000-12-16,2,4,10,True,14.0,4,0.73,1,0
2000-12-17,2,4,10,True,11.45,3,0.94,1,0
2000-12-18,2,4,10,True,7.3,2,0.65,0,0
2000-12-19,2,4,10,True,3.5,0,0.77,1,0
2000-12-20,2,4,10,True,3.6,7,0.25,0,0
2000-12-21,2,4,10,True,8.05,0,0.21,0,0
2000-12-22,2,4,10,True,6.85,7,0.32,1,0
2000-12-23,2,4,10,True,5.1,0,0.52,1,0
2000-12-24,2,4,10,True,5.05,7,0.89,1,0
2000-12-25,2,4,10,True,6.5,1,0.92,1,0
2000-12-26,2,4,10,True,6.45,0,0.92,1,0
2000-12-27,2,4,10,True,6.4,0,0.94,1,0
2000-12-28,2,4,10,True,6.6,0,0.98,1,0
2000-12-29,2,4,10,True,6.1,0,0.97,1,0
2000-12-30,2,4,10,True,7.8,6,0.97,1,0
2000-12-31,2,4,10,True,4.15,6,0.96,1,0
2001-01-01,2,4,10,True,6.05,1,0.93,1,0
2001-01-02,2,4,10,True,7.05,1,0.49,1,0
2001-01-03,2,4,10,True,7.75,1,0.08,0,0
2001-01-04,2,4,10,True,7.75,1,0.15,1,0
2001-01-05,2,4,10,True,5.75,0,0.35,1,0
2001-01-06,2,4,10,True,5.2,0,0.48,1,0
2001-01-07,2,4,10,True,6.1,0,0.46,1,0
2001-01-08,2,4,10,True,5.5,0,0.55,1,0
2001-01-09,2,4,10,True,5.35,0,0.96,1,0
2001-01-10,2,4,10,True,7.1,7,0.94,1,0
2001-01-11,2,4,10,True,8.65,0,0.99,1,0
2001-01-12,2,4,10,True,6.9,0,1.0,1,0
2001-01-13,2,4,10,True,8.3,1,0.9,1,0
2001-01-14,2,4,10,True,6.9,1,0.94,1,0
2001-01-15,2,4,10,True,4.4,1,0.82,1,0
2000-08-24,3,0,10,True,5.05,1,0.15,0,0
2000-08-25,3,0,10,True,8.65,0,0.1,0,0
2000-08-26,3,0,10,True,8.55,7,0.79,0,0
2000-08-27,3,0,10,True,5.3,3,0.94,1,0
2000-08-28,3,0,10,True,4.7,6,0.89,1,0
2000-08-29,3,0,10,True,4.75,1,0.22,0,0
2000-08-30,3,0,10,True,7.55,1,0.18,0,0
2000-08-31,3,0,10,True,6.35,1,0.97,1,0
2000-09-01,3,0,10,True,5.05,2,0.96,1,0
2000-09-02,3,0,10,True,4.2,5,1.0,1,0
2000-09-03,3,0,10,True,7.1,2,1.0,1,0
2000-09-04,3,0,10,True,10.5,2,0.84,0,0
2000-09-05,3,0,10,True,7.4,2,0.68,1,0
2000-09-06,3,0,10,True,6.9,2,0.62,1,0
2000-09-07,3,0,10,True,7.6,2,0.3,0,0
2000-09-08,3,0,10,True,7.95,2,0.74,1,0
2000-09-09,3,0,10,True,8.1,1,0.97,1,0
2000-09-10,3,0,10,True,9.25,1,0.95,1,0
2000-09-11,3,0,10,True,8.45,0,0.54,0,0
2000-09-12,3,0,10,True,8.55,1,0.99,1,0
2000-09-13,3,0,10,True,7.4,0,0.97,1,0
2000-09-14,3,0,10,True,8.2,0,0.97,1,0
2000-09-15,3,0,10,True,6.25,5,0.98,1,0
2000-09-16,3,0,10,True,6.05,4,0.74,0,0
2000-09-17,3,0,10,True,7.45,2,0.45,0,0
2000-09-18,3,0,10,True,9.95,1,0.09,0,0
2000-09-19,3,0,10,True,6.8,1,0.23,0,0
2000-09-20,3,0,10,True,8.5,1,0.2,0,0
2000-09-21,3,0,10,True,6.7,0,0.1,0,0
2000-09-22,3,0,10,True,4.85,8,0.79,1,0
2000-09-23,3,0,10,True,8.05,1,0.24,0,0
2000-09-24,3,0,10,True,7.7,6,0.56,1,0
2000-09-25,3,0,10,True,9.85,4,0.4,0,0
2000-09-26,3,0,10,True,9.15,2,0.18,0,0
2000-09-27,3,0,10,True,9.2,2,0.77,0,0
2000-09-28,3,0,10,True,9.8,1,0.94,1,0
2000-09-29,3,0,10,True,7.95,1,0.83,1,0
2000-09-30,3,0,10,True,6.65,1,0.53,1,0
2000-10-01,3,0,10,True,5.2,1,0.22,1,0
2000-10-02,3,0,10,True,4.6,1,0.08,0,0
2000-10-03,3,0,10,True,4.95,0,0.11,0,0
2000-10-04,3,0,10,True,8.3,7,0.43,1,0
2000-10-05,3,0,10,True,7.2,5,0.88,1,0
2000-10-06,3,0,10,True,5.4,4,0.06,0,0
2000-10-07,3,0,10,True,5.1,3,0.0,0,0
2000-10-08,3,0,10,True,8.85,2,0.0,0,0
2000-10-09,3,0,10,True,8.1,1,0.27,1,0
2000-10-10,3,0,10,True,6.7,0,0.97,1,0
2000-10-11,3,0,10,True,4.75,0,0.98,1,0
2000-10-12,3,0,10,True,5.8,0,0.66,1,0
2000-10-13,3,0,10,True,6.5,1,0.88,1,0
2000-10-14,3,0,10,True,6.5,2,0.48,0,0
2000-10-15,3,0,10,True,9.8,2,0.2,1,0
2000-10-16,3,0,10,True,10.3,2,0.87,0,0
2000-10-17,3,0,10,True,8.65,1,0.7,0,0
2000-10-18,3,0,10,True,7.3,2,0.33,0,0
2000-10-19,3,0,10,True,8.5,1,0.62,0,0
2000-10-20,3,0,10,True,7.65,2,0.64,0,0
2000-10-21,3,0,10,True,3.6,3,0.06,0,0
2000-10-22,3,0,10,True,8.65,2,0.12,0,0
2000-10-23,3,0,10,True,10.75,1,0.68,1,0
2000-10-24,3,0,10,True,3.55,0,0.96,0,0
2000-10-25,3,0,10,True,5.85,1,0.97,1,0
2000-10-26,3,0,10,True,6.5,1,0.67,1,0
2000-10-27,3,0,10,True,7.35,5,0.94,1,0
2000-10-28,3,0,10,True,6.55,4,0.73,0,0
2000-10-29,3,0,10,True,9.6,2,0.54,0,0
2000-10-30,3,0,10,True,9.6,2,0.3,0,0
2000-10-31,3,0,10,True,7.2,1,0.7,0,0
2000-11-01,3,0,10,True,7.75,1,0.32,1,0
2000-11-02,3,0,10,True,6.5,1,0.77,1,0
2000-11-03,3,0,10,True,2.75,6,0.89,1,0
2000-11-04,3,0,10,True,6.1,2,0.71,1,0
2000-11-05,3,0,10,True,5.35,1,0.91,1,0
2000-11-06,3,0,10,True,8.1,2,0.98,1,0
2000-11-07,3,0,10,True,9.2,2,0.76,1,0
2000-11-08,3,0,10,True,9.7,1,0.42,0,0
2000-11-09,3,0,10,True,8.3,1,0.4,0,0
2000-11-10,3,0,10,True,6.95,1,0.52,1,0
2000-11-11,3,0,10,True,7.9,1,0.93,1,0
2000-11-12,3,0,10,True,7.65,1,0.96,1,0
2000-11-13,3,0,10,True,5.9,0,0.96,1,0
2000-11-14,3,0,10,True,8.7,5,0.68,1,0
2000-11-15,3,0,10,True,8.2,4,0.42,0,0
2000-11-16,3,0,10,True,6.35,3,0.12,0,0
2000-11-17,3,0,10,True,7.75,2,0.47,1,0
2000-11-18,3,0,10,True,5.65,1,0.76,1,0
2000-11-19,3,0,10,True,7.0,0,0.65,1,0
2000-11-20,3,0,10,True,6.0,0,0.78,1,0
2000-11-21,3,0,10,True,5.55,2,0.81,1,0
2000-11-22,3,0,10,True,6.9,1,0.53,1,0
2000-11-23,3,0,10,True,6.2,1,0.44,1,0
2000-11-24,3,0,10,True,6.3,0,0.7,1,0
2000-11-25,3,0,10,True,4.45,7,0.99,1,0
2000-11-26,3,0,10,True,7.5,1,0.7,1,0
2000-11-27,3,0,10,True,6.35,1,0.33,1,0
2000-11-28,3,0,10,True,5.55,0,0.22,1,0
2000-11-29,3,0,10,True,9.2,6,0.97,1,0
2000-11-30,3,0,10,True,6.0,5,0.78,1,0
2000-12-01,3,0,10,True,9.25,2,0.68,1,0
2000-12-02,3,0,10,True,8.15,1,0.77,1,0
2000-12-03,3,0,10,True,4.15,7,0.52,1,0
2000-12-04,3,0,10,True,6.35,6,0.95,1,0
2000-12-05,3,0,10,True,8.3,5,0.54,1,0
2000-12-06,3,0,10,True,6.5,3,0.69,0,0
2000-12-07,3,0,10,True,8.7,2,0.55,0,0
2000-12-08,3,0,10,True,7.1,2,0.45,0,0
2000-12-09,3,0,10,True,4.2,1,0.64,1,0
2000-12-10,3,0,10,True,3.55,0,0.67,1,0
2000-12-11,3,0,10,True,8.45,1,0.74,1,0
2000-12-12,3,0,10,True,4.55,1,0.75,1,0
2000-12-13,3,0,10,True,5.6,0,0.98,1,0
2000-12-14,3,0,10,True,6.45,0,1.0,1,0
2000-12-15,3,0,10,True,7.65,7,1.0,1,0
2000-12-16,3,0,10,True,14.0,4,0.73,1,0
2000-12-17,3,0,10,True,11.45,3,0.94,1,0
2000-12-18,3,0,10,True,7.3,2,0.65,0,0
2000-12-19,3,0,10,True,3.5,0,0.77,1,0
2000-12-20,3,0,10,True,3.6,7,0.25,0,0
2000-12-21,3,0,10,True,8.05,0,0.21,0,0
2000-12-22,3,0,10,True,6.85,7,0.32,1,0
2000-12-23,3,0,10,True,5.1,0,0.52,1,0
2000-12-24,3,0,10,True,5.05,7,0.89,1,0
2000-12-25,3,0,10,True,6.5,1,0.92,1,0
2000-12-26,3,0,10,True,6.45,0,0.92,1,0
2000-12-27,3,0,10,True,6.4,0,0.94,1,0
2000-12-28,3,0,10,True,6.6,0,0.98,1,0
2000-12-29,3,0,10,True,6.1,0,0.97,1,0
2000-12-30,3,0,10,True,7.8,6,0.97,1,0
2000-12-31,3,0,10,True,4.15,6,0.96,1,0
2001-01-01,3,0,10,True,6.05,1,0.93,1,0
2001-01-02,3,0,10,True,7.05,1,0.49,1,0
2001-01-03,3,0,10,True,7.75,1,0.08,0,0
2001-01-04,3,0,10,True,7.75,1,0.15,1,0
2001-01-05,3,0,10,True,5.75,0,0.35,1,0
2001-01-06,3,0,10,True,5.2,0,0.48,1,0
2001-01-07,3,0,10,True,6.1,0,0.46,1,0
2001-01-08,3,0,10,True,5.5,0,0.55,1,0
2001-01-09,3,0,10,True,5.35,0,0.96,1,0
2001-01-10,3,0,10,True,7.1,7,0.94,1,0
2001-01-11,3,0,10,True,8.65,0,0.99,1,0
2001-01-12,3,0,10,True,6.9,0,1.0,1,0
2001-01-13,3,0,10,True,8.3,1,0.9,1,0
2001-01-14,3,0,10,True,6.9,1,0.94,1,0
2001-01-15,3,0,10,True,4.4,1,0.82,1,0
2000-08-24,3,1,10,True,5.05,1,0.15,0,0
2000-08-25,3,1,10,True,8.65,0,0.1,0,0
2000-08-26,3,1,10,True,8.55,7,0.79,0,0
2000-08-27,3,1,10,True,5.3,3,0.94,1,0
2000-08-28,3,1,10,True,4.7,6,0.89,1,0
2000-08-29,3,1,10,True,4.75,1,0.22,0,0
2000-08-30,3,1,10,True,7.55,1,0.18,0,0
2000-08-31,3,1,10,True,6.35,1,0.97,1,0
2000-09-01,3,1,10,True,5.05,2,0.96,1,0
2000-09-02,3,1,10,True,4.2,5,1.0,1,0
2000-09-03,3,1,10,True,7.1,2,1.0,1,0
2000-09-04,3,1,10,True,10.5,2,0.84,0,0
2000-09-05,3,1,10,True,7.4,2,0.68,1,0
2000-09-06,3,1,10,True,6.9,2,0.62,1,0
2000-09-07,3,1,10,True,7.6,2,0.3,0,0
2000-09-08,3,1,10,True,7.95,2,0.74,1,0
2000-09-09,3,1,10,True,8.1,1,0.97,1,0
2000-09-10,3,1,10,True,9.25,1,0.95,1,0
2000-09-11,3,1,10,True,8.45,0,0.54,0,0
2000-09-12,3,1,10,True,8.55,1,0.99,1,0
2000-09-13,3,1,10,True,7.4,0,0.97,1,0
2000-09-14,3,1,10,True,8.2,0,0.97,1,0
2000-09-15,3,1,10,True,6.25,5,0.98,1,0
2000-09-16,3,1,10,True,6.05,4,0.74,0,0
2000-09-17,3,1,10,True,7.45,2,0.45,0,0
2000-09-18,3,1,10,True,9.95,1,0.09,0,0
2000-09-19,3,1,10,True,6.8,1,0.23,0,0
2000-09-20,3,1,10,True,8.5,1,0.2,0,0
2000-09-21,3,1,10,True,6.7,0,0.1,0,0
2000-09-22,3,1,10,True,4.85,8,0.79,1,0
2000-09-23,3,1,10,True,8.05,1,0.24,0,0
2000-09-24,3,1,10,True,7.7,6,0.56,1,0
2000-09-25,3,1,10,True,9.85,4,0.4,0,0
2000-09-26,3,1,10,True,9.15,2,0.18,0,0
2000-09-27,3,1,10,True,9.2,2,0.77,0,0
2000-09-28,3,1,10,True,9.8,1,0.94,1,0
2000-09-29,3,1,10,True,7.95,1,0.83,1,0
2000-09-30,3,1,10,True,6.65,1,0.53,1,0
2000-10-01,3,1,10,True,5.2,1,0.22,1,0
2000-10-02,3,1,10,True,4.6,1,0.08,0,0
2000-10-03,3,1,10,True,4.95,0,0.11,0,0
2000-10-04,3,1,10,True,8.3,7,0.43,1,0
2000-10-05,3,1,10,True,7.2,5,0.88,1,0
2000-10-06,3,1,10,True,5.4,4,0.06,0,0
2000-10-07,3,1,10,True,5.1,3,0.0,0,0
2000-10-08,3,1,10,True,8.85,2,0.0,0,0
2000-10-09,3,1,10,True,8.1,1,0.27,1,0
2000-10-10,3,1,10,True,6.7,0,0.97,1,0
2000-10-11,3,1,10,True,4.75,0,0.98,1,0
2000-10-12,3,1,10,True,5.8,0,0.66,1,0
2000-10-13,3,1,10,True,6.5,1,0.88,1,0
2000-10-14,3,1,10,True,6.5,2,0.48,0,0
2000-10-15,3,1,10,True,9.8,2,0.2,1,0
2000-10-16,3,1,10,True,10.3,2,0.87,0,0
2000-10-17,3,1,10,True,8.65,1,0.7,0,0
2000-10-18,3,1,10,True,7.3,2,0.33,0,0
2000-10-19,3,1,10,True,8.5,1,0.62,0,0
2000-10-20,3,1,10,True,7.65,2,0.64,0,0
2000-10-21,3,1,10,True,3.6,3,0.06,0,0
2000-10-22,3,1,10,True,8.65,2,0.12,0,0
2000-10-23,3,1,10,True,10.75,1,0.68,1,0
2000-10-24,3,1,10,True,3.55,0,0.96,0,0
2000-10-25,3,1,10,True,5.85,1,0.97,1,0
2000-10-26,3,1,10,True,6.5,1,0.67,1,0
2000-10-27,3,1,10,True,7.35,5,0.94,1,0
2000-10-28,3,1,10,True,6.55,4,0.73,0,0
2000-10-29,3,1,10,True,9.6,2,0.54,0,0
2000-10-30,3,1,10,True,9.6,2,0.3,0,0
2000-10-31,3,1,10,True,7.2,1,0.7,0,0
2000-11-01,3,1,10,True,7.75,1,0.32,1,0
2000-11-02,3,1,10,True,6.5,1,0.77,1,0
2000-11-03,3,1,10,True,2.75,6,0.89,1,0
2000-11-04,3,1,10,True,6.1,2,0.71,1,0
2000-11-05,3,1,10,True,5.35,1,0.91,1,0
2000-11-06,3,1,10,True,8.1,2,0.98,1,0
2000-11-07,3,1,10,True,9.2,2,0.76,1,0
2000-11-08,3,1,10,True,9.7,1,0.42,0,0
2000-11-09,3,1,10,True,8.3,1,0.4,0,0
2000-11-10,3,1,10,True,6.95,1,0.52,1,0
2000-11-11,3,1,10,True,7.9,1,0.93,1,0
2000-11-12,3,1,10,True,7.65,1,0.96,1,0
2000-11-13,3,1,10,True,5.9,0,0.96,1,0
2000-11-14,3,1,10,True,8.7,5,0.68,1,0
2000-11-15,3,1,10,True,8.2,4,0.42,0,0
2000-11-16,3,1,10,True,6.35,3,0.12,0,0
2000-11-17,3,1,10,True,7.75,2,0.47,1,0
2000-11-18,3,1,10,True,5.65,1,0.76,1,0
2000-11-19,3,1,10,True,7.0,0,0.65,1,0
2000-11-20,3,1,10,True,6.0,0,0.78,1,0
2000-11-21,3,1,10,True,5.55,2,0.81,1,0
2000-11-22,3,1,10,True,6.9,1,0.53,1,0
2000-11-23,3,1,10,True,6.2,1,0.44,1,0
2000-11-24,3,1,10,True,6.3,0,0.7,1,0
2000-11-25,3,1,10,True,4.45,7,0.99,1,0
2000-11-26,3,1,10,True,7.5,1,0.7,1,0
2000-11-27,3,1,10,True,6.35,1,0.33,1,0
2000-11-28,3,1,10,True,5.55,0,0.22,1,0
2000-11-29,3,1,10,True,9.2,6,0.97,1,0
2000-11-30,3,1,10,True,6.0,5,0.78,1,0
2000-12-01,3,1,10,True,9.25,2,0.68,1,0
2000-12-02,3,1,10,True,8.15,1,0.77,1,0
2000-12-03,3,1,10,True,4.15,7,0.52,1,0
2000-12-04,3,1,10,True,6.35,6,0.95,1,0
2000-12-05,3,1,10,True,8.3,5,0.54,1,0
2000-12-06,3,1,10,True,6.5,3,0.69,0,0
2000-12-07,3,1,10,True,8.7,2,0.55,0,0
2000-12-08,3,1,10,True,7.1,2,0.45,0,0
2000-12-09,3,1,10,True,4.2,1,0.64,1,0
2000-12-10,3,1,10,True,3.55,0,0.67,1,0
2000-12-11,3,1,10,True,8.45,1,0.74,1,0
2000-12-12,3,1,10,True,4.55,1,0.75,1,0
2000-12-13,3,1,10,True,5.6,0,0.98,1,0
2000-12-14,3,1,10,True,6.45,0,1.0,1,0
2000-12-15,3,1,10,True,7.65,7,1.0,1,0
2000-12-16,3,1,10,True,14.0,4,0.73,1,0
2000-12-17,3,1,10,True,11.45,3,0.94,1,0
2000-12-18,3,1,10,True,7.3,2,0.65,0,0
2000-12-19,3,1,10,True,3.5,0,0.77,1,0
2000-12-20,3,1,10,True,3.6,7,0.25,0,0
2000-12-21,3,1,10,True,8.05,0,0.21,0,0
2000-12-22,3,1,10,True,6.85,7,0.32,1,0
2000-12-23,3,1,10,True,5.1,0,0.52,1,0
2000-12-24,3,1,10,True,5.05,7,0.89,1,0
2000-12-25,3,1,10,True,6.5,1,0.92,1,0
2000-12-26,3,1,10,True,6.45,0,0.92,1,0
2000-12-27,3,1,10,True,6.4,0,0.94,1,0
2000-12-28,3,1,10,True,6.6,0,0.98,1,0
2000-12-29,3,1,10,True,6.1,0,0.97,1,0
2000-12-30,3,1,10,True,7.8,6,0.97,1,0
2000-12-31,3,1,10,True,4.15,6,0.96,1,0
2001-01-01,3,1,10,True,6.05,1,0.93,1,0
2001-01-02,3,1,10,True,7.05,1,0.49,1,0
2001-01-03,3,1,10,True,7.75,1,0.08,0,0
2001-01-04,3,1,10,True,7.75,1,0.15,1,0
2001-01-05,3,1,10,True,5.75,0,0.35,1,0
2001-01-06,3,1,10,True,5.2,0,0.48,1,0
2001-01-07,3,1,10,True,6.1,0,0.46,1,0
2001-01-08,3,1,10,True,5.5,0,0.55,1,0
2001-01-09,3,1,10,True,5.35,0,0.96,1,0
2001-01-10,3,1,10,True,7.1,7,0.94,1,0
2001-01-11,3,1,10,True,8.65,0,0.99,1,0
2001-01-12,3,1,10,True,6.9,0,1.0,1,0
2001-01-13,3,1,10,True,8.3,1,0.9,1,0
2001-01-14,3,1,10,True,6.9,1,0.94,1,0
2001-01-15,3,1,10,True,4.4,1,0.82,1,0
2000-08-24,3,2,10,True,5.05,1,0.15,0,0
2000-08-25,3,2,10,True,8.65,0,0.1,0,0
2000-08-26,3,2,10,True,8.55,7,0.79,0,0
2000-08-27,3,2,10,True,5.3,3,0.94,1,0
2000-08-28,3,2,10,True,4.7,6,0.89,1,0
2000-08-29,3,2,10,True,4.75,1,0.22,0,0
2000-08-30,3,2,10,True,7.55,1,0.18,0,0
2000-08-31,3,2,10,True,6.35,1,0.97,1,0
2000-09-01,3,2,10,True,5.05,2,0.96,1,0
2000-09-02,3,2,10,True,4.2,5,1.0,1,0
2000-09-03,3,2,10,True,7.1,2,1.0,1,0
2000-09-04,3,2,10,True,10.5,2,0.84,0,0
2000-09-05,3,2,10,True,7.4,2,0.68,1,0
2000-09-06,3,2,10,True,6.9,2,0.62,1,0
2000-09-07,3,2,10,True,7.6,2,0.3,0,0
2000-09-08,3,2,10,True,7.95,2,0.74,1,0
2000-09-09,3,2,10,True,8.1,1,0.97,1,0
2000-09-10,3,2,10,True,9.25,1,0.95,1,0
2000-09-11,3,2,10,True,8.45,0,0.54,0,0
2000-09-12,3,2,10,True,8.55,1,0.99,1,0
2000-09-13,3,2,10,True,7.4,0,0.97,1,0
2000-09-14,3,2,10,True,8.2,0,0.97,1,0
2000-09-15,3,2,10,True,6.25,5,0.98,1,0
2000-09-16,3,2,10,True,6.05,4,0.74,0,0
2000-09-17,3,2,10,True,7.45,2,0.45,0,0
2000-09-18,3,2,10,True,9.95,1,0.09,0,0
2000-09-19,3,2,10,True,6.8,1,0.23,0,0
2000-09-20,3,2,10,True,8.5,1,0.2,0,0
2000-09-21,3,2,10,True,6.7,0,0.1,0,0
2000-09-22,3,2,10,True,4.85,8,0.79,1,0
2000-09-23,3,2,10,True,8.05,1,0.24,0,0
2000-09-24,3,2,10,True,7.7,6,0.56,1,0
2000-09-25,3,2,10,True,9.85,4,0.4,0,0
2000-09-26,3,2,10,True,9.15,2,0.18,0,0
2000-09-27,3,2,10,True,9.2,2,0.77,0,0
2000-09-28,3,2,10,True,9.8,1,0.94,1,0
2000-09-29,3,2,10,True,7.95,1,0.83,1,0
2000-09-30,3,2,10,True,6.65,1,0.53,1,0
2000-10-01,3,2,10,True,5.2,1,0.22,1,0
2000-10-02,3,2,10,True,4.6,1,0.08,0,0
2000-10-03,3,2,10,True,4.95,0,0.11,0,0
2000-10-04,3,2,10,True,8.3,7,0.43,1,0
2000-10-05,3,2,10,True,7.2,5,0.88,1,0
2000-10-06,3,2,10,True,5.4,4,0.06,0,0
2000-10-07,3,2,10,True,5.1,3,0.0,0,0
2000-10-08,3,2,10,True,8.85,2,0.0,0,0
2000-10-09,3,2,10,True,8.1,1,0.27,1,0
2000-10-10,3,2,10,True,6.7,0,0.97,1,0
2000-10-11,3,2,10,True,4.75,0,0.98,1,0
2000-10-12,3,2,10,True,5.8,0,0.66,1,0
2000-10-13,3,2,10,True,6.5,1,0.88,1,0
2000-10-14,3,2,10,True,6.5,2,0.48,0,0
2000-10-15,3,2,10,True,9.8,2,0.2,1,0
2000-10-16,3,2,10,True,10.3,2,0.87,0,0
2000-10-17,3,2,10,True,8.65,1,0.7,0,0
2000-10-18,3,2,10,True,7.3,2,0.33,0,0
2000-10-19,3,2,10,True,8.5,1,0.62,0,0
2000-10-20,3,2,10,True,7.65,2,0.64,0,0
2000-10-21,3,2,10,True,3.6,3,0.06,0,0
2000-10-22,3,2,10,True,8.65,2,0.12,0,0
2000-10-23,3,2,10,True,10.75,1,0.68,1,0
2000-10-24,3,2,10,True,3.55,0,0.96,0,0
2000-10-25,3,2,10,True,5.85,1,0.97,1,0
2000-10-26,3,2,10,True,6.5,1,0.67,1,0
2000-10-27,3,2,10,True,7.35,5,0.94,1,0
2000-10-28,3,2,10,True,6.55,4,0.73,0,0
2000-10-29,3,2,10,True,9.6,2,0.54,0,0
2000-10-30,3,2,10,True,9.6,2,0.3,0,0
2000-10-31,3,2,10,True,7.2,1,0.7,0,0
2000-11-01,3,2,10,True,7.75,1,0.32,1,0
2000-11-02,3,2,10,True,6.5,1,0.77,1,0
2000-11-03,3,2,10,True,2.75,6,0.89,1,0
2000-11-04,3,2,10,True,6.1,2,0.71,1,0
2000-11-05,3,2,10,True,5.35,1,0.91,1,0
2000-11-06,3,2,10,True,8.1,2,0.98,1,0
2000-11-07,3,2,10,True,9.2,2,0.76,1,0
2000-11-08,3,2,10,True,9.7,1,0.42,0,0
2000-11-09,3,2,10,True,8.3,1,0.4,0,0
2000-11-10,3,2,10,True,6.95,1,0.52,1,0
2000-11-11,3,2,10,True,7.9,1,0.93,1,0
2000-11-12,3,2,10,True,7.65,1,0.96,1,0
2000-11-13,3,2,10,True,5.9,0,0.96,1,0
2000-11-14,3,2,10,True,8.7,5,0.68,1,0
2000-11-15,3,2,10,True,8.2,4,0.42,0,0
2000-11-16,3,2,10,True,6.35,3,0.12,0,0
2000-11-17,3,2,10,True,7.75,2,0.47,1,0
2000-11-18,3,2,10,True,5.65,1,0.76,1,0
2000-11-19,3,2,10,True,7.0,0,0.65,1,0
2000-11-20,3,2,10,True,6.0,0,0.78,1,0
2000-11-21,3,2,10,True,5.55,2,0.81,1,0
2000-11-22,3,2,10,True,6.9,1,0.53,1,0
2000-11-23,3,2,10,True,6.2,1,0.44,1,0
2000-11-24,3,2,10,True,6.3,0,0.7,1,0
2000-11-25,3,2,10,True,4.45,7,0.99,1,0
2000-11-26,3,2,10,True,7.5,1,0.7,1,0
2000-11-27,3,2,10,True,6.35,1,0.33,1,0
2000-11-28,3,2,10,True,5.55,0,0.22,1,0
2000-11-29,3,2,10,True,9.2,6,0.97,1,0
2000-11-30,3,2,10,True,6.0,5,0.78,1,0
2000-12-01,3,2,10,True,9.25,2,0.68,1,0
2000-12-02,3,2,10,True,8.15,1,0.77,1,0
2000-12-03,3,2,10,True,4.15,7,0.52,1,0
2000-12-04,3,2,10,True,6.35,6,0.95,1,0
2000-12-05,3,2,10,True,8.3,5,0.54,1,0
2000-12-06,3,2,10,True,6.5,3,0.69,0,0
2000-12-07,3,2,10,True,8.7,2,0.55,0,0
2000-12-08,3,2,10,True,7.1,2,0.45,0,0
2000-12-09,3,2,10,True,4.2,1,0.64,1,0
2000-12-10,3,2,10,True,3.55,0,0.67,1,0
2000-12-11,3,2,10,True,8.45,1,0.74,1,0
2000-12-12,3,2,10,True,4.55,1,0.75,1,0
2000-12-13,3,2,10,True,5.6,0,0.98,1,0
2000-12-14,3,2,10,True,6.45,0,1.0,1,0
2000-12-15,3,2,10,True,7.65,7,1.0,1,0
2000-12-16,3,2,10,True,14.0,4,0.73,1,0
2000-12-17,3,2,10,True,11.45,3,0.94,1,0
2000-12-18,3,2,10,True,7.3,2,0.65,0,0
2000-12-19,3,2,10,True,3.5,0,0.77,1,0
2000-12-20,3,2,10,True,3.6,7,0.25,0,0
2000-12-21,3,2,10,True,8.05,0,0.21,0,0
2000-12-22,3,2,10,True,6.85,7,0.32,1,0
2000-12-23,3,2,10,True,5.1,0,0.52,1,0
2000-12-24,3,2,10,True,5.05,7,0.89,1,0
2000-12-25,3,2,10,True,6.5,1,0.92,1,0
2000-12-26,3,2,10,True,6.45,0,0.92,1,0
2000-12-27,3,2,10,True,6.4,0,0.94,1,0
2000-12-28,3,2,10,True,6.6,0,0.98,1,0
2000-12-29,3,2,10,True,6.1,0,0.97,1,0
2000-12-30,3,2,10,True,7.8,6,0.97,1,0
2000-12-31,3,2,10,True,4.15,6,0.96,1,0
2001-01-01,3,2,10,True,6.05,1,0.93,1,0
2001-01-02,3,2,10,True,7.05,1,0.49,1,0
2001-01-03,3,2,10,True,7.75,1,0.08,0,0
2001-01-04,3,2,10,True,7.75,1,0.15,1,0
2001-01-05,3,2,10,True,5.75,0,0.35,1,0
2001-01-06,3,2,10,True,5.2,0,0.48,1,0
2001-01-07,3,2,10,True,6.1,0,0.46,1,0
2001-01-08,3,2,10,True,5.5,0,0.55,1,0
2001-01-09,3,2,10,True,5.35,0,0.96,1,0
2001-01-10,3,2,10,True,7.1,7,0.94,1,0
2001-01-11,3,2,10,True,8.65,0,0.99,1,0
2001-01-12,3,2,10,True,6.9,0,1.0,1,0
2001-01-13,3,2,10,True,8.3,1,0.9,1,0
2001-01-14,3,2,10,True,6.9,1,0.94,1,0
2001-01-15,3,2,10,True,4.4,1,0.82,1,0
2000-08-24,3,3,10,True,5.05,1,0.15,0,0
2000-08-25,3,3,10,True,8.65,0,0.1,0,0
2000-08-26,3,3,10,True,8.55,7,0.79,0,0
2000-08-27,3,3,10,True,5.3,3,0.94,1,0
2000-08-28,3,3,10,True,4.7,6,0.89,1,0
2000-08-29,3,3,10,True,4.75,1,0.22,0,0
2000-08-30,3,3,10,True,7.55,1,0.18,0,0
2000-08-31,3,3,10,True,6.35,1,0.97,1,0
2000-09-01,3,3,10,True,5.05,2,0.96,1,0
2000-09-02,3,3,10,True,4.2,5,1.0,1,0
2000-09-03,3,3,10,True,7.1,2,1.0,1,0
2000-09-04,3,3,10,True,10.5,2,0.84,0,0
2000-09-05,3,3,10,True,7.4,2,0.68,1,0
2000-09-06,3,3,10,True,6.9,2,0.62,1,0
2000-09-07,3,3,10,True,7.6,2,0.3,0,0
2000-09-08,3,3,10,True,7.95,2,0.74,1,0
2000-09-09,3,3,10,True,8.1,1,0.97,1,0
2000-09-10,3,3,10,True,9.25,1,0.95,1,0
2000-09-11,3,3,10,True,8.45,0,0.54,0,0
2000-09-12,3,3,10,True,8.55,1,0.99,1,0
2000-09-13,3,3,10,True,7.4,0,0.97,1,0
2000-09-14,3,3,10,True,8.2,0,0.97,1,0
2000-09-15,3,3,10,True,6.25,5,0.98,1,0
2000-09-16,3,3,10,True,6.05,4,0.74,0,0
2000-09-17,3,3,10,True,7.45,2,0.45,0,0
2000-09-18,3,3,10,True,9.95,1,0.09,0,0
2000-09-19,3,3,10,True,6.8,1,0.23,0,0
2000-09-20,3,3,10,True,8.5,1,0.2,0,0
2000-09-21,3,3,10,True,6.7,0,0.1,0,0
2000-09-22,3,3,10,True,4.85,8,0.79,1,0
2000-09-23,3,3,10,True,8.05,1,0.24,0,0
2000-09-24,3,3,10,True,7.7,6,0.56,1,0
2000-09-25,3,3,10,True,9.85,4,0.4,0,0
2000-09-26,3,3,10,True,9.15,2,0.18,0,0
2000-09-27,3,3,10,True,9.2,2,0.77,0,0
2000-09-28,3,3,10,True,9.8,1,0.94,1,0
2000-09-29,3,3,10,True,7.95,1,0.83,1,0
2000-09-30,3,3,10,True,6.65,1,0.53,1,0
2000-10-01,3,3,10,True,5.2,1,0.22,1,0
2000-10-02,3,3,10,True,4.6,1,0.08,0,0
2000-10-03,3,3,10,True,4.95,0,0.11,0,0
2000-10-04,3,3,10,True,8.3,7,0.43,1,0
2000-10-05,3,3,10,True,7.2,5,0.88,1,0
2000-10-06,3,3,10,True,5.4,4,0.06,0,0
2000-10-07,3,3,10,True,5.1,3,0.0,0,0
2000-10-08,3,3,10,True,8.85,2,0.0,0,0
2000-10-09,3,3,10,True,8.1,1,0.27,1,0
2000-10-10,3,3,10,True,6.7,0,0.97,1,0
2000-10-11,3,3,10,True,4.75,0,0.98,1,0
2000-10-12,3,3,10,True,5.8,0,0.66,1,0
2000-10-13,3,3,10,True,6.5,1,0.88,1,0
2000-10-14,3,3,10,True,6.5,2,0.48,0,0
2000-10-15,3,3,10,True,9.8,2,0.2,1,0
2000-10-16,3,3,10,True,10.3,2,0.87,0,0
2000-10-17,3,3,10,True,8.65,1,0.7,0,0
2000-10-18,3,3,10,True,7.3,2,0.33,0,0
2000-10-19,3,3,10,True,8.5,1,0.62,0,0
2000-10-20,3,3,10,True,7.65,2,0.64,0,0
2000-10-21,3,3,10,True,3.6,3,0.06,0,0
2000-10-22,3,3,10,True,8.65,2,0.12,0,0
2000-10-23,3,3,10,True,10.75,1,0.68,1,0
2000-10-24,3,3,10,True,3.55,0,0.96,0,0
2000-10-25,3,3,10,True,5.85,1,0.97,1,0
2000-10-26,3,3,10,True,6.5,1,0.67,1,0
2000-10-27,3,3,10,True,7.35,5,0.94,1,0
2000-10-28,3,3,10,True,6.55,4,0.73,0,0
2000-10-29,3,3,10,True,9.6,2,0.54,0,0
2000-10-30,3,3,10,True,9.6,2,0.3,0,0
2000-10-31,3,3,10,True,7.2,1,0.7,0,0
2000-11-01,3,3,10,True,7.75,1,0.32,1,0
2000-11-02,3,3,10,True,6.5,1,0.77,1,0
2000-11-03,3,3,10,True,2.75,6,0.89,1,0
2000-11-04,3,3,10,True,6.1,2,0.71,1,0
2000-11-05,3,3,10,True,5.35,1,0.91,1,0
2000-11-06,3,3,10,True,8.1,2,0.98,1,0
2000-11-07,3,3,10,True,9.2,2,0.76,1,0
2000-11-08,3,3,10,True,9.7,1,0.42,0,0
2000-11-09,3,3,10,True,8.3,1,0.4,0,0
2000-11-10,3,3,10,True,6.95,1,0.52,1,0
2000-11-11,3,3,10,True,7.9,1,0.93,1,0
2000-11-12,3,3,10,True,7.65,1,0.96,1,0
2000-11-13,3,3,10,True,5.9,0,0.96,1,0
2000-11-14,3,3,10,True,8.7,5,0.68,1,0
2000-11-15,3,3,10,True,8.2,4,0.42,0,0
2000-11-16,3,3,10,True,6.35,3,0.12,0,0
2000-11-17,3,3,10,True,7.75,2,0.47,1,0
2000-11-18,3,3,10,True,5.65,1,0.76,1,0
2000-11-19,3,3,10,True,7.0,0,0.65,1,0
2000-11-20,3,3,10,True,6.0,0,0.78,1,0
2000-11-21,3,3,10,True,5.55,2,0.81,1,0
2000-11-22,3,3,10,True,6.9,1,0.53,1,0
2000-11-23,3,3,10,True,6.2,1,0.44,1,0
2000-11-24,3,3,10,True,6.3,0,0.7,1,0
2000-11-25,3,3,10,True,4.45,7,0.99,1,0
2000-11-26,3,3,10,True,7.5,1,0.7,1,0
2000-11-27,3,3,10,True,6.35,1,0.33,1,0
2000-11-28,3,3,10,True,5.55,0,0.22,1,0
2000-11-29,3,3,10,True,9.2,6,0.97,1,0
2000-11-30,3,3,10,True,6.0,5,0.78,1,0
2000-12-01,3,3,10,True,9.25,2,0.68,1,0
2000-12-02,3,3,10,True,8.15,1,0.77,1,0
2000-12-03,3,3,10,True,4.15,7,0.52,1,0
2000-12-04,3,3,10,True,6.35,6,0.95,1,0
2000-12-05,3,3,10,True,8.3,5,0.54,1,0
2000-12-06,3,3,10,True,6.5,3,0.69,0,0
2000-12-07,3,3,10,True,8.7,2,0.55,0,0
2000-12-08,3,3,10,True,7.1,2,0.45,0,0
2000-12-09,3,3,10,True,4.2,1,0.64,1,0
2000-12-10,3,3,10,True,3.55,0,0.67,1,0
2000-12-11,3,3,10,True,8.45,1,0.74,1,0
2000-12-12,3,3,10,True,4.55,1,0.75,1,0
2000-12-13,3,3,10,True,5.6,0,0.98,1,0
2000-12-14,3,3,10,True,6.45,0,1.0,1,0
2000-12-15,3,3,10,True,7.65,7,1.0,1,0
2000-12-16,3,3,10,True,14.0,4,0.73,1,0
2000-12-17,3,3,10,True,11.45,3,0.94,1,0
2000-12-18,3,3,10,True,7.3,2,0.65,0,0
2000-12-19,3,3,10,True,3.5,0,0.77,1,0
2000-12-20,3,3,10,True,3.6,7,0.25,0,0
2000-12-21,3,3,10,True,8.05,0,0.21,0,0
2000-12-22,3,3,10,True,6.85,7,0.32,1,0
2000-12-23,3,3,10,True,5.1,0,0.52,1,0
2000-12-24,3,3,10,True,5.05,7,0.89,1,0
2000-12-25,3,3,10,True,6.5,1,0.92,1,0
2000-12-26,3,3,10,True,6.45,0,0.92,1,0
2000-12-27,3,3,10,True,6.4,0,0.94,1,0
2000-12-28,3,3,10,True,6.6,0,0.98,1,0
2000-12-29,3,3,10,True,6.1,0,0.97,1,0
2000-12-30,3,3,10,True,7.8,6,0.97,1,0
2000-12-31,3,3,10,True,4.15,6,0.96,1,0
2001-01-01,3,3,10,True,6.05,1,0.93,1,0
2001-01-02,3,3,10,True,7.05,1,0.49,1,0
2001-01-03,3,3,10,True,7.75,1,0.08,0,0
2001-01-04,3,3,10,True,7.75,1,0.15,1,0
2001-01-05,3,3,10,True,5.75,0,0.35,1,0
2001-01-06,3,3,10,True,5.2,0,0.48,1,0
2001-01-07,3,3,10,True,6.1,0,0.46,1,0
2001-01-08,3,3,10,True,5.5,0,0.55,1,0
2001-01-09,3,3,10,True,5.35,0,0.96,1,0
2001-01-10,3,3,10,True,7.1,7,0.94,1,0
2001-01-11,3,3,10,True,8.65,0,0.99,1,0
2001-01-12,3,3,10,True,6.9,0,1.0,1,0
2001-01-13,3,3,10,True,8.3,1,0.9,1,0
2001-01-14,3,3,10,True,6.9,1,0.94,1,0
2001-01-15,3,3,10,True,4.4,1,0.82,1,0
2000-08-24,3,4,10,True,5.05,1,0.15,0,0
2000-08-25,3,4,10,True,8.65,0,0.1,0,0
2000-08-26,3,4,10,True,8.55,7,0.79,0,0
2000-08-27,3,4,10,True,5.3,3,0.94,1,0
2000-08-28,3,4,10,True,4.7,6,0.89,1,0
2000-08-29,3,4,10,True,4.75,1,0.22,0,0
2000-08-30,3,4,10,True,7.55,1,0.18,0,0
2000-08-31,3,4,10,True,6.35,1,0.97,1,0
2000-09-01,3,4,10,True,5.05,2,0.96,1,0
2000-09-02,3,4,10,True,4.2,5,1.0,1,0
2000-09-03,3,4,10,True,7.1,2,1.0,1,0
2000-09-04,3,4,10,True,10.5,2,0.84,0,0
2000-09-05,3,4,10,True,7.4,2,0.68,1,0
2000-09-06,3,4,10,True,6.9,2,0.62,1,0
2000-09-07,3,4,10,True,7.6,2,0.3,0,0
2000-09-08,3,4,10,True,7.95,2,0.74,1,0
2000-09-09,3,4,10,True,8.1,1,0.97,1,0
2000-09-10,3,4,10,True,9.25,1,0.95,1,0
2000-09-11,3,4,10,True,8.45,0,0.54,0,0
2000-09-12,3,4,10,True,8.55,1,0.99,1,0
2000-09-13,3,4,10,True,7.4,0,0.97,1,0
2000-09-14,3,4,10,True,8.2,0,0.97,1,0
2000-09-15,3,4,10,True,6.25,5,0.98,1,0
2000-09-16,3,4,10,True,6.05,4,0.74,0,0
2000-09-17,3,4,10,True,7.45,2,0.45,0,0
2000-09-18,3,4,10,True,9.95,1,0.09,0,0
2000-09-19,3,4,10,True,6.8,1,0.23,0,0
2000-09-20,3,4,10,True,8.5,1,0.2,0,0
2000-09-21,3,4,10,True,6.7,0,0.1,0,0
2000-09-22,3,4,10,True,4.85,8,0.79,1,0
2000-09-23,3,4,10,True,8.05,1,0.24,0,0
2000-09-24,3,4,10,True,7.7,6,0.56,1,0
2000-09-25,3,4,10,True,9.85,4,0.4,0,0
2000-09-26,3,4,10,True,9.15,2,0.18,0,0
2000-09-27,3,4,10,True,9.2,2,0.77,0,0
2000-09-28,3,4,10,True,9.8,1,0.94,1,0
2000-09-29,3,4,10,True,7.95,1,0.83,1,0
2000-09-30,3,4,10,True,6.65,1,0.53,1,0
2000-10-01,3,4,10,True,5.2,1,0.22,1,0
2000-10-02,3,4,10,True,4.6,1,0.08,0,0
2000-10-03,3,4,10,True,4.95,0,0.11,0,0
2000-10-04,3,4,10,True,8.3,7,0.43,1,0
2000-10-05,3,4,10,True,7.2,5,0.88,1,0
2000-10-06,3,4,10,True,5.4,4,0.06,0,0
2000-10-07,3,4,10,True,5.1,3,0.0,0,0
2000-10-08,3,4,10,True,8.85,2,0.0,0,0
2000-10-09,3,4,10,True,8.1,1,0.27,1,0
2000-10-10,3,4,10,True,6.7,0,0.97,1,0
2000-10-11,3,4,10,True,4.75,0,0.98,1,0
2000-10-12,3,4,10,True,5.8,0,0.66,1,0
2000-10-13,3,4,10,True,6.5,1,0.88,1,0
2000-10-14,3,4,10,True,6.5,2,0.48,0,0
2000-10-15,3,4,10,True,9.8,2,0.2,1,0
2000-10-16,3,4,10,True,10.3,2,0.87,0,0
2000-10-17,3,4,10,True,8.65,1,0.7,0,0
2000-10-18,3,4,10,True,7.3,2,0.33,0,0
2000-10-19,3,4,10,True,8.5,1,0.62,0,0
2000-10-20,3,4,10,True,7.65,2,0.64,0,0
2000-10-21,3,4,10,True,3.6,3,0.06,0,0
2000-10-22,3,4,10,True,8.65,2,0.12,0,0
2000-10-23,3,4,10,True,10.75,1,0.68,1,0
2000-10-24,3,4,10,True,3.55,0,0.96,0,0
2000-10-25,3,4,10,True,5.85,1,0.97,1,0
2000-10-26,3,4,10,True,6.5,1,0.67,1,0
2000-10-27,3,4,10,True,7.35,5,0.94,1,0
2000-10-28,3,4,10,True,6.55,4,0.73,0,0
2000-10-29,3,4,10,True,9.6,2,0.54,0,0
2000-10-30,3,4,10,True,9.6,2,0.3,0,0
2000-10-31,3,4,10,True,7.2,1,0.7,0,0
2000-11-01,3,4,10,True,7.75,1,0.32,1,0
2000-11-02,3,4,10,True,6.5,1,0.77,1,0
2000-11-03,3,4,10,True,2.75,6,0.89,1,0
2000-11-04,3,4,10,True,6.1,2,0.71,1,0
2000-11-05,3,4,10,True,5.35,1,0.91,1,0
2000-11-06,3,4,10,True,8.1,2,0.98,1,0
2000-11-07,3,4,10,True,9.2,2,0.76,1,0
2000-11-08,3,4,10,True,9.7,1,0.42,0,0
2000-11-09,3,4,10,True,8.3,1,0.4,0,0
2000-11-10,3,4,10,True,6.95,1,0.52,1,0
2000-11-11,3,4,10,True,7.9,1,0.93,1,0
2000-11-12,3,4,10,True,7.65,1,0.96,1,0
2000-11-13,3,4,10,True,5.9,0,0.96,1,0
2000-11-14,3,4,10,True,8.7,5,0.68,1,0
2000-11-15,3,4,10,True,8.2,4,0.42,0,0
2000-11-16,3,4,10,True,6.35,3,0.12,0,0
2000-11-17,3,4,10,True,7.75,2,0.47,1,0
2000-11-18,3,4,10,True,5.65,1,0.76,1,0
2000-11-19,3,4,10,True,7.0,0,0.65,1,0
2000-11-20,3,4,10,True,6.0,0,0.78,1,0
2000-11-21,3,4,10,True,5.55,2,0.81,1,0
2000-11-22,3,4,10,True,6.9,1,0.53,1,0
2000-11-23,3,4,10,True,6.2,1,0.44,1,0
2000-11-24,3,4,10,True,6.3,0,0.7,1,0
2000-11-25,3,4,10,True,4.45,7,0.99,1,0
2000-11-26,3,4,10,True,7.5,1,0.7,1,0
2000-11-27,3,4,10,True,6.35,1,0.33,1,0
2000-11-28,3,4,10,True,5.55,0,0.22,1,0
2000-11-29,3,4,10,True,9.2,6,0.97,1,0
2000-11-30,3,4,10,True,6.0,5,0.78,1,0
2000-12-01,3,4,10,True,9.25,2,0.68,1,0
2000-12-02,3,4,10,True,8.15,1,0.77,1,0
2000-12-03,3,4,10,True,4.15,7,0.52,1,0
2000-12-04,3,4,10,True,6.35,6,0.95,1,0
2000-12-05,3,4,10,True,8.3,5,0.54,1,0
2000-12-06,3,4,10,True,6.5,3,0.69,0,0
2000-12-07,3,4,10,True,8.7,2,0.55,0,0
2000-12-08,3,4,10,True,7.1,2,0.45,0,0
2000-12-09,3,4,10,True,4.2,1,0.64,1,0
2000-12-10,3,4,10,True,3.55,0,0.67,1,0
2000-12-11,3,4,10,True,8.45,1,0.74,1,0
2000-12-12,3,4,10,True,4.55,1,0.75,1,0
2000-12-13,3,4,10,True,5.6,0,0.98,1,0
2000-12-14,3,4,10,True,6.45,0,1.0,1,0
2000-12-15,3,4,10,True,7.65,7,1.0,1,0
2000-12-16,3,4,10,True,14.0,4,0.73,1,0
2000-12-17,3,4,10,True,11.45,3,0.94,1,0
2000-12-18,3,4,10,True,7.3,2,0.65,0,0
2000-12-19,3,4,10,True,3.5,0,0.77,1,0
2000-12-20,3,4,10,True,3.6,7,0.25,0,0
2000-12-21,3,4,10,True,8.05,0,0.21,0,0
2000-12-22,3,4,10,True,6.85,7,0.32,1,0
2000-12-23,3,4,10,True,5.1,0,0.52,1,0
2000-12-24,3,4,10,True,5.05,7,0.89,1,0
2000-12-25,3,4,10,True,6.5,1,0.92,1,0
2000-12-26,3,4,10,True,6.45,0,0.92,1,0
2000-12-27,3,4,10,True,6.4,0,0.94,1,0
2000-12-28,3,4,10,True,6.6,0,0.98,1,0
2000-12-29,3,4,10,True,6.1,0,0.97,1,0
2000-12-30,3,4,10,True,7.8,6,0.97,1,0
2000-12-31,3,4,10,True,4.15,6,0.96,1,0
2001-01-01,3,4,10,True,6.05,1,0.93,1,0
2001-01-02,3,4,10,True,7.05,1,0.49,1,0
2001-01-03,3,4,10,True,7.75,1,0.08,0,0
2001-01-04,3,4,10,True,7.75,1,0.15,1,0
2001-01-05,3,4,10,True,5.75,0,0.35,1,0
2001-01-06,3,4,10,True,5.2,0,0.48,1,0
2001-01-07,3,4,10,True,6.1,0,0.46,1,0
2001-01-08,3,4,10,True,5.5,0,0.55,1,0
2001-01-09,3,4,10,True,5.35,0,0.96,1,0
2001-01-10,3,4,10,True,7.1,7,0.94,1,0
2001-01-11,3,4,10,True,8.65,0,0.99,1,0
2001-01-12,3,4,10,True,6.9,0,1.0,1,0
2001-01-13,3,4,10,True,8.3,1,0.9,1,0
2001-01-14,3,4,10,True,6.9,1,0.94,1,0
2001-01-15,3,4,10,True,4.4,1,0.82,1,0
2000-08-24,4,0,10,True,5.05,1,0.15,0,0
2000-08-25,4,0,10,True,8.65,0,0.1,0,0
2000-08-26,4,0,10,True,8.55,7,0.79,0,0
2000-08-27,4,0,10,True,5.3,3,0.94,1,0
2000-08-28,4,0,10,True,4.7,6,0.89,1,0
2000-08-29,4,0,10,True,4.75,1,0.22,0,0
2000-08-30,4,0,10,True,7.55,1,0.18,0,0
2000-08-31,4,0,10,True,6.35,1,0.97,1,0
2000-09-01,4,0,10,True,5.05,2,0.96,1,0
2000-09-02,4,0,10,True,4.2,5,1.0,1,0
2000-09-03,4,0,10,True,7.1,2,1.0,1,0
2000-09-04,4,0,10,True,10.5,2,0.84,0,0
2000-09-05,4,0,10,True,7.4,2,0.68,1,0
2000-09-06,4,0,10,True,6.9,2,0.62,1,0
2000-09-07,4,0,10,True,7.6,2,0.3,0,0
2000-09-08,4,0,10,True,7.95,2,0.74,1,0
2000-09-09,4,0,10,True,8.1,1,0.97,1,0
2000-09-10,4,0,10,True,9.25,1,0.95,1,0
2000-09-11,4,0,10,True,8.45,0,0.54,0,0
2000-09-12,4,0,10,True,8.55,1,0.99,1,0
2000-09-13,4,0,10,True,7.4,0,0.97,1,0
2000-09-14,4,0,10,True,8.2,0,0.97,1,0
2000-09-15,4,0,10,True,6.25,5,0.98,1,0
2000-09-16,4,0,10,True,6.05,4,0.74,0,0
2000-09-17,4,0,10,True,7.45,2,0.45,0,0
2000-09-18,4,0,10,True,9.95,1,0.09,0,0
2000-09-19,4,0,10,True,6.8,1,0.23,0,0
2000-09-20,4,0,10,True,8.5,1,0.2,0,0
2000-09-21,4,0,10,True,6.7,0,0.1,0,0
2000-09-22,4,0,10,True,4.85,8,0.79,1,0
2000-09-23,4,0,10,True,8.05,1,0.24,0,0
2000-09-24,4,0,10,True,7.7,6,0.56,1,0
2000-09-25,4,0,10,True,9.85,4,0.4,0,0
2000-09-26,4,0,10,True,9.15,2,0.18,0,0
2000-09-27,4,0,10,True,9.2,2,0.77,0,0
2000-09-28,4,0,10,True,9.8,1,0.94,1,0
2000-09-29,4,0,10,True,7.95,1,0.83,1,0
2000-09-30,4,0,10,True,6.65,1,0.53,1,0
2000-10-01,4,0,10,True,5.2,1,0.22,1,0
2000-10-02,4,0,10,True,4.6,1,0.08,0,0
2000-10-03,4,0,10,True,4.95,0,0.11,0,0
2000-10-04,4,0,10,True,8.3,7,0.43,1,0
2000-10-05,4,0,10,True,7.2,5,0.88,1,0
2000-10-06,4,0,10,True,5.4,4,0.06,0,0
2000-10-07,4,0,10,True,5.1,3,0.0,0,0
2000-10-08,4,0,10,True,8.85,2,0.0,0,0
2000-10-09,4,0,10,True,8.1,1,0.27,1,0
2000-10-10,4,0,10,True,6.7,0,0.97,1,0
2000-10-11,4,0,10,True,4.75,0,0.98,1,0
2000-10-12,4,0,10,True,5.8,0,0.66,1,0
2000-10-13,4,0,10,True,6.5,1,0.88,1,0
2000-10-14,4,0,10,True,6.5,2,0.48,0,0
2000-10-15,4,0,10,True,9.8,2,0.2,1,0
2000-10-16,4,0,10,True,10.3,2,0.87,0,0
2000-10-17,4,0,10,True,8.65,1,0.7,0,0
2000-10-18,4,0,10,True,7.3,2,0.33,0,0
2000-10-19,4,0,10,True,8.5,1,0.62,0,0
2000-10-20,4,0,10,True,7.65,2,0.64,0,0
2000-10-21,4,0,10,True,3.6,3,0.06,0,0
2000-10-22,4,0,10,True,8.65,2,0.12,0,0
2000-10-23,4,0,10,True,10.75,1,0.68,1,0
2000-10-24,4,0,10,True,3.55,0,0.96,0,0
2000-10-25,4,0,10,True,5.85,1,0.97,1,0
2000-10-26,4,0,10,True,6.5,1,0.67,1,0
2000-10-27,4,0,10,True,7.35,5,0.94,1,0
2000-10-28,4,0,10,True,6.55,4,0.73,0,0
2000-10-29,4,0,10,True,9.6,2,0.54,0,0
2000-10-30,4,0,10,True,9.6,2,0.3,0,0
2000-10-31,4,0,10,True,7.2,1,0.7,0,0
2000-11-01,4,0,10,True,7.75,1,0.32,1,0
2000-11-02,4,0,10,True,6.5,1,0.77,1,0
2000-11-03,4,0,10,True,2.75,6,0.89,1,0
2000-11-04,4,0,10,True,6.1,2,0.71,1,0
2000-11-05,4,0,10,True,5.35,1,0.91,1,0
2000-11-06,4,0,10,True,8.1,2,0.98,1,0
2000-11-07,4,0,10,True,9.2,2,0.76,1,0
2000-11-08,4,0,10,True,9.7,1,0.42,0,0
2000-11-09,4,0,10,True,8.3,1,0.4,0,0
2000-11-10,4,0,10,True,6.95,1,0.52,1,0
2000-11-11,4,0,10,True,7.9,1,0.93,1,0
2000-11-12,4,0,10,True,7.65,1,0.96,1,0
2000-11-13,4,0,10,True,5.9,0,0.96,1,0
2000-11-14,4,0,10,True,8.7,5,0.68,1,0
2000-11-15,4,0,10,True,8.2,4,0.42,0,0
2000-11-16,4,0,10,True,6.35,3,0.12,0,0
2000-11-17,4,0,10,True,7.75,2,0.47,1,0
2000-11-18,4,0,10,True,5.65,1,0.76,1,0
2000-11-19,4,0,10,True,7.0,0,0.65,1,0
2000-11-20,4,0,10,True,6.0,0,0.78,1,0
2000-11-21,4,0,10,True,5.55,2,0.81,1,0
2000-11-22,4,0,10,True,6.9,1,0.53,1,0
2000-11-23,4,0,10,True,6.2,1,0.44,1,0
2000-11-24,4,0,10,True,6.3,0,0.7,1,0
2000-11-25,4,0,10,True,4.45,7,0.99,1,0
2000-11-26,4,0,10,True,7.5,1,0.7,1,0
2000-11-27,4,0,10,True,6.35,1,0.33,1,0
2000-11-28,4,0,10,True,5.55,0,0.22,1,0
2000-11-29,4,0,10,True,9.2,6,0.97,1,0
2000-11-30,4,0,10,True,6.0,5,0.78,1,0
2000-12-01,4,0,10,True,9.25,2,0.68,1,0
2000-12-02,4,0,10,True,8.15,1,0.77,1,0
2000-12-03,4,0,10,True,4.15,7,0.52,1,0
2000-12-04,4,0,10,True,6.35,6,0.95,1,0
2000-12-05,4,0,10,True,8.3,5,0.54,1,0
2000-12-06,4,0,10,True,6.5,3,0.69,0,0
2000-12-07,4,0,10,True,8.7,2,0.55,0,0
2000-12-08,4,0,10,True,7.1,2,0.45,0,0
2000-12-09,4,0,10,True,4.2,1,0.64,1,0
2000-12-10,4,0,10,True,3.55,0,0.67,1,0
2000-12-11,4,0,10,True,8.45,1,0.74,1,0
2000-12-12,4,0,10,True,4.55,1,0.75,1,0
2000-12-13,4,0,10,True,5.6,0,0.98,1,0
2000-12-14,4,0,10,True,6.45,0,1.0,1,0
2000-12-15,4,0,10,True,7.65,7,1.0,1,0
2000-12-16,4,0,10,True,14.0,4,0.73,1,0
2000-12-17,4,0,10,True,11.45,3,0.94,1,0
2000-12-18,4,0,10,True,7.3,2,0.65,0,0
2000-12-19,4,0,10,True,3.5,0,0.77,1,0
2000-12-20,4,0,10,True,3.6,7,0.25,0,0
2000-12-21,4,0,10,True,8.05,0,0.21,0,0
2000-12-22,4,0,10,True,6.85,7,0.32,1,0
2000-12-23,4,0,10,True,5.1,0,0.52,1,0
2000-12-24,4,0,10,True,5.05,7,0.89,1,0
2000-12-25,4,0,10,True,6.5,1,0.92,1,0
2000-12-26,4,0,10,True,6.45,0,0.92,1,0
2000-12-27,4,0,10,True,6.4,0,0.94,1,0
2000-12-28,4,0,10,True,6.6,0,0.98,1,0
2000-12-29,4,0,10,True,6.1,0,0.97,1,0
2000-12-30,4,0,10,True,7.8,6,0.97,1,0
2000-12-31,4,0,10,True,4.15,6,0.96,1,0
2001-01-01,4,0,10,True,6.05,1,0.93,1,0
2001-01-02,4,0,10,True,7.05,1,0.49,1,0
2001-01-03,4,0,10,True,7.75,1,0.08,0,0
2001-01-04,4,0,10,True,7.75,1,0.15,1,0
2001-01-05,4,0,10,True,5.75,0,0.35,1,0
2001-01-06,4,0,10,True,5.2,0,0.48,1,0
2001-01-07,4,0,10,True,6.1,0,0.46,1,0
2001-01-08,4,0,10,True,5.5,0,0.55,1,0
2001-01-09,4,0,10,True,5.35,0,0.96,1,0
2001-01-10,4,0,10,True,7.1,7,0.94,1,0
2001-01-11,4,0,10,True,8.65,0,0.99,1,0
2001-01-12,4,0,10,True,6.9,0,1.0,1,0
2001-01-13,4,0,10,True,8.3,1,0.9,1,0
2001-01-14,4,0,10,True,6.9,1,0.94,1,0
2001-01-15,4,0,10,True,4.4,1,0.82,1,0
2000-08-24,4,1,10,True,5.05,1,0.15,0,0
2000-08-25,4,1,10,True,8.65,0,0.1,0,0
2000-08-26,4,1,10,True,8.55,7,0.79,0,0
2000-08-27,4,1,10,True,5.3,3,0.94,1,0
2000-08-28,4,1,10,True,4.7,6,0.89,1,0
2000-08-29,4,1,10,True,4.75,1,0.22,0,0
2000-08-30,4,1,10,True,7.55,1,0.18,0,0
2000-08-31,4,1,10,True,6.35,1,0.97,1,0
2000-09-01,4,1,10,True,5.05,2,0.96,1,0
2000-09-02,4,1,10,True,4.2,5,1.0,1,0
2000-09-03,4,1,10,True,7.1,2,1.0,1,0
2000-09-04,4,1,10,True,10.5,2,0.84,0,0
2000-09-05,4,1,10,True,7.4,2,0.68,1,0
2000-09-06,4,1,10,True,6.9,2,0.62,1,0
2000-09-07,4,1,10,True,7.6,2,0.3,0,0
2000-09-08,4,1,10,True,7.95,2,0.74,1,0
2000-09-09,4,1,10,True,8.1,1,0.97,1,0
2000-09-10,4,1,10,True,9.25,1,0.95,1,0
2000-09-11,4,1,10,True,8.45,0,0.54,0,0
2000-09-12,4,1,10,True,8.55,1,0.99,1,0
2000-09-13,4,1,10,True,7.4,0,0.97,1,0
2000-09-14,4,1,10,True,8.2,0,0.97,1,0
2000-09-15,4,1,10,True,6.25,5,0.98,1,0
2000-09-16,4,1,10,True,6.05,4,0.74,0,0
2000-09-17,4,1,10,True,7.45,2,0.45,0,0
2000-09-18,4,1,10,True,9.95,1,0.09,0,0
2000-09-19,4,1,10,True,6.8,1,0.23,0,0
2000-09-20,4,1,10,True,8.5,1,0.2,0,0
2000-09-21,4,1,10,True,6.7,0,0.1,0,0
2000-09-22,4,1,10,True,4.85,8,0.79,1,0
2000-09-23,4,1,10,True,8.05,1,0.24,0,0
2000-09-24,4,1,10,True,7.7,6,0.56,1,0
2000-09-25,4,1,10,True,9.85,4,0.4,0,0
2000-09-26,4,1,10,True,9.15,2,0.18,0,0
2000-09-27,4,1,10,True,9.2,2,0.77,0,0
2000-09-28,4,1,10,True,9.8,1,0.94,1,0
2000-09-29,4,1,10,True,7.95,1,0.83,1,0
2000-09-30,4,1,10,True,6.65,1,0.53,1,0
2000-10-01,4,1,10,True,5.2,1,0.22,1,0
2000-10-02,4,1,10,True,4.6,1,0.08,0,0
2000-10-03,4,1,10,True,4.95,0,0.11,0,0
2000-10-04,4,1,10,True,8.3,7,0.43,1,0
2000-10-05,4,1,10,True,7.2,5,0.88,1,0
2000-10-06,4,1,10,True,5.4,4,0.06,0,0
2000-10-07,4,1,10,True,5.1,3,0.0,0,0
2000-10-08,4,1,10,True,8.85,2,0.0,0,0
2000-10-09,4,1,10,True,8.1,1,0.27,1,0
2000-10-10,4,1,10,True,6.7,0,0.97,1,0
2000-10-11,4,1,10,True,4.75,0,0.98,1,0
2000-10-12,4,1,10,True,5.8,0,0.66,1,0
2000-10-13,4,1,10,True,6.5,1,0.88,1,0
2000-10-14,4,1,10,True,6.5,2,0.48,0,0
2000-10-15,4,1,10,True,9.8,2,0.2,1,0
2000-10-16,4,1,10,True,10.3,2,0.87,0,0
2000-10-17,4,1,10,True,8.65,1,0.7,0,0
2000-10-18,4,1,10,True,7.3,2,0.33,0,0
2000-10-19,4,1,10,True,8.5,1,0.62,0,0
2000-10-20,4,1,10,True,7.65,2,0.64,0,0
2000-10-21,4,1,10,True,3.6,3,0.06,0,0
2000-10-22,4,1,10,True,8.65,2,0.12,0,0
2000-10-23,4,1,10,True,10.75,1,0.68,1,0
2000-10-24,4,1,10,True,3.55,0,0.96,0,0
2000-10-25,4,1,10,True,5.85,1,0.97,1,0
2000-10-26,4,1,10,True,6.5,1,0.67,1,0
2000-10-27,4,1,10,True,7.35,5,0.94,1,0
2000-10-28,4,1,10,True,6.55,4,0.73,0,0
2000-10-29,4,1,10,True,9.6,2,0.54,0,0
2000-10-30,4,1,10,True,9.6,2,0.3,0,0
2000-10-31,4,1,10,True,7.2,1,0.7,0,0
2000-11-01,4,1,10,True,7.75,1,0.32,1,0
2000-11-02,4,1,10,True,6.5,1,0.77,1,0
2000-11-03,4,1,10,True,2.75,6,0.89,1,0
2000-11-04,4,1,10,True,6.1,2,0.71,1,0
2000-11-05,4,1,10,True,5.35,1,0.91,1,0
2000-11-06,4,1,10,True,8.1,2,0.98,1,0
2000-11-07,4,1,10,True,9.2,2,0.76,1,0
2000-11-08,4,1,10,True,9.7,1,0.42,0,0
2000-11-09,4,1,10,True,8.3,1,0.4,0,0
2000-11-10,4,1,10,True,6.95,1,0.52,1,0
2000-11-11,4,1,10,True,7.9,1,0.93,1,0
2000-11-12,4,1,10,True,7.65,1,0.96,1,0
2000-11-13,4,1,10,True,5.9,0,0.96,1,0
2000-11-14,4,1,10,True,8.7,5,0.68,1,0
2000-11-15,4,1,10,True,8.2,4,0.42,0,0
2000-11-16,4,1,10,True,6.35,3,0.12,0,0
2000-11-17,4,1,10,True,7.75,2,0.47,1,0
2000-11-18,4,1,10,True,5.65,1,0.76,1,0
2000-11-19,4,1,10,True,7.0,0,0.65,1,0
2000-11-20,4,1,10,True,6.0,0,0.78,1,0
2000-11-21,4,1,10,True,5.55,2,0.81,1,0
2000-11-22,4,1,10,True,6.9,1,0.53,1,0
2000-11-23,4,1,10,True,6.2,1,0.44,1,0
2000-11-24,4,1,10,True,6.3,0,0.7,1,0
2000-11-25,4,1,10,True,4.45,7,0.99,1,0
2000-11-26,4,1,10,True,7.5,1,0.7,1,0
2000-11-27,4,1,10,True,6.35,1,0.33,1,0
2000-11-28,4,1,10,True,5.55,0,0.22,1,0
2000-11-29,4,1,10,True,9.2,6,0.97,1,0
2000-11-30,4,1,10,True,6.0,5,0.78,1,0
2000-12-01,4,1,10,True,9.25,2,0.68,1,0
2000-12-02,4,1,10,True,8.15,1,0.77,1,0
2000-12-03,4,1,10,True,4.15,7,0.52,1,0
2000-12-04,4,1,10,True,6.35,6,0.95,1,0
2000-12-05,4,1,10,True,8.3,5,0.54,1,0
2000-12-06,4,1,10,True,6.5,3,0.69,0,0
2000-12-07,4,1,10,True,8.7,2,0.55,0,0
2000-12-08,4,1,10,True,7.1,2,0.45,0,0
2000-12-09,4,1,10,True,4.2,1,0.64,1,0
2000-12-10,4,1,10,True,3.55,0,0.67,1,0
2000-12-11,4,1,10,True,8.45,1,0.74,1,0
2000-12-12,4,1,10,True,4.55,1,0.75,1,0
2000-12-13,4,1,10,True,5.6,0,0.98,1,0
2000-12-14,4,1,10,True,6.45,0,1.0,1,0
2000-12-15,4,1,10,True,7.65,7,1.0,1,0
2000-12-16,4,1,10,True,14.0,4,0.73,1,0
2000-12-17,4,1,10,True,11.45,3,0.94,1,0
2000-12-18,4,1,10,True,7.3,2,0.65,0,0
2000-12-19,4,1,10,True,3.5,0,0.77,1,0
2000-12-20,4,1,10,True,3.6,7,0.25,0,0
2000-12-21,4,1,10,True,8.05,0,0.21,0,0
2000-12-22,4,1,10,True,6.85,7,0.32,1,0
2000-12-23,4,1,10,True,5.1,0,0.52,1,0
2000-12-24,4,1,10,True,5.05,7,0.89,1,0
2000-12-25,4,1,10,True,6.5,1,0.92,1,0
2000-12-26,4,1,10,True,6.45,0,0.92,1,0
2000-12-27,4,1,10,True,6.4,0,0.94,1,0
2000-12-28,4,1,10,True,6.6,0,0.98,1,0
2000-12-29,4,1,10,True,6.1,0,0.97,1,0
2000-12-30,4,1,10,True,7.8,6,0.97,1,0
2000-12-31,4,1,10,True,4.15,6,0.96,1,0
2001-01-01,4,1,10,True,6.05,1,0.93,1,0
2001-01-02,4,1,10,True,7.05,1,0.49,1,0
2001-01-03,4,1,10,True,7.75,1,0.08,0,0
2001-01-04,4,1,10,True,7.75,1,0.15,1,0
2001-01-05,4,1,10,True,5.75,0,0.35,1,0
2001-01-06,4,1,10,True,5.2,0,0.48,1,0
2001-01-07,4,1,10,True,6.1,0,0.46,1,0
2001-01-08,4,1,10,True,5.5,0,0.55,1,0
2001-01-09,4,1,10,True,5.35,0,0.96,1,0
2001-01-10,4,1,10,True,7.1,7,0.94,1,0
2001-01-11,4,1,10,True,8.65,0,0.99,1,0
2001-01-12,4,1,10,True,6.9,0,1.0,1,0
2001-01-13,4,1,10,True,8.3,1,0.9,1,0
2001-01-14,4,1,10,True,6.9,1,0.94,1,0
2001-01-15,4,1,10,True,4.4,1,0.82,1,0
2000-08-24,4,2,10,True,5.05,1,0.15,0,0
2000-08-25,4,2,10,True,8.65,0,0.1,0,0
2000-08-26,4,2,10,True,8.55,7,0.79,0,0
2000-08-27,4,2,10,True,5.3,3,0.94,1,0
2000-08-28,4,2,10,True,4.7,6,0.89,1,0
2000-08-29,4,2,10,True,4.75,1,0.22,0,0
2000-08-30,4,2,10,True,7.55,1,0.18,0,0
2000-08-31,4,2,10,True,6.35,1,0.97,1,0
2000-09-01,4,2,10,True,5.05,2,0.96,1,0
2000-09-02,4,2,10,True,4.2,5,1.0,1,0
2000-09-03,4,2,10,True,7.1,2,1.0,1,0
2000-09-04,4,2,10,True,10.5,2,0.84,0,0
2000-09-05,4,2,10,True,7.4,2,0.68,1,0
2000-09-06,4,2,10,True,6.9,2,0.62,1,0
2000-09-07,4,2,10,True,7.6,2,0.3,0,0
2000-09-08,4,2,10,True,7.95,2,0.74,1,0
2000-09-09,4,2,10,True,8.1,1,0.97,1,0
2000-09-10,4,2,10,True,9.25,1,0.95,1,0
2000-09-11,4,2,10,True,8.45,0,0.54,0,0
2000-09-12,4,2,10,True,8.55,1,0.99,1,0
2000-09-13,4,2,10,True,7.4,0,0.97,1,0
2000-09-14,4,2,10,True,8.2,0,0.97,1,0
2000-09-15,4,2,10,True,6.25,5,0.98,1,0
2000-09-16,4,2,10,True,6.05,4,0.74,0,0
2000-09-17,4,2,10,True,7.45,2,0.45,0,0
2000-09-18,4,2,10,True,9.95,1,0.09,0,0
2000-09-19,4,2,10,True,6.8,1,0.23,0,0
2000-09-20,4,2,10,True,8.5,1,0.2,0,0
2000-09-21,4,2,10,True,6.7,0,0.1,0,0
2000-09-22,4,2,10,True,4.85,8,0.79,1,0
2000-09-23,4,2,10,True,8.05,1,0.24,0,0
2000-09-24,4,2,10,True,7.7,6,0.56,1,0
2000-09-25,4,2,10,True,9.85,4,0.4,0,0
2000-09-26,4,2,10,True,9.15,2,0.18,0,0
2000-09-27,4,2,10,True,9.2,2,0.77,0,0
2000-09-28,4,2,10,True,9.8,1,0.94,1,0
2000-09-29,4,2,10,True,7.95,1,0.83,1,0
2000-09-30,4,2,10,True,6.65,1,0.53,1,0
2000-10-01,4,2,10,True,5.2,1,0.22,1,0
2000-10-02,4,2,10,True,4.6,1,0.08,0,0
2000-10-03,4,2,10,True,4.95,0,0.11,0,0
2000-10-04,4,2,10,True,8.3,7,0.43,1,0
2000-10-05,4,2,10,True,7.2,5,0.88,1,0
2000-10-06,4,2,10,True,5.4,4,0.06,0,0
2000-10-07,4,2,10,True,5.1,3,0.0,0,0
2000-10-08,4,2,10,True,8.85,2,0.0,0,0
2000-10-09,4,2,10,True,8.1,1,0.27,1,0
2000-10-10,4,2,10,True,6.7,0,0.97,1,0
2000-10-11,4,2,10,True,4.75,0,0.98,1,0
2000-10-12,4,2,10,True,5.8,0,0.66,1,0
2000-10-13,4,2,10,True,6.5,1,0.88,1,0
2000-10-14,4,2,10,True,6.5,2,0.48,0,0
2000-10-15,4,2,10,True,9.8,2,0.2,1,0
2000-10-16,4,2,10,True,10.3,2,0.87,0,0
2000-10-17,4,2,10,True,8.65,1,0.7,0,0
2000-10-18,4,2,10,True,7.3,2,0.33,0,0
2000-10-19,4,2,10,True,8.5,1,0.62,0,0
2000-10-20,4,2,10,True,7.65,2,0.64,0,0
2000-10-21,4,2,10,True,3.6,3,0.06,0,0
2000-10-22,4,2,10,True,8.65,2,0.12,0,0
2000-10-23,4,2,10,True,10.75,1,0.68,1,0
2000-10-24,4,2,10,True,3.55,0,0.96,0,0
2000-10-25,4,2,10,True,5.85,1,0.97,1,0
2000-10-26,4,2,10,True,6.5,1,0.67,1,0
2000-10-27,4,2,10,True,7.35,5,0.94,1,0
2000-10-28,4,2,10,True,6.55,4,0.73,0,0
2000-10-29,4,2,10,True,9.6,2,0.54,0,0
2000-10-30,4,2,10,True,9.6,2,0.3,0,0
2000-10-31,4,2,10,True,7.2,1,0.7,0,0
2000-11-01,4,2,10,True,7.75,1,0.32,1,0
2000-11-02,4,2,10,True,6.5,1,0.77,1,0
2000-11-03,4,2,10,True,2.75,6,0.89,1,0
2000-11-04,4,2,10,True,6.1,2,0.71,1,0
2000-11-05,4,2,10,True,5.35,1,0.91,1,0
2000-11-06,4,2,10,True,8.1,2,0.98,1,0
2000-11-07,4,2,10,True,9.2,2,0.76,1,0
2000-11-08,4,2,10,True,9.7,1,0.42,0,0
2000-11-09,4,2,10,True,8.3,1,0.4,0,0
2000-11-10,4,2,10,True,6.95,1,0.52,1,0
2000-11-11,4,2,10,True,7.9,1,0.93,1,0
2000-11-12,4,2,10,True,7.65,1,0.96,1,0
2000-11-13,4,2,10,True,5.9,0,0.96,1,0
2000-11-14,4,2,10,True,8.7,5,0.68,1,0
2000-11-15,4,2,10,True,8.2,4,0.42,0,0
2000-11-16,4,2,10,True,6.35,3,0.12,0,0
2000-11-17,4,2,10,True,7.75,2,0.47,1,0
2000-11-18,4,2,10,True,5.65,1,0.76,1,0
2000-11-19,4,2,10,True,7.0,0,0.65,1,0
2000-11-20,4,2,10,True,6.0,0,0.78,1,0
2000-11-21,4,2,10,True,5.55,2,0.81,1,0
2000-11-22,4,2,10,True,6.9,1,0.53,1,0
2000-11-23,4,2,10,True,6.2,1,0.44,1,0
2000-11-24,4,2,10,True,6.3,0,0.7,1,0
2000-11-25,4,2,10,True,4.45,7,0.99,1,0
2000-11-26,4,2,10,True,7.5,1,0.7,1,0
2000-11-27,4,2,10,True,6.35,1,0.33,1,0
2000-11-28,4,2,10,True,5.55,0,0.22,1,0
2000-11-29,4,2,10,True,9.2,6,0.97,1,0
2000-11-30,4,2,10,True,6.0,5,0.78,1,0
2000-12-01,4,2,10,True,9.25,2,0.68,1,0
2000-12-02,4,2,10,True,8.15,1,0.77,1,0
2000-12-03,4,2,10,True,4.15,7,0.52,1,0
2000-12-04,4,2,10,True,6.35,6,0.95,1,0
2000-12-05,4,2,10,True,8.3,5,0.54,1,0
2000-12-06,4,2,10,True,6.5,3,0.69,0,0
2000-12-07,4,2,10,True,8.7,2,0.55,0,0
2000-12-08,4,2,10,True,7.1,2,0.45,0,0
2000-12-09,4,2,10,True,4.2,1,0.64,1,0
2000-12-10,4,2,10,True,3.55,0,0.67,1,0
2000-12-11,4,2,10,True,8.45,1,0.74,1,0
2000-12-12,4,2,10,True,4.55,1,0.75,1,0
2000-12-13,4,2,10,True,5.6,0,0.98,1,0
2000-12-14,4,2,10,True,6.45,0,1.0,1,0
2000-12-15,4,2,10,True,7.65,7,1.0,1,0
2000-12-16,4,2,10,True,14.0,4,0.73,1,0
2000-12-17,4,2,10,True,11.45,3,0.94,1,0
2000-12-18,4,2,10,True,7.3,2,0.65,0,0
2000-12-19,4,2,10,True,3.5,0,0.77,1,0
2000-12-20,4,2,10,True,3.6,7,0.25,0,0
2000-12-21,4,2,10,True,8.05,0,0.21,0,0
2000-12-22,4,2,10,True,6.85,7,0.32,1,0
2000-12-23,4,2,10,True,5.1,0,0.52,1,0
2000-12-24,4,2,10,True,5.05,7,0.89,1,0
2000-12-25,4,2,10,True,6.5,1,0.92,1,0
2000-12-26,4,2,10,True,6.45,0,0.92,1,0
2000-12-27,4,2,10,True,6.4,0,0.94,1,0
2000-12-28,4,2,10,True,6.6,0,0.98,1,0
2000-12-29,4,2,10,True,6.1,0,0.97,1,0
2000-12-30,4,2,10,True,7.8,6,0.97,1,0
2000-12-31,4,2,10,True,4.15,6,0.96,1,0
2001-01-01,4,2,10,True,6.05,1,0.93,1,0
2001-01-02,4,2,10,True,7.05,1,0.49,1,0
2001-01-03,4,2,10,True,7.75,1,0.08,0,0
2001-01-04,4,2,10,True,7.75,1,0.15,1,0
2001-01-05,4,2,10,True,5.75,0,0.35,1,0
2001-01-06,4,2,10,True,5.2,0,0.48,1,0
2001-01-07,4,2,10,True,6.1,0,0.46,1,0
2001-01-08,4,2,10,True,5.5,0,0.55,1,0
2001-01-09,4,2,10,True,5.35,0,0.96,1,0
2001-01-10,4,2,10,True,7.1,7,0.94,1,0
2001-01-11,4,2,10,True,8.65,0,0.99,1,0
2001-01-12,4,2,10,True,6.9,0,1.0,1,0
2001-01-13,4,2,10,True,8.3,1,0.9,1,0
2001-01-14,4,2,10,True,6.9,1,0.94,1,0
2001-01-15,4,2,10,True,4.4,1,0.82,1,0
2000-08-24,4,3,10,True,5.05,1,0.15,0,0
2000-08-25,4,3,10,True,8.65,0,0.1,0,0
2000-08-26,4,3,10,True,8.55,7,0.79,0,0
2000-08-27,4,3,10,True,5.3,3,0.94,1,0
2000-08-28,4,3,10,True,4.7,6,0.89,1,0
2000-08-29,4,3,10,True,4.75,1,0.22,0,0
2000-08-30,4,3,10,True,7.55,1,0.18,0,0
2000-08-31,4,3,10,True,6.35,1,0.97,1,0
2000-09-01,4,3,10,True,5.05,2,0.96,1,0
2000-09-02,4,3,10,True,4.2,5,1.0,1,0
2000-09-03,4,3,10,True,7.1,2,1.0,1,0
2000-09-04,4,3,10,True,10.5,2,0.84,0,0
2000-09-05,4,3,10,True,7.4,2,0.68,1,0
2000-09-06,4,3,10,True,6.9,2,0.62,1,0
2000-09-07,4,3,10,True,7.6,2,0.3,0,0
2000-09-08,4,3,10,True,7.95,2,0.74,1,0
2000-09-09,4,3,10,True,8.1,1,0.97,1,0
2000-09-10,4,3,10,True,9.25,1,0.95,1,0
2000-09-11,4,3,10,True,8.45,0,0.54,0,0
2000-09-12,4,3,10,True,8.55,1,0.99,1,0
2000-09-13,4,3,10,True,7.4,0,0.97,1,0
2000-09-14,4,3,10,True,8.2,0,0.97,1,0
2000-09-15,4,3,10,True,6.25,5,0.98,1,0
2000-09-16,4,3,10,True,6.05,4,0.74,0,0
2000-09-17,4,3,10,True,7.45,2,0.45,0,0
2000-09-18,4,3,10,True,9.95,1,0.09,0,0
2000-09-19,4,3,10,True,6.8,1,0.23,0,0
2000-09-20,4,3,10,True,8.5,1,0.2,0,0
2000-09-21,4,3,10,True,6.7,0,0.1,0,0
2000-09-22,4,3,10,True,4.85,8,0.79,1,0
2000-09-23,4,3,10,True,8.05,1,0.24,0,0
2000-09-24,4,3,10,True,7.7,6,0.56,1,0
2000-09-25,4,3,10,True,9.85,4,0.4,0,0
2000-09-26,4,3,10,True,9.15,2,0.18,0,0
2000-09-27,4,3,10,True,9.2,2,0.77,0,0
2000-09-28,4,3,10,True,9.8,1,0.94,1,0
2000-09-29,4,3,10,True,7.95,1,0.83,1,0
2000-09-30,4,3,10,True,6.65,1,0.53,1,0
2000-10-01,4,3,10,True,5.2,1,0.22,1,0
2000-10-02,4,3,10,True,4.6,1,0.08,0,0
2000-10-03,4,3,10,True,4.95,0,0.11,0,0
2000-10-04,4,3,10,True,8.3,7,0.43,1,0
2000-10-05,4,3,10,True,7.2,5,0.88,1,0
2000-10-06,4,3,10,True,5.4,4,0.06,0,0
2000-10-07,4,3,10,True,5.1,3,0.0,0,0
2000-10-08,4,3,10,True,8.85,2,0.0,0,0
2000-10-09,4,3,10,True,8.1,1,0.27,1,0
2000-10-10,4,3,10,True,6.7,0,0.97,1,0
2000-10-11,4,3,10,True,4.75,0,0.98,1,0
2000-10-12,4,3,10,True,5.8,0,0.66,1,0
2000-10-13,4,3,10,True,6.5,1,0.88,1,0
2000-10-14,4,3,10,True,6.5,2,0.48,0,0
2000-10-15,4,3,10,True,9.8,2,0.2,1,0
2000-10-16,4,3,10,True,10.3,2,0.87,0,0
2000-10-17,4,3,10,True,8.65,1,0.7,0,0
2000-10-18,4,3,10,True,7.3,2,0.33,0,0
2000-10-19,4,3,10,True,8.5,1,0.62,0,0
2000-10-20,4,3,10,True,7.65,2,0.64,0,0
2000-10-21,4,3,10,True,3.6,3,0.06,0,0
2000-10-22,4,3,10,True,8.65,2,0.12,0,0
2000-10-23,4,3,10,True,10.75,1,0.68,1,0
2000-10-24,4,3,10,True,3.55,0,0.96,0,0
2000-10-25,4,3,10,True,5.85,1,0.97,1,0
2000-10-26,4,3,10,True,6.5,1,0.67,1,0
2000-10-27,4,3,10,True,7.35,5,0.94,1,0
2000-10-28,4,3,10,True,6.55,4,0.73,0,0
2000-10-29,4,3,10,True,9.6,2,0.54,0,0
2000-10-30,4,3,10,True,9.6,2,0.3,0,0
2000-10-31,4,3,10,True,7.2,1,0.7,0,0
2000-11-01,4,3,10,True,7.75,1,0.32,1,0
2000-11-02,4,3,10,True,6.5,1,0.77,1,0
2000-11-03,4,3,10,True,2.75,6,0.89,1,0
2000-11-04,4,3,10,True,6.1,2,0.71,1,0
2000-11-05,4,3,10,True,5.35,1,0.91,1,0
2000-11-06,4,3,10,True,8.1,2,0.98,1,0
2000-11-07,4,3,10,True,9.2,2,0.76,1,0
2000-11-08,4,3,10,True,9.7,1,0.42,0,0
2000-11-09,4,3,10,True,8.3,1,0.4,0,0
2000-11-10,4,3,10,True,6.95,1,0.52,1,0
2000-11-11,4,3,10,True,7.9,1,0.93,1,0
2000-11-12,4,3,10,True,7.65,1,0.96,1,0
2000-11-13,4,3,10,True,5.9,0,0.96,1,0
2000-11-14,4,3,10,True,8.7,5,0.68,1,0
2000-11-15,4,3,10,True,8.2,4,0.42,0,0
2000-11-16,4,3,10,True,6.35,3,0.12,0,0
2000-11-17,4,3,10,True,7.75,2,0.47,1,0
2000-11-18,4,3,10,True,5.65,1,0.76,1,0
2000-11-19,4,3,10,True,7.0,0,0.65,1,0
2000-11-20,4,3,10,True,6.0,0,0.78,1,0
2000-11-21,4,3,10,True,5.55,2,0.81,1,0
2000-11-22,4,3,10,True,6.9,1,0.53,1,0
2000-11-23,4,3,10,True,6.2,1,0.44,1,0
2000-11-24,4,3,10,True,6.3,0,0.7,1,0
2000-11-25,4,3,10,True,4.45,7,0.99,1,0
2000-11-26,4,3,10,True,7.5,1,0.7,1,0
2000-11-27,4,3,10,True,6.35,1,0.33,1,0
2000-11-28,4,3,10,True,5.55,0,0.22,1,0
2000-11-29,4,3,10,True,9.2,6,0.97,1,0
2000-11-30,4,3,10,True,6.0,5,0.78,1,0
2000-12-01,4,3,10,True,9.25,2,0.68,1,0
2000-12-02,4,3,10,True,8.15,1,0.77,1,0
2000-12-03,4,3,10,True,4.15,7,0.52,1,0
2000-12-04,4,3,10,True,6.35,6,0.95,1,0
2000-12-05,4,3,10,True,8.3,5,0.54,1,0
2000-12-06,4,3,10,True,6.5,3,0.69,0,0
2000-12-07,4,3,10,True,8.7,2,0.55,0,0
2000-12-08,4,3,10,True,7.1,2,0.45,0,0
2000-12-09,4,3,10,True,4.2,1,0.64,1,0
2000-12-10,4,3,10,True,3.55,0,0.67,1,0
2000-12-11,4,3,10,True,8.45,1,0.74,1,0
2000-12-12,4,3,10,True,4.55,1,0.75,1,0
2000-12-13,4,3,10,True,5.6,0,0.98,1,0
2000-12-14,4,3,10,True,6.45,0,1.0,1,0
2000-12-15,4,3,10,True,7.65,7,1.0,1,0
2000-12-16,4,3,10,True,14.0,4,0.73,1,0
2000-12-17,4,3,10,True,11.45,3,0.94,1,0
2000-12-18,4,3,10,True,7.3,2,0.65,0,0
2000-12-19,4,3,10,True,3.5,0,0.77,1,0
2000-12-20,4,3,10,True,3.6,7,0.25,0,0
2000-12-21,4,3,10,True,8.05,0,0.21,0,0
2000-12-22,4,3,10,True,6.85,7,0.32,1,0
2000-12-23,4,3,10,True,5.1,0,0.52,1,0
2000-12-24,4,3,10,True,5.05,7,0.89,1,0
2000-12-25,4,3,10,True,6.5,1,0.92,1,0
2000-12-26,4,3,10,True,6.45,0,0.92,1,0
2000-12-27,4,3,10,True,6.4,0,0.94,1,0
2000-12-28,4,3,10,True,6.6,0,0.98,1,0
2000-12-29,4,3,10,True,6.1,0,0.97,1,0
2000-12-30,4,3,10,True,7.8,6,0.97,1,0
2000-12-31,4,3,10,True,4.15,6,0.96,1,0
2001-01-01,4,3,10,True,6.05,1,0.93,1,0
2001-01-02,4,3,10,True,7.05,1,0.49,1,0
2001-01-03,4,3,10,True,7.75,1,0.08,0,0
2001-01-04,4,3,10,True,7.75,1,0.15,1,0
2001-01-05,4,3,10,True,5.75,0,0.35,1,0
2001-01-06,4,3,10,True,5.2,0,0.48,1,0
2001-01-07,4,3,10,True,6.1,0,0.46,1,0
2001-01-08,4,3,10,True,5.5,0,0.55,1,0
2001-01-09,4,3,10,True,5.35,0,0.96,1,0
2001-01-10,4,3,10,True,7.1,7,0.94,1,0
2001-01-11,4,3,10,True,8.65,0,0.99,1,0
2001-01-12,4,3,10,True,6.9,0,1.0,1,0
2001-01-13,4,3,10,True,8.3,1,0.9,1,0
2001-01-14,4,3,10,True,6.9,1,0.94,1,0
2001-01-15,4,3,10,True,4.4,1,0.82,1,0
2000-08-24,4,4,10,True,5.05,1,0.15,0,0
2000-08-25,4,4,10,True,8.65,0,0.1,0,0
2000-08-26,4,4,10,True,8.55,7,0.79,0,0
2000-08-27,4,4,10,True,5.3,3,0.94,1,0
2000-08-28,4,4,10,True,4.7,6,0.89,1,0
2000-08-29,4,4,10,True,4.75,1,0.22,0,0
2000-08-30,4,4,10,True,7.55,1,0.18,0,0
2000-08-31,4,4,10,True,6.35,1,0.97,1,0
2000-09-01,4,4,10,True,5.05,2,0.96,1,0
2000-09-02,4,4,10,True,4.2,5,1.0,1,0
2000-09-03,4,4,10,True,7.1,2,1.0,1,0
2000-09-04,4,4,10,True,10.5,2,0.84,0,0
2000-09-05,4,4,10,True,7.4,2,0.68,1,0
2000-09-06,4,4,10,True,6.9,2,0.62,1,0
2000-09-07,4,4,10,True,7.6,2,0.3,0,0
2000-09-08,4,4,10,True,7.95,2,0.74,1,0
2000-09-09,4,4,10,True,8.1,1,0.97,1,0
2000-09-10,4,4,10,True,9.25,1,0.95,1,0
2000-09-11,4,4,10,True,8.45,0,0.54,0,0
2000-09-12,4,4,10,True,8.55,1,0.99,1,0
2000-09-13,4,4,10,True,7.4,0,0.97,1,0
2000-09-14,4,4,10,True,8.2,0,0.97,1,0
2000-09-15,4,4,10,True,6.25,5,0.98,1,0
2000-09-16,4,4,10,True,6.05,4,0.74,0,0
2000-09-17,4,4,10,True,7.45,2,0.45,0,0
2000-09-18,4,4,10,True,9.95,1,0.09,0,0
2000-09-19,4,4,10,True,6.8,1,0.23,0,0
2000-09-20,4,4,10,True,8.5,1,0.2,0,0
2000-09-21,4,4,10,True,6.7,0,0.1,0,0
2000-09-22,4,4,10,True,4.85,8,0.79,1,0
2000-09-23,4,4,10,True,8.05,1,0.24,0,0
2000-09-24,4,4,10,True,7.7,6,0.56,1,0
2000-09-25,4,4,10,True,9.85,4,0.4,0,0
2000-09-26,4,4,10,True,9.15,2,0.18,0,0
2000-09-27,4,4,10,True,9.2,2,0.77,0,0
2000-09-28,4,4,10,True,9.8,1,0.94,1,0
2000-09-29,4,4,10,True,7.95,1,0.83,1,0
2000-09-30,4,4,10,True,6.65,1,0.53,1,0
2000-10-01,4,4,10,True,5.2,1,0.22,1,0
2000-10-02,4,4,10,True,4.6,1,0.08,0,0
2000-10-03,4,4,10,True,4.95,0,0.11,0,0
2000-10-04,4,4,10,True,8.3,7,0.43,1,0
2000-10-05,4,4,10,True,7.2,5,0.88,1,0
2000-10-06,4,4,10,True,5.4,4,0.06,0,0
2000-10-07,4,4,10,True,5.1,3,0.0,0,0
2000-10-08,4,4,10,True,8.85,2,0.0,0,0
2000-10-09,4,4,10,True,8.1,1,0.27,1,0
2000-10-10,4,4,10,True,6.7,0,0.97,1,0
2000-10-11,4,4,10,True,4.75,0,0.98,1,0
2000-10-12,4,4,10,True,5.8,0,0.66,1,0
2000-10-13,4,4,10,True,6.5,1,0.88,1,0
2000-10-14,4,4,10,True,6.5,2,0.48,0,0
2000-10-15,4,4,10,True,9.8,2,0.2,1,0
2000-10-16,4,4,10,True,10.3,2,0.87,0,0
2000-10-17,4,4,10,True,8.65,1,0.7,0,0
2000-10-18,4,4,10,True,7.3,2,0.33,0,0
2000-10-19,4,4,10,True,8.5,1,0.62,0,0
2000-10-20,4,4,10,True,7.65,2,0.64,0,0
2000-10-21,4,4,10,True,3.6,3,0.06,0,0
2000-10-22,4,4,10,True,8.65,2,0.12,0,0
2000-10-23,4,4,10,True,10.75,1,0.68,1,0
2000-10-24,4,4,10,True,3.55,0,0.96,0,0
2000-10-25,4,4,10,True,5.85,1,0.97,1,0
2000-10-26,4,4,10,True,6.5,1,0.67,1,0
2000-10-27,4,4,10,True,7.35,5,0.94,1,0
2000-10-28,4,4,10,True,6.55,4,0.73,0,0
2000-10-29,4,4,10,True,9.6,2,0.54,0,0
2000-10-30,4,4,10,True,9.6,2,0.3,0,0
2000-10-31,4,4,10,True,7.2,1,0.7,0,0
2000-11-01,4,4,10,True,7.75,1,0.32,1,0
2000-11-02,4,4,10,True,6.5,1,0.77,1,0
2000-11-03,4,4,10,True,2.75,6,0.89,1,0
2000-11-04,4,4,10,True,6.1,2,0.71,1,0
2000-11-05,4,4,10,True,5.35,1,0.91,1,0
2000-11-06,4,4,10,True,8.1,2,0.98,1,0
2000-11-07,4,4,10,True,9.2,2,0.76,1,0
2000-11-08,4,4,10,True,9.7,1,0.42,0,0
2000-11-09,4,4,10,True,8.3,1,0.4,0,0
2000-11-10,4,4,10,True,6.95,1,0.52,1,0
2000-11-11,4,4,10,True,7.9,1,0.93,1,0
2000-11-12,4,4,10,True,7.65,1,0.96,1,0
2000-11-13,4,4,10,True,5.9,0,0.96,1,0
2000-11-14,4,4,10,True,8.7,5,0.68,1,0
2000-11-15,4,4,10,True,8.2,4,0.42,0,0
2000-11-16,4,4,10,True,6.35,3,0.12,0,0
2000-11-17,4,4,10,True,7.75,2,0.47,1,0
2000-11-18,4,4,10,True,5.65,1,0.76,1,0
2000-11-19,4,4,10,True,7.0,0,0.65,1,0
2000-11-20,4,4,10,True,6.0,0,0.78,1,0
2000-11-21,4,4,10,True,5.55,2,0.81,1,0
2000-11-22,4,4,10,True,6.9,1,0.53,1,0
2000-11-23,4,4,10,True,6.2,1,0.44,1,0
2000-11-24,4,4,10,True,6.3,0,0.7,1,0
2000-11-25,4,4,10,True,4.45,7,0.99,1,0
2000-11-26,4,4,10,True,7.5,1,0.7,1,0
2000-11-27,4,4,10,True,6.35,1,0.33,1,0
2000-11-28,4,4,10,True,5.55,0,0.22,1,0
2000-11-29,4,4,10,True,9.2,6,0.97,1,0
2000-11-30,4,4,10,True,6.0,5,0.78,1,0
2000-12-01,4,4,10,True,9.25,2,0.68,1,0
2000-12-02,4,4,10,True,8.15,1,0.77,1,0
2000-12-03,4,4,10,True,4.15,7,0.52,1,0
2000-12-04,4,4,10,True,6.35,6,0.95,1,0
2000-12-05,4,4,10,True,8.3,5,0.54,1,0
2000-12-06,4,4,10,True,6.5,3,0.69,0,0
2000-12-07,4,4,10,True,8.7,2,0.55,0,0
2000-12-08,4,4,10,True,7.1,2,0.45,0,0
2000-12-09,4,4,10,True,4.2,1,0.64,1,0
2000-12-10,4,4,10,True,3.55,0,0.67,1,0
2000-12-11,4,4,10,True,8.45,1,0.74,1,0
2000-12-12,4,4,10,True,4.55,1,0.75,1,0
2000-12-13,4,4,10,True,5.6,0,0.98,1,0
2000-12-14,4,4,10,True,6.45,0,1.0,1,0
2000-12-15,4,4,10,True,7.65,7,1.0,1,0
2000-12-16,4,4,10,True,14.0,4,0.73,1,0
2000-12-17,4,4,10,True,11.45,3,0.94,1,0
2000-12-18,4,4,10,True,7.3,2,0.65,0,0
2000-12-19,4,4,10,True,3.5,0,0.77,1,0
2000-12-20,4,4,10,True,3.6,7,0.25,0,0
2000-12-21,4,4,10,True,8.05,0,0.21,0,0
2000-12-22,4,4,10,True,6.85,7,0.32,1,0
2000-12-23,4,4,10,True,5.1,0,0.52,1,0
2000-12-24,4,4,10,True,5.05,7,0.89,1,0
2000-12-25,4,4,10,True,6.5,1,0.92,1,0
2000-12-26,4,4,10,True,6.45,0,0.92,1,0
2000-12-27,4,4,10,True,6.4,0,0.94,1,0
2000-12-28,4,4,10,True,6.6,0,0.98,1,0
2000-12-29,4,4,10,True,6.1,0,0.97,1,0
2000-12-30,4,4,10,True,7.8,6,0.97,1,0
2000-12-31,4,4,10,True,4.15,6,0.96,1,0
2001-01-01,4,4,10,True,6.05,1,0.93,1,0
2001-01-02,4,4,10,True,7.05,1,0.49,1,0
2001-01-03,4,4,10,True,7.75,1,0.08,0,0
2001-01-04,4,4,10,True,7.75,1,0.15,1,0
2001-01-05,4,4,10,True,5.75,0,0.35,1,0
2001-01-06,4,4,10,True,5.2,0,0.48,1,0
2001-01-07,4,4,10,True,6.1,0,0.46,1,0
2001-01-08,4,4,10,True,5.5,0,0.55,1,0
2001-01-09,4,4,10,True,5.35,0,0.96,1,0
2001-01-10,4,4,10,True,7.1,7,0.94,1,0
2001-01-11,4,4,10,True,8.65,0,0.99,1,0
2001-01-12,4,4,10,True,6.9,0,1.0,1,0
2001-01-13,4,4,10,True,8.3,1,0.9,1,0
2001-01-14,4,4,10,True,6.9,1,0.94,1,0
2001-01-15,4,4,10,True,4.4,1,0.82,1,0
