30 30 30 30 30 30 30 30 30 30 50 30 10 50 10 30 30 10 10 50 50 50 50 50 50 50 50 50 50 30 10 50 50 10 30 30 30 40 40 40 40 40 40 40 40 40 40 40 40 40 40 40 40 40 40 40 40 40 40 40 40 40 40 40 40 40 40 40 40 40 40 40 40 40 10 10 10 30 30 10 30 30 30 30 40 40 40 40 40 40 40 40 40 40 40 40 40 40 40 40 40 40 40 40 40 40 40 40 40 40 40 40 30 40 40 40 40 40 40 40 40 40 30 40 40 40 40 40 40 40 30 40 40 40 40 40 40 40 40 40 40 40 40 40 40 40 40 30 30 30 30 40 40 40 40 40 40 40 40 40 40 40 40 40 40 40 40 40 40 40 40 40 30 40 40 40 40 40 40 40 40 40 40 40 40 40 40 40 40 40 40 40 40 40 40 40 40 40 40 30 30 30 30 30 30 30 30 90 90 80 80 80 60 30 90 40 40 40 40 40 40 40 40 40 40 40 40 40 40 40 40 40 40 40 40 40 40 40 40 40 40 30 30 30 30 30 30 30 30 30 30 30 30 30 30 30 30 30 30 30 30 30 30 30 30 30 30 30 30 30 30 30 30 30 30 30 30 30 30 40 40 40 40 40 40 40 40 40 40 40 40 40 40 40 40 40 40 40 30 30 30 80 80 80 80 80 80 80 80 80 80 80 80 80 80 80 80 80 80 80 80 80 80 80 80 80 80 80 80 80 80 80 80 80 80 80 80 80 80 80 80 80 80 80 80 80 80 80 80 80 80 80 80 80 80 80 80 80 80 80 80 80 80 80 80 80 80 80 80 80 80 80 80 80 80 80 80 80 80 80 80 80 80 80 80 80 80 80 80 80 60 30 30 30 30 30 30 30 30 30
30 30 30 30 30 30 30 30 30 50 50 50 10 10 10 30 30 10 50 30 30 30 30 50 50 30 30 30 30 30 30 10 30 30 30 30 30 40 40 40 40 40 40 40 40 40 40 40 40 40 40 40 30 40 40 40 40 40 40 40 40 40 40 40 40 40 40 40 40 40 40 40 40 40 30 10 10 10 30 30 10 30 30 30 30 40 40 40 40 40 40 40 40 40 40 40 40 40 40 40 40 40 40 40 40 40 40 40 40 40 40 40 40 40 40 40 40 40 40 40 40 40 40 40 30 30 40 30 40 40 30 40 40 40 40 40 40 40 40 40 40 40 40 40 40 40 40 40 40 40 30 40 30 30 40 40 40 40 40 40 40 40 40 40 40 40 40 40 40 40 40 40 40 40 40 40 40 40 40 40 40 40 40 40 40 40 40 40 40 40 40 40 40 40 40 40 40 40 30 30 30 30 30 30 30 30 30 90 90 80 80 90 60 30 40 40 40 40 40 40 40 40 40 40 40 40 40 40 40 40 40 40 40 40 40 40 40 40 40 40 40 40 30 30 30 30 30 30 30 30 30 30 30 30 30 30 30 30 30 30 30 30 30 30 30 30 30 30 30 30 30 30 30 30 30 30 30 30 40 40 40 40 40 40 40 40 40 40 40 40 40 40 40 40 40 40 40 40 40 30 30 90 80 80 80 80 80 80 80 80 80 80 80 80 80 80 80 80 80 80 80 80 80 80 80 80 80 80 80 80 80 80 80 80 80 80 80 80 80 80 80 80 80 80 80 80 80 80 80 80 80 80 80 80 80 80 80 80 80 80 80 80 80 80 80 80 80 90 80 80 80 80 80 80 80 80 80 80 80 80 80 80 80 80 80 80 80 80 80 80 80 80 30 30 30 30 30 30 30 30
30 50 30 30 10 10 30 30 50 50 50 50 10 10 10 30 30 30 10 30 30 30 30 30 30 30 30 30 30 30 30 10 30 50 10 30 40 40 40 40 40 40 40 40 40 40 40 40 40 40 40 40 40 40 40 40 40 40 40 40 40 40 40 40 40 40 40 40 40 40 40 40 40 40 40 30 10 10 10 30 30 30 30 30 30 40 40 40 40 40 40 40 40 40 40 40 40 40 40 40 40 40 40 40 40 40 40 40 40 40 40 40 40 40 40 40 40 40 40 40 40 40 40 40 40 40 40 40 40 30 40 40 40 40 40 40 40 40 40 40 40 40 40 40 40 40 40 40 40 40 40 40 40 30 40 40 40 40 40 40 40 40 40 40 40 40 40 40 40 40 40 40 40 40 40 40 40 40 40 40 40 40 40 40 40 40 40 40 40 40 40 40 40 40 40 40 40 30 30 30 30 30 30 30 30 30 90 30 90 80 90 60 30 40 40 40 40 40 40 40 40 40 40 40 40 40 40 40 40 40 40 40 40 40 40 40 40 40 40 40 40 40 30 30 30 30 30 30 30 30 30 30 30 30 30 30 30 30 30 30 30 30 30 30 30 30 30 30 30 30 30 30 30 30 30 30 30 30 40 40 40 40 40 40 40 40 40 40 40 40 40 40 40 40 40 40 40 40 40 40 30 30 80 80 80 80 80 80 80 80 80 80 80 80 80 80 80 80 80 80 80 80 80 80 80 80 80 80 80 80 80 80 80 80 80 80 80 80 80 80 80 80 80 80 80 80 80 80 80 80 80 80 80 80 80 80 80 80 80 80 80 80 80 80 90 80 80 80 80 80 80 80 80 80 80 80 80 80 80 80 80 80 80 80 80 80 80 80 80 80 80 90 60 30 30 30 30 30 30 30
30 30 30 50 30 30 30 30 50 50 50 50 30 30 30 30 30 30 30 30 30 30 30 30 30 40 40 40 40 30 30 30 30 30 10 10 40 40 40 40 40 40 40 40 40 40 40 40 40 40 40 40 40 40 40 40 40 40 40 40 40 40 40 40 40 40 40 40 40 40 40 40 40 40 40 40 30 10 10 10 30 30 30 30 30 30 40 40 40 40 40 40 40 40 40 40 40 40 40 40 40 40 40 40 40 40 40 40 40 40 40 30 40 40 40 40 40 40 40 40 40 40 40 40 40 40 40 40 40 30 40 40 40 40 40 40 40 40 40 40 40 40 40 40 40 40 40 40 40 40 40 40 40 30 40 40 40 40 40 40 40 40 40 40 40 40 40 40 40 40 40 30 40 40 40 40 40 40 40 40 40 40 40 40 30 30 40 40 40 40 40 40 40 40 40 40 40 40 30 30 30 30 30 30 30 30 90 30 90 80 90 60 30 40 40 40 40 40 40 40 40 40 40 40 40 40 40 40 40 40 40 40 40 40 40 40 40 40 40 40 40 40 30 30 30 30 30 30 30 30 30 30 30 30 30 30 30 30 30 30 30 30 30 30 30 30 30 30 30 30 30 30 30 30 30 30 40 40 40 40 40 40 40 40 40 40 40 40 40 40 40 40 40 40 40 40 40 40 40 40 40 30 30 80 80 80 80 80 80 80 80 80 80 80 80 80 80 80 80 80 80 80 80 80 80 80 80 80 80 80 80 80 80 80 80 80 80 80 80 80 80 80 80 80 80 80 80 80 80 80 80 80 80 80 80 80 80 80 80 80 80 80 80 80 90 80 80 80 80 80 80 80 80 80 80 80 80 80 80 80 80 80 80 80 80 80 80 80 80 80 80 90 60 90 30 90 30 30 30 30
30 30 30 40 40 30 40 30 40 40 30 30 30 30 30 30 30 30 40 40 40 40 40 40 40 40 40 40 40 40 40 30 30 30 10 10 40 40 40 40 40 40 40 40 40 40 40 40 40 40 40 40 40 40 40 40 40 40 40 40 40 40 40 40 40 40 40 40 40 40 40 40 30 30 40 40 40 30 10 10 30 30 10 30 30 30 30 40 40 40 40 40 40 40 40 40 40 40 40 40 40 40 30 40 40 40 40 40 40 40 40 40 40 40 40 40 40 40 40 40 40 40 40 40 40 40 40 40 40 40 40 40 40 40 40 40 40 40 40 40 40 40 40 40 40 40 40 40 40 40 40 40 40 40 40 40 40 40 40 40 40 40 40 40 40 40 40 40 40 40 40 40 40 40 40 40 40 40 40 40 40 40 40 40 30 40 40 40 40 40 40 40 40 40 40 40 40 30 40 30 30 30 30 30 30 30 90 30 90 80 90 60 30 40 40 40 40 40 40 40 40 40 40 40 40 40 40 40 40 40 40 40 40 40 40 40 40 40 40 40 40 40 30 30 30 30 30 30 30 30 30 30 30 30 30 30 30 30 30 30 30 30 30 30 30 30 30 30 30 30 30 30 30 30 30 40 40 40 40 40 40 40 40 40 40 40 40 40 40 40 40 40 40 40 40 40 40 40 40 40 40 40 30 80 80 80 80 80 80 80 80 80 80 80 80 80 80 80 80 80 80 80 80 80 80 80 80 80 80 80 80 80 80 80 80 80 80 80 80 80 80 80 80 80 80 80 80 80 80 80 80 80 80 80 80 80 80 80 80 80 90 80 80 80 80 80 80 80 80 80 80 80 80 80 80 80 80 80 80 80 80 80 80 80 80 80 80 80 80 80 80 90 80 60 30 90 90 30 30 30
40 40 40 40 40 40 40 40 40 40 40 40 30 30 30 40 40 40 40 40 40 40 40 40 40 40 40 40 40 40 40 40 30 30 10 10 40 40 40 40 40 40 40 40 40 40 40 40 40 40 40 40 40 40 40 30 40 40 40 40 40 40 40 40 40 40 40 40 40 40 40 40 30 30 40 40 40 40 30 10 10 30 30 10 30 30 30 30 40 40 40 40 40 40 40 40 40 40 40 40 40 40 40 40 40 40 30 40 40 40 40 40 40 40 40 40 40 40 40 40 40 40 40 40 40 40 40 40 40 40 40 40 40 40 40 40 40 40 40 40 40 40 40 40 40 40 40 40 40 40 40 40 40 40 40 40 40 40 40 40 40 40 40 40 40 40 40 40 40 40 40 40 40 40 40 40 40 40 40 40 40 40 40 40 30 40 40 30 30 40 30 40 40 40 40 40 30 30 30 30 30 30 30 30 30 30 90 90 90 90 60 30 40 40 40 40 40 40 40 40 40 40 40 40 40 40 40 40 40 40 40 40 40 40 40 40 40 40 40 40 40 40 40 30 30 30 30 30 30 30 30 30 30 30 30 30 30 30 30 30 30 30 30 30 30 30 30 30 30 30 30 30 30 30 40 40 40 40 40 40 40 40 40 40 40 40 40 40 40 40 40 40 40 40 40 40 40 40 40 40 40 40 40 30 80 80 80 80 80 80 80 80 80 80 80 80 80 80 80 80 80 80 80 80 80 80 80 80 80 80 80 80 80 80 80 80 80 80 80 80 80 80 80 80 80 80 80 80 80 80 80 80 80 80 80 80 80 80 90 80 80 80 80 80 80 80 80 80 80 80 80 80 80 80 80 80 80 80 80 80 80 80 80 80 80 80 80 80 80 80 80 80 60 90 30 30 90 90 30 30
40 40 40 40 40 40 40 40 40 40 40 40 30 30 40 40 40 40 40 40 40 40 40 40 40 40 40 40 40 40 40 40 10 30 50 10 40 40 40 40 40 40 40 40 40 40 40 40 40 40 40 40 40 30 30 30 40 40 40 40 40 40 40 40 40 40 40 40 40 40 40 40 40 40 40 40 40 40 40 10 10 10 30 30 10 30 30 30 40 40 40 40 40 40 40 40 40 40 40 40 40 40 40 40 40 40 30 30 40 40 40 40 40 40 40 40 40 40 40 40 40 40 40 40 40 40 40 40 30 40 40 40 40 40 40 40 40 40 40 40 40 40 40 40 40 40 40 40 40 40 40 40 40 40 40 40 40 40 40 40 40 40 40 40 40 40 40 40 40 40 40 40 40 40 40 40 40 40 40 40 40 40 40 40 40 40 40 30 30 30 30 40 30 30 40 40 30 30 30 30 30 30 30 30 30 30 90 90 90 90 90 30 40 40 40 40 40 40 40 40 40 40 40 40 40 40 40 40 40 40 40 40 40 40 40 40 40 40 40 40 40 30 40 40 30 30 30 30 30 30 30 30 30 30 30 30 30 30 30 30 30 30 30 30 30 30 30 30 30 30 30 30 30 30 40 40 40 40 40 40 40 40 40 40 40 40 40 40 40 40 40 40 40 40 40 40 40 40 40 40 40 40 40 40 30 80 80 80 80 80 80 80 80 80 80 80 80 80 80 80 80 80 80 80 80 80 80 80 80 80 80 80 80 80 80 80 80 80 80 80 80 80 80 80 80 80 80 80 80 80 80 80 80 80 80 80 90 80 80 80 80 80 80 80 80 80 80 80 80 80 80 80 80 80 80 80 80 80 80 80 80 80 80 80 80 80 80 80 80 80 80 80 80 80 30 30 90 90 30 30
40 40 40 40 40 40 40 40 40 40 40 40 50 30 40 40 40 40 40 40 40 40 40 40 40 40 40 40 40 40 40 40 30 10 50 10 10 40 40 40 40 40 40 40 40 40 40 40 40 40 40 40 30 30 40 40 30 40 40 40 40 40 40 40 40 40 40 40 40 40 40 40 40 40 40 40 40 40 40 40 10 10 10 30 30 10 30 30 30 40 40 40 40 40 40 40 40 40 40 40 40 40 40 40 40 40 30 30 30 30 30 30 30 40 40 40 40 40 40 40 40 40 40 40 40 40 40 40 40 40 40 40 40 40 40 40 40 40 40 40 40 40 40 40 40 40 40 40 40 40 40 40 30 40 40 40 40 40 40 40 40 40 40 40 40 40 40 40 40 40 40 40 40 40 40 40 40 40 40 40 40 40 40 30 40 40 40 30 30 30 30 40 40 30 40 30 30 30 30 30 30 30 30 30 30 30 90 30 90 90 90 30 40 40 40 40 40 40 40 40 40 40 40 40 40 40 40 40 40 40 40 40 40 40 40 40 40 40 40 40 40 40 30 40 30 30 30 30 30 30 30 30 30 30 30 80 80 80 80 80 80 80 80 80 80 80 30 30 30 30 30 30 30 40 40 40 40 40 40 40 40 40 40 40 40 40 40 40 40 40 40 40 40 40 40 40 40 40 40 40 40 40 40 40 40 30 80 80 80 80 80 80 80 80 80 80 80 80 80 80 80 80 80 80 80 80 80 80 80 80 80 80 80 80 80 80 80 80 80 80 80 80 80 80 80 80 80 80 80 80 80 80 80 80 60 80 80 80 80 80 80 80 80 80 80 80 80 80 80 80 80 80 80 80 80 80 80 80 80 80 80 80 80 80 80 80 80 80 80 80 80 80 80 80 60 30 90 90 30 30
40 40 40 40 40 40 40 40 40 40 40 40 40 50 40 40 40 40 40 40 40 40 40 40 40 40 40 40 40 40 40 40 30 10 10 10 10 40 40 40 40 40 40 40 40 40 40 40 40 40 40 30 30 40 40 40 40 30 40 40 40 40 40 40 40 40 40 40 40 40 40 40 40 40 40 40 40 40 40 40 30 10 10 10 30 30 30 30 30 30 40 40 40 40 40 40 40 40 40 40 40 40 40 40 40 30 30 30 30 30 30 30 30 30 30 30 30 30 40 40 40 40 40 40 40 40 40 40 30 40 40 40 40 40 40 40 40 40 40 40 40 40 40 40 40 40 40 40 40 40 40 40 30 40 40 40 40 40 40 40 40 40 40 40 40 40 40 40 40 40 40 40 40 40 40 40 40 40 40 40 40 40 40 40 40 40 40 40 40 30 40 30 40 40 40 30 30 30 30 30 30 30 30 30 30 30 30 90 90 90 30 40 40 40 40 40 40 40 40 40 40 40 40 40 40 40 40 40 40 40 40 40 40 40 40 40 40 40 40 40 40 40 40 40 30 30 30 30 30 30 30 30 30 30 80 80 80 80 80 80 80 80 80 80 80 80 80 80 80 30 30 30 30 40 40 40 40 40 40 40 40 40 40 40 40 40 40 40 40 40 40 40 40 40 40 40 40 40 40 40 40 40 40 40 40 40 30 80 80 80 80 80 80 80 80 80 80 80 80 80 80 80 80 80 80 80 80 80 80 80 80 80 80 80 80 80 80 80 80 80 80 80 80 80 80 80 80 80 80 80 80 80 60 80 80 80 80 80 80 80 80 80 80 80 80 80 80 80 80 80 80 80 80 80 80 80 80 80 80 80 80 80 80 80 80 80 80 80 80 80 80 80 80 80 60 30 30 30 30 30
40 40 40 40 40 40 40 40 40 40 40 40 40 40 30 40 40 40 40 40 40 40 40 40 40 40 40 40 40 40 40 40 30 10 10 10 10 40 40 40 40 40 40 40 40 40 40 40 40 30 30 40 40 40 40 40 40 40 40 40 40 40 40 40 40 40 40 40 40 40 40 40 40 40 40 40 40 40 40 40 40 30 10 10 30 30 10 30 30 30 30 40 40 40 40 40 40 40 40 40 40 40 40 40 40 40 40 40 30 30 30 30 30 30 30 30 30 30 30 30 30 30 40 40 40 40 40 40 40 40 40 40 40 40 40 40 40 40 40 40 40 40 40 40 40 40 40 40 40 40 40 40 40 40 40 40 40 40 40 40 40 40 40 40 40 40 40 40 40 40 40 40 40 40 40 40 40 40 40 40 40 40 40 40 40 40 40 40 40 40 40 40 40 30 30 30 30 30 30 30 30 30 30 30 30 30 90 90 90 90 30 40 40 40 40 40 40 40 40 40 40 40 40 40 40 40 40 40 40 40 40 40 40 40 40 40 40 40 40 40 40 40 40 30 30 30 30 30 30 30 30 30 30 80 80 80 80 80 80 80 80 80 80 80 80 80 80 80 80 80 80 60 30 30 40 40 40 40 40 40 40 40 40 40 40 40 40 40 40 40 40 40 40 40 40 40 40 40 40 40 40 40 40 40 40 40 40 30 80 80 80 80 80 80 80 80 80 80 80 80 80 80 80 80 80 80 80 80 80 80 80 80 80 80 80 80 80 80 80 80 80 80 80 80 80 80 80 80 80 80 90 80 80 80 80 80 80 80 80 80 80 80 80 80 80 80 80 80 80 80 80 80 80 80 80 80 80 80 80 80 80 80 80 80 80 80 80 80 80 80 80 80 80 80 60 30 30 30 30 30
40 40 40 40 40 40 40 40 40 40 40 40 40 40 50 40 40 40 40 40 40 40 40 40 40 40 40 40 40 40 40 40 30 10 10 10 10 40 40 40 40 40 40 40 40 40 40 40 30 30 40 40 40 40 40 40 40 40 40 40 40 40 40 40 40 40 40 40 40 40 40 40 40 40 40 40 40 40 40 40 40 40 30 10 10 30 30 30 30 30 30 30 40 40 40 40 40 40 40 40 40 40 40 40 40 40 40 40 40 40 40 40 30 30 30 30 30 30 40 30 30 30 30 30 40 40 40 40 40 40 40 40 40 40 40 40 40 40 40 40 40 40 40 40 40 40 40 40 40 40 40 40 40 40 40 40 40 40 40 40 40 40 40 40 40 40 40 40 40 40 40 40 40 40 40 40 40 40 40 40 40 40 40 40 40 40 40 40 40 40 40 40 40 40 40 30 30 30 30 30 30 30 30 30 30 30 90 90 90 90 30 40 40 40 40 40 40 40 40 40 40 40 40 40 40 40 40 40 40 40 40 40 40 40 40 40 40 40 40 40 30 30 30 30 30 30 30 30 30 30 30 30 80 80 80 80 80 80 80 80 80 80 80 80 80 80 80 80 80 80 80 80 80 30 30 30 40 40 40 40 40 40 40 40 40 40 40 40 40 40 40 40 40 40 40 40 40 40 40 40 40 40 40 40 40 40 40 40 30 80 80 80 80 80 80 80 80 80 80 80 80 80 80 80 80 80 80 80 80 80 80 80 80 80 80 80 80 80 80 80 80 80 80 80 80 80 80 80 90 80 80 80 80 80 80 80 80 80 80 80 80 80 80 80 80 80 80 80 80 80 80 80 80 80 80 80 80 80 80 80 80 80 80 80 80 80 80 80 80 80 80 80 80 80 60 30 30 30 30 30
40 40 40 40 40 40 40 40 40 40 40 40 40 40 40 30 40 40 40 40 40 40 40 40 40 40 40 40 40 40 40 40 10 10 10 10 10 40 40 40 40 40 40 40 40 40 40 40 30 40 40 40 40 40 40 40 40 40 40 40 40 40 40 40 40 40 40 40 40 40 40 40 40 40 40 40 40 40 40 40 40 40 40 30 10 10 30 30 30 30 30 30 40 40 40 40 40 40 40 40 40 40 40 40 40 40 40 40 40 40 40 40 40 40 40 30 30 30 40 40 40 40 40 40 40 40 30 30 40 40 40 40 40 40 40 40 40 40 40 40 40 40 40 40 40 40 40 40 40 40 40 40 40 40 40 40 40 40 40 40 40 40 40 40 40 40 40 40 40 40 40 40 40 40 40 40 40 40 40 40 40 40 40 40 40 40 40 40 40 40 40 40 40 40 40 30 30 30 30 30 30 30 30 30 30 90 90 90 90 90 40 40 40 40 40 40 40 40 40 40 40 40 40 40 40 40 40 40 40 40 40 40 40 40 40 30 30 30 30 30 30 30 30 30 30 30 30 30 30 30 60 80 80 80 80 80 80 80 80 80 80 80 80 80 80 80 80 80 80 80 80 80 80 80 80 30 30 40 40 40 40 40 40 40 40 40 40 40 40 40 40 40 40 40 40 40 40 40 40 40 40 40 40 40 40 40 40 40 40 30 80 80 80 80 80 80 80 80 80 80 80 80 80 80 80 80 80 80 80 80 80 80 80 80 80 80 80 80 80 80 80 80 80 80 80 90 90 80 80 80 80 80 80 80 80 80 80 80 80 80 80 80 80 80 80 80 80 80 80 80 80 80 80 80 80 80 80 80 80 80 80 80 80 80 80 80 80 80 80 80 80 80 80 80 60 30 30 30 30 30
40 40 40 40 40 40 40 40 40 40 40 40 40 40 40 50 40 40 40 40 40 40 40 40 40 40 40 40 40 40 40 40 30 10 10 10 10 30 40 40 40 40 40 40 40 40 40 40 40 40 40 40 40 40 40 40 40 40 40 40 40 40 40 40 40 40 40 40 40 40 40 40 40 40 40 40 40 40 40 40 40 40 40 40 10 10 10 30 30 30 30 30 30 40 40 40 40 40 40 40 40 40 40 40 40 40 40 40 40 40 40 40 40 40 40 30 30 40 40 40 40 40 40 40 40 40 40 40 40 40 30 40 40 40 40 40 40 40 40 40 40 40 40 40 40 40 40 40 40 40 40 40 40 40 40 40 40 40 40 40 40 40 40 40 40 40 40 40 40 40 40 40 40 40 40 40 40 40 40 40 40 40 40 40 40 40 40 40 40 40 40 40 40 40 40 30 30 30 30 30 90 30 30 30 90 90 90 90 90 30 40 40 40 40 40 40 40 40 40 40 40 40 40 40 40 40 40 40 40 40 30 30 30 30 30 30 30 30 30 30 30 30 30 30 30 30 30 30 30 30 80 80 80 80 80 80 80 80 80 80 80 80 80 80 80 80 80 80 80 80 80 80 80 80 80 80 30 30 40 40 40 40 40 40 40 40 40 40 40 40 40 40 40 40 40 40 40 40 40 40 40 40 40 40 40 40 40 40 40 40 30 80 80 80 80 80 80 80 80 80 80 80 80 80 80 80 80 80 80 80 80 80 80 80 80 80 80 80 80 80 80 80 80 80 80 80 80 80 80 80 80 80 80 80 80 80 80 80 80 80 80 80 80 80 80 80 80 80 80 80 80 80 80 80 80 80 80 80 80 80 80 80 80 80 80 80 80 80 80 80 80 80 80 80 60 30 90 30 30 30
40 40 40 40 40 40 40 40 40 40 50 50 30 50 50 50 30 40 30 30 40 40 40 40 40 40 40 40 40 40 40 40 40 10 10 50 10 40 40 40 40 40 40 40 40 30 40 40 40 40 40 40 40 40 40 40 40 40 40 40 40 40 40 40 40 40 40 40 40 40 40 40 40 40 40 40 40 40 40 40 40 40 40 40 30 30 10 10 30 30 30 30 30 30 40 40 40 40 40 40 40 40 40 40 40 40 40 40 40 40 40 40 40 40 40 30 30 40 40 40 40 40 40 40 40 40 40 40 40 40 40 40 40 40 40 40 40 40 40 40 40 40 40 40 40 40 40 40 40 40 40 40 40 40 40 40 40 40 40 40 40 40 40 40 40 40 40 40 40 40 40 40 40 40 40 40 40 40 40 40 40 40 40 40 40 40 40 40 40 40 40 40 40 40 40 30 30 30 30 90 30 30 90 90 90 90 90 90 30 30 40 40 40 40 40 40 40 40 40 40 40 40 40 40 40 40 40 30 30 30 30 30 30 30 30 30 30 30 30 30 30 30 30 30 30 30 30 30 30 90 80 80 80 80 80 80 80 80 80 80 80 80 80 80 80 80 80 80 80 80 80 80 80 80 80 80 80 80 30 30 40 40 40 40 40 40 40 40 40 40 40 40 40 40 40 40 40 40 40 40 40 40 40 40 40 40 40 40 40 40 40 30 80 80 80 80 80 80 80 80 80 80 80 80 80 80 80 80 80 80 80 80 80 80 80 80 80 80 80 80 80 80 90 80 80 80 80 80 80 80 80 80 80 80 80 80 80 80 80 80 80 80 80 80 80 80 80 80 80 80 80 80 80 80 80 80 80 80 80 80 80 80 80 80 80 80 80 80 80 80 80 80 80 80 60 50 90 90 30 30
40 50 50 50 10 10 10 50 50 50 50 50 50 50 50 50 50 30 40 40 40 40 40 40 40 40 40 40 40 40 40 40 40 30 10 10 10 10 40 40 40 40 40 40 30 40 40 40 40 40 40 40 40 40 40 40 40 40 40 40 40 40 40 40 40 40 40 40 40 40 40 40 40 40 40 40 40 40 40 40 40 40 40 40 40 30 10 10 10 30 30 30 30 30 30 40 40 40 40 40 40 40 40 40 40 40 40 40 40 40 40 40 40 40 30 30 30 40 40 40 40 40 40 40 40 40 40 40 40 40 40 40 40 40 40 40 40 40 40 40 40 40 40 40 40 40 40 40 40 40 40 40 40 40 40 40 40 40 40 40 40 40 40 40 40 40 40 40 40 40 40 40 40 40 40 40 40 40 40 40 40 40 40 40 40 40 40 40 40 30 40 30 40 40 40 30 30 30 90 90 90 90 90 90 90 90 30 90 30 30 30 40 40 40 40 40 40 40 40 40 40 40 40 40 30 30 30 30 30 30 30 30 30 30 30 30 30 30 30 30 30 30 30 30 30 30 30 30 30 30 80 80 80 80 80 80 80 80 80 80 80 80 80 80 80 80 80 80 80 80 80 80 80 80 80 80 80 80 60 30 30 40 40 40 40 40 40 40 40 40 40 40 40 40 40 40 40 40 40 40 40 40 40 40 40 40 40 40 40 40 40 40 30 80 80 80 80 80 80 80 80 80 80 80 80 80 80 80 80 80 80 80 80 80 80 80 80 80 80 80 80 80 80 80 80 80 80 80 80 80 80 80 80 80 80 80 80 80 80 80 80 80 80 80 80 80 80 80 80 80 80 80 80 80 80 80 80 80 80 80 80 80 80 80 80 80 80 80 80 80 80 80 80 80 60 30 30 90 30 30
50 50 50 50 50 50 50 50 50 50 50 50 50 30 30 30 30 30 40 40 40 40 40 40 40 40 40 40 40 40 40 40 40 40 10 10 10 10 40 40 40 40 40 30 40 40 40 40 40 40 40 40 40 40 40 40 40 40 40 40 40 40 40 40 40 40 40 40 40 40 40 40 40 40 40 40 40 40 40 40 40 40 40 40 40 30 30 10 10 30 30 30 30 30 30 40 40 40 40 40 40 40 40 40 40 40 40 40 40 40 40 40 40 40 30 30 40 40 40 40 40 40 40 40 40 40 40 40 40 40 40 40 40 40 40 40 40 40 40 40 40 40 40 40 40 40 40 40 40 40 40 40 40 40 40 40 40 40 40 40 40 40 40 40 40 40 40 40 40 40 40 40 40 40 40 40 40 40 40 40 40 40 40 40 40 40 40 40 40 40 40 40 40 40 30 30 30 30 30 30 90 90 60 30 90 30 30 90 30 30 30 40 40 40 40 40 40 40 30 30 40 40 40 40 40 30 30 30 30 30 30 30 30 30 30 30 30 30 30 30 30 30 30 30 30 30 30 30 30 30 80 80 80 80 80 80 80 80 80 80 80 80 80 80 80 80 80 80 80 80 80 80 80 80 80 80 80 80 80 80 30 30 40 40 40 40 40 40 40 40 40 40 40 40 40 40 40 40 40 40 40 40 40 40 40 40 40 40 40 40 40 40 40 30 30 80 80 80 80 80 80 80 80 80 80 80 80 80 80 80 80 80 80 80 80 80 80 80 80 80 80 80 80 80 80 80 80 80 80 80 80 80 80 80 80 80 80 80 80 80 80 80 80 80 80 80 80 80 80 80 80 80 80 80 80 80 80 80 80 80 80 80 80 80 80 80 80 80 80 80 80 80 80 80 80 80 90 60 90 30
50 50 50 50 50 50 50 50 10 50 50 30 30 30 10 10 30 50 30 40 40 40 40 40 40 40 40 40 40 40 40 40 40 40 10 10 10 10 40 40 40 30 40 40 40 40 40 40 40 40 40 40 40 40 40 40 40 40 40 40 40 40 40 40 40 40 40 40 40 40 40 40 40 40 40 40 40 40 40 40 40 40 40 40 40 40 40 10 10 10 30 30 30 30 30 30 40 40 40 40 40 40 40 40 40 40 40 40 40 40 40 40 40 40 30 30 40 40 40 40 40 40 40 40 40 40 40 40 40 40 40 40 40 40 40 40 40 40 40 40 40 40 40 40 40 40 40 40 40 40 40 40 40 40 40 40 40 40 40 40 40 40 40 40 40 40 40 40 40 40 40 40 40 40 40 40 40 40 40 40 40 40 40 40 40 40 40 40 40 40 40 40 30 40 30 30 30 30 90 90 90 90 90 60 30 30 30 30 30 30 30 40 30 30 30 40 40 40 40 40 40 40 40 40 40 40 30 30 30 30 30 30 30 30 30 30 30 30 30 30 30 30 30 30 30 30 30 30 30 30 80 80 80 80 80 80 80 80 80 80 80 80 80 80 80 80 80 80 80 80 80 80 80 80 80 80 80 80 80 80 80 30 30 40 40 40 40 40 40 40 40 40 40 40 40 40 40 40 40 40 40 40 40 40 40 40 40 40 40 40 40 40 40 40 40 30 30 80 80 80 80 80 80 80 80 80 80 80 80 80 80 80 80 80 80 80 80 80 80 80 80 80 80 80 80 80 80 80 80 80 80 80 80 80 80 80 80 80 80 80 80 80 80 80 80 80 80 80 80 80 80 80 80 80 80 80 80 80 80 80 80 80 80 80 80 80 80 80 80 80 80 80 80 80 80 80 30 30 60 30
50 50 50 30 10 30 30 30 10 50 50 50 50 10 50 50 50 30 30 30 40 40 40 40 40 40 40 40 40 40 40 40 40 40 30 30 10 10 30 40 30 40 40 40 40 40 40 40 40 40 40 40 40 40 40 40 40 40 40 40 40 40 40 40 40 40 40 40 40 40 40 40 40 40 40 40 40 40 40 40 40 40 40 40 40 40 40 30 10 10 30 30 30 30 30 30 30 40 40 40 40 40 40 40 40 40 40 40 40 40 40 40 40 40 30 30 40 40 40 40 40 40 40 40 40 40 40 40 40 40 40 40 40 40 40 40 40 40 40 40 40 40 40 40 40 40 40 40 40 40 40 40 40 40 40 40 40 40 40 40 40 40 40 40 40 40 40 40 40 40 40 40 40 40 40 40 40 40 40 40 40 40 40 40 30 40 40 40 40 40 40 40 40 40 30 30 30 30 30 90 90 90 90 30 90 30 30 30 30 40 40 40 40 40 40 40 40 40 40 40 40 40 40 40 40 40 40 30 30 30 30 30 30 30 30 30 30 30 30 30 30 30 30 30 30 30 30 30 30 30 80 80 80 80 80 80 80 80 80 80 80 80 80 80 80 80 80 80 80 80 80 80 80 80 80 80 80 80 80 80 80 80 30 30 40 40 40 40 40 40 40 40 40 40 40 40 40 40 40 40 40 40 40 40 40 40 40 40 40 40 40 40 40 40 40 30 30 30 90 80 80 80 80 80 80 80 80 80 80 80 80 80 80 80 80 80 80 80 80 80 80 80 80 80 80 80 80 80 80 80 80 80 80 80 80 80 80 80 80 80 80 80 80 80 80 80 80 80 80 80 80 80 80 80 80 80 80 80 80 80 80 80 80 80 80 80 80 80 80 80 80 80 80 80 80 80 30 30 60 60
10 10 10 10 10 10 10 50 50 50 50 50 50 10 50 50 50 30 50 30 40 40 40 40 40 40 40 40 40 40 40 40 40 40 30 30 10 10 30 30 40 40 40 40 40 40 40 40 40 40 40 40 40 40 40 40 40 40 40 40 40 40 40 40 40 40 40 40 40 40 40 40 40 40 40 40 40 40 40 40 40 40 40 40 40 40 40 40 30 10 10 10 30 30 30 30 30 30 40 40 40 40 40 40 40 40 40 40 40 40 40 40 40 30 30 40 40 40 40 40 40 40 40 40 40 40 40 40 40 40 40 40 40 40 40 40 40 40 40 40 40 40 40 40 40 40 40 40 40 40 40 40 40 40 40 40 40 40 40 40 40 40 40 40 40 40 40 40 40 40 40 40 40 40 40 40 40 40 40 40 40 40 40 40 40 40 40 40 40 40 40 40 40 40 30 30 30 30 90 90 90 90 30 30 30 30 30 40 40 40 40 40 40 40 40 40 40 40 40 40 40 40 40 40 40 40 40 40 30 30 30 30 30 30 30 30 30 30 30 30 30 30 30 30 30 30 30 30 30 30 80 80 80 80 80 80 80 80 80 80 80 80 80 80 80 80 80 80 80 80 80 80 80 80 80 80 80 80 80 80 80 80 80 30 30 40 40 40 40 40 40 40 40 40 40 40 40 40 40 40 40 40 40 40 40 40 40 40 40 40 40 40 40 40 40 40 40 30 30 90 90 80 80 80 80 80 80 80 80 80 80 80 80 80 80 80 80 80 80 80 80 80 80 80 80 80 80 80 80 80 80 80 80 80 80 80 80 80 80 80 80 80 80 80 80 80 80 80 80 80 80 80 80 80 80 80 80 80 80 80 80 80 80 80 80 90 80 80 80 80 80 80 80 80 80 80 30 30 80 80
50 50 50 50 50 50 50 50 50 50 50 50 50 50 10 10 50 50 30 50 40 40 40 40 40 40 40 40 40 40 40 40 40 30 30 30 50 10 30 40 40 40 40 40 40 40 40 40 40 40 40 40 40 40 40 40 40 40 40 40 40 40 40 40 40 40 40 40 40 40 40 40 40 40 40 40 40 40 40 40 40 40 40 40 40 40 40 40 40 30 30 10 30 30 30 30 30 30 40 40 40 40 40 40 40 40 40 40 40 40 40 40 40 30 30 40 40 40 40 40 40 40 40 40 40 40 40 40 40 40 40 40 40 40 40 40 40 40 40 40 40 40 40 40 40 40 40 40 40 40 40 40 40 40 40 40 40 40 40 40 40 40 40 40 40 40 40 40 40 40 40 40 40 40 40 40 40 40 40 40 40 40 40 40 40 40 40 40 40 40 40 40 40 40 30 30 30 30 90 90 30 30 30 30 30 30 30 30 40 40 40 40 40 40 40 40 40 40 40 40 40 40 40 40 40 40 40 40 30 30 30 30 30 30 30 30 30 30 30 30 30 30 30 30 30 30 30 30 30 30 30 80 80 80 80 80 80 80 80 80 80 80 80 80 80 80 80 80 80 80 80 80 80 80 80 80 80 80 80 80 80 80 80 80 30 30 30 40 40 40 40 40 40 40 40 40 40 40 40 40 40 40 40 40 40 40 40 40 40 40 40 40 40 40 40 40 40 40 30 30 90 90 90 80 80 80 80 80 80 60 80 80 80 80 80 80 80 80 80 80 80 80 80 80 80 80 80 80 80 80 80 80 80 80 80 80 80 80 80 80 80 80 80 80 80 80 80 80 80 80 80 80 80 80 80 80 80 80 80 80 80 80 80 80 80 80 80 80 80 80 80 80 80 80 80 80 30 30 80 80
50 10 10 50 10 10 30 30 50 10 10 10 10 50 50 50 50 50 30 30 30 40 40 30 30 30 30 30 40 40 30 30 30 30 30 10 30 10 30 40 40 40 40 40 40 40 40 40 40 40 40 40 30 40 40 40 40 40 40 40 40 40 40 40 40 40 40 40 40 40 40 40 40 40 40 40 40 40 40 40 40 40 40 40 40 40 40 40 30 30 30 30 30 30 30 30 30 30 30 40 40 40 40 40 40 40 40 40 40 40 40 40 40 30 30 40 40 40 40 40 40 40 40 40 40 40 40 40 40 40 40 40 40 40 40 40 40 40 40 40 40 40 40 40 40 40 40 40 40 40 40 40 40 40 40 40 40 40 40 40 40 40 40 40 40 40 40 40 40 40 40 40 40 40 40 40 40 40 40 40 40 40 40 40 40 40 40 40 40 40 40 40 40 30 30 30 30 90 90 90 30 30 30 30 30 30 30 30 40 40 40 40 40 40 40 40 40 40 40 40 40 40 40 40 40 40 40 40 40 40 30 30 30 30 30 30 30 30 30 30 30 30 30 30 30 30 30 30 30 30 30 80 80 80 80 80 80 80 80 80 80 80 80 80 80 80 80 80 80 80 80 80 80 80 80 80 80 80 80 80 80 80 80 80 60 30 30 30 40 40 40 40 40 40 40 40 40 40 40 40 40 40 40 40 40 40 40 40 40 40 40 40 40 40 40 40 40 40 40 30 30 30 30 30 30 80 80 60 80 80 80 80 80 80 80 80 80 80 80 80 80 80 80 80 80 80 80 80 80 80 80 80 80 80 80 80 80 80 80 80 80 80 80 80 80 80 80 80 80 80 80 80 80 80 80 80 80 80 80 80 80 80 80 80 80 80 80 80 80 80 80 80 80 80 80 80 30 80 80 80
50 10 10 10 10 50 30 10 50 50 50 50 50 50 50 50 30 30 40 30 30 30 30 40 30 30 40 40 40 30 40 40 30 40 30 10 30 10 10 40 40 40 40 40 40 40 40 40 40 40 40 40 40 40 40 40 40 40 30 40 40 40 40 40 40 40 40 40 40 40 40 40 40 40 40 40 40 40 40 40 40 40 40 40 40 40 40 30 30 30 30 30 10 10 30 30 30 30 30 30 40 40 40 40 40 40 40 40 40 40 40 40 40 30 40 40 40 40 40 40 40 40 40 40 40 40 40 40 40 40 40 40 40 40 40 40 40 40 40 40 40 40 40 40 40 40 40 40 40 40 40 40 40 40 40 40 40 40 40 40 40 30 40 40 40 40 40 30 30 40 40 40 40 40 40 40 40 40 40 40 40 40 40 40 40 40 40 40 40 40 40 40 40 30 30 30 30 90 90 90 30 30 30 30 30 30 30 30 30 40 40 40 40 40 40 40 40 40 40 40 40 40 40 40 40 40 40 40 40 40 40 30 30 30 30 30 30 30 30 30 30 30 30 30 30 30 30 30 30 30 30 60 80 80 80 80 80 80 80 80 80 80 80 80 80 80 80 80 80 80 80 80 80 80 80 80 80 80 80 80 80 80 80 80 80 30 30 30 30 40 40 40 40 40 40 40 40 40 40 40 40 40 40 40 40 40 40 40 40 40 40 40 40 40 40 40 40 40 40 40 30 30 30 80 30 30 60 80 80 80 80 80 80 80 80 80 80 80 80 80 80 80 80 80 80 80 80 80 80 80 80 80 80 80 80 80 80 80 80 80 80 80 80 80 80 80 80 80 80 80 80 80 80 80 80 80 80 80 80 80 80 80 80 80 80 80 80 80 80 80 80 80 80 80 80 90 30 80 80 80
10 30 50 50 50 50 50 30 10 50 50 10 30 30 40 40 40 40 40 40 30 30 30 30 30 30 40 30 40 40 40 40 30 30 30 10 30 10 10 40 40 40 40 40 40 40 40 40 40 40 40 40 40 40 40 40 40 40 40 40 40 40 40 40 40 40 40 40 40 40 40 40 40 40 40 40 40 40 40 40 40 40 40 40 40 40 40 30 30 30 30 10 30 10 30 30 30 30 30 30 30 40 40 40 40 40 40 40 40 40 40 40 40 30 40 40 40 40 40 40 40 40 40 40 40 40 40 40 40 40 40 40 40 40 40 40 40 40 40 40 40 40 40 40 40 40 40 40 40 40 40 40 40 40 40 40 40 40 40 40 40 30 30 40 30 30 30 30 30 30 30 30 30 30 40 30 40 40 40 40 40 40 40 40 40 40 40 40 40 40 40 40 30 30 30 30 30 30 90 90 30 30 30 30 30 30 30 30 30 30 40 40 40 40 40 40 40 40 40 40 40 40 40 40 40 40 40 40 40 40 40 30 30 30 30 30 30 30 30 30 30 30 30 30 30 30 30 30 30 30 30 30 80 80 80 80 80 80 80 80 80 80 80 80 80 80 80 80 80 80 80 80 80 80 80 80 80 80 80 80 80 80 80 80 80 80 30 30 30 30 40 40 40 40 40 40 40 40 40 40 40 40 40 40 40 40 40 40 40 40 40 40 40 40 40 40 40 40 40 40 40 30 50 30 30 90 90 80 90 80 80 80 80 80 80 80 80 80 80 80 80 80 80 80 80 80 80 80 80 80 80 80 80 80 80 80 80 80 80 80 80 80 80 80 80 80 80 80 80 80 80 80 80 80 80 80 80 80 80 80 80 80 80 80 80 80 80 80 80 80 80 80 80 80 80 80 30 80 80 80
50 30 10 50 50 50 50 50 50 50 30 30 30 40 40 40 40 40 40 40 30 50 30 40 40 30 40 40 40 40 30 30 30 40 30 10 30 30 10 40 40 40 40 40 40 40 40 40 30 40 40 40 40 40 40 40 40 40 40 40 40 40 40 40 40 40 40 40 40 40 40 40 40 40 40 40 40 40 40 30 40 40 40 40 40 40 30 30 30 30 10 30 30 30 10 30 30 30 30 30 30 30 40 40 40 40 40 40 40 40 40 40 30 30 40 40 40 40 40 40 40 40 40 40 40 40 40 40 40 40 40 40 40 40 40 40 40 40 40 40 40 40 40 40 40 40 40 40 40 40 40 40 40 40 40 40 40 40 40 40 40 30 30 30 30 30 30 30 30 30 30 30 50 50 30 30 30 30 30 30 30 30 30 30 30 30 40 30 30 30 30 30 30 30 30 30 30 90 90 90 30 30 30 30 30 30 30 30 30 30 40 40 40 40 40 40 40 40 40 40 40 40 40 40 40 40 40 40 40 40 30 40 30 30 30 30 30 30 30 30 30 30 30 30 30 30 30 30 30 30 30 30 80 80 80 80 80 80 80 80 80 80 80 80 80 80 80 80 80 80 80 80 80 80 80 80 80 80 80 80 80 80 80 80 80 80 80 30 30 30 30 30 40 40 40 40 40 40 40 40 40 40 40 40 40 40 40 40 40 40 40 40 40 40 40 40 40 40 40 40 40 40 40 30 30 90 90 90 80 80 80 80 80 80 80 80 80 80 80 80 80 80 80 80 80 80 80 80 80 80 80 80 80 80 80 80 80 80 80 80 80 80 80 80 80 80 80 80 80 80 80 80 80 80 80 80 80 80 80 80 80 80 80 80 80 80 80 80 80 80 80 80 80 80 80 90 30 80 80 80
50 50 50 50 50 50 50 50 50 50 30 40 40 40 40 40 40 40 40 40 40 30 30 30 40 40 40 40 40 40 40 40 40 40 40 30 30 50 10 40 40 40 40 40 40 40 40 40 40 40 40 40 40 40 40 40 40 40 40 40 40 40 40 40 40 40 40 40 40 40 40 40 40 40 40 40 40 40 40 40 40 40 40 40 40 40 30 30 10 30 30 30 30 30 10 10 30 30 30 30 30 30 40 40 40 40 40 40 40 40 40 40 30 30 40 40 40 40 40 40 40 40 40 40 40 40 40 40 40 40 40 40 40 40 40 40 40 40 40 40 40 40 40 40 40 40 40 40 40 40 40 40 40 40 40 40 40 40 40 40 40 30 30 30 40 30 30 30 30 30 40 30 30 30 30 30 30 30 30 30 30 30 30 30 30 30 30 30 30 30 30 30 30 30 30 30 90 90 30 30 30 30 30 30 30 30 30 30 30 30 30 40 40 40 40 40 40 40 40 40 40 40 40 40 40 40 40 40 30 40 40 40 40 30 30 30 30 30 30 30 30 30 30 30 30 30 30 30 30 30 30 30 80 80 80 80 80 80 80 80 80 80 80 80 80 80 80 80 80 80 80 80 80 80 80 80 80 80 80 80 80 80 80 80 80 80 80 30 30 30 30 30 30 40 40 40 40 40 40 40 40 40 40 40 40 40 40 40 40 40 40 40 40 40 40 40 40 40 40 40 40 40 40 40 30 30 30 90 80 80 80 80 80 80 80 80 80 80 80 80 80 80 80 80 80 80 80 80 80 80 80 80 80 80 80 80 80 80 80 80 80 80 80 80 80 80 80 80 80 80 80 80 80 80 80 80 80 80 80 80 80 80 80 80 80 80 80 80 80 80 80 80 80 80 90 30 30 80 80 80
50 50 50 50 30 10 30 30 30 30 30 30 40 40 40 40 40 40 40 40 40 30 50 30 40 40 40 40 40 40 40 40 40 40 40 40 30 50 10 30 40 40 40 40 40 30 40 40 40 40 40 40 40 40 40 40 40 40 40 40 40 40 40 40 40 40 40 40 40 40 40 40 40 40 40 40 40 40 40 40 40 40 30 30 30 30 10 10 30 30 40 40 40 30 10 10 10 30 30 30 30 30 30 40 40 40 40 40 40 40 40 40 30 30 40 40 40 40 40 40 40 40 40 40 40 40 40 40 40 40 40 40 40 40 40 40 40 40 40 40 40 40 40 40 40 40 40 40 40 40 40 40 40 40 40 40 40 40 40 40 30 30 30 30 40 40 30 30 30 30 30 40 30 30 30 30 30 30 30 30 30 30 30 30 30 30 30 30 30 30 30 30 30 30 30 30 90 90 30 30 30 30 30 30 30 30 30 30 30 30 30 30 40 40 40 40 40 40 40 40 40 40 40 40 40 40 40 40 40 40 40 40 40 40 30 30 30 30 30 30 30 30 30 30 30 30 30 30 30 30 30 30 60 80 80 80 80 80 80 80 80 80 80 80 80 80 80 80 80 80 80 80 80 80 80 80 80 80 80 80 80 80 80 80 80 80 80 80 30 30 30 30 30 30 40 40 40 40 40 40 40 40 40 40 40 40 40 40 40 40 40 40 40 40 40 40 40 40 40 40 40 40 40 40 40 30 30 30 30 80 90 80 80 80 80 80 80 80 80 80 80 80 80 80 80 80 80 80 80 80 80 80 80 80 80 80 80 80 80 80 80 80 80 80 80 80 80 80 80 80 80 80 80 80 80 80 80 80 80 80 80 80 80 80 80 80 80 80 80 80 80 80 80 80 90 90 30 80 80 80
50 10 50 30 30 30 30 30 30 30 30 40 40 40 40 40 40 40 40 40 40 30 30 30 40 40 40 40 40 40 40 40 40 40 40 40 30 30 30 30 40 40 40 40 40 30 40 40 40 40 40 40 40 40 40 40 40 40 40 40 40 40 40 40 40 40 40 40 40 40 40 40 40 40 40 40 40 40 40 40 40 40 40 30 30 30 10 30 30 40 40 40 40 30 30 30 10 10 30 30 30 30 30 30 40 40 40 40 40 40 40 40 30 40 40 40 40 40 40 40 40 40 40 40 40 40 40 40 40 40 40 40 40 40 40 40 40 40 40 40 40 40 40 40 40 40 40 40 40 40 40 40 40 40 40 40 40 40 40 40 30 30 30 30 30 40 30 30 30 30 30 30 30 30 30 30 30 30 30 30 30 30 30 30 30 30 30 30 30 30 30 30 30 30 30 90 90 30 30 30 30 30 30 30 30 30 30 30 30 30 30 30 30 40 40 40 40 40 40 40 40 40 40 40 40 40 40 40 30 40 40 40 40 40 30 30 30 30 30 30 30 30 30 30 30 30 30 30 30 30 30 30 30 80 80 80 80 80 80 80 80 80 80 80 80 80 80 80 80 80 80 80 80 80 80 80 80 80 80 80 80 80 80 80 80 80 80 80 60 30 30 30 30 30 30 40 40 40 40 40 40 40 40 40 40 40 40 40 40 40 40 40 40 40 40 40 40 40 40 40 40 40 40 40 40 40 30 30 30 30 80 90 80 80 80 80 80 80 80 80 80 80 80 80 80 80 80 80 80 80 80 80 80 80 80 80 80 80 80 80 80 80 80 80 80 80 80 80 80 80 80 80 80 80 80 80 80 80 80 80 80 80 80 80 80 80 80 80 80 80 80 80 80 80 90 90 30 80 80 80
50 30 30 30 30 30 30 30 30 30 30 30 40 40 40 40 40 40 40 40 40 40 30 30 30 40 40 40 40 40 40 40 40 40 40 40 30 30 30 40 40 40 40 40 30 30 40 40 40 40 40 40 40 40 40 40 40 40 40 40 40 40 40 40 40 40 40 40 40 40 40 40 40 40 40 40 40 40 40 40 40 30 10 10 30 30 30 40 40 40 40 40 40 40 30 30 30 10 10 30 30 30 30 30 30 40 40 40 40 40 40 30 30 40 40 40 40 40 40 40 40 40 40 40 40 40 40 40 40 40 40 40 40 40 40 40 40 40 40 40 40 40 40 40 40 40 40 40 40 40 40 40 40 40 40 40 40 40 40 40 30 30 30 30 30 40 30 30 30 30 30 30 30 30 30 30 30 30 30 30 30 30 30 30 30 30 30 30 30 30 30 30 30 30 30 90 30 30 30 30 30 30 30 30 30 30 30 30 30 30 30 30 30 40 40 40 40 40 40 40 40 40 40 40 40 40 40 40 40 40 30 40 40 40 40 30 30 30 30 30 30 30 30 30 30 30 30 30 30 30 30 30 60 80 80 80 80 80 80 80 80 80 80 80 80 80 80 80 80 80 80 80 80 80 80 80 80 80 80 80 80 80 80 80 80 80 80 80 80 30 30 30 30 30 30 30 30 40 40 40 40 40 40 40 40 40 40 40 40 40 40 40 40 40 40 40 40 40 40 40 40 40 40 40 40 40 40 30 30 30 30 80 90 80 80 80 80 80 80 80 80 80 80 80 80 80 80 80 80 80 80 80 80 80 80 80 80 80 80 80 80 80 80 80 80 80 80 80 80 80 80 80 80 80 80 80 80 80 80 80 80 80 80 80 80 80 80 80 80 80 80 80 80 80 80 80 90 80 80 80
50 30 30 30 30 30 30 30 30 30 30 30 40 40 40 40 40 40 40 40 40 40 40 30 30 30 40 40 40 40 40 40 40 40 40 40 10 30 10 30 30 40 40 40 40 40 30 30 40 40 40 40 40 40 40 40 40 40 40 40 40 40 40 40 40 40 40 40 40 40 40 40 40 40 40 40 40 40 40 40 10 10 10 30 10 30 40 40 40 40 40 40 40 40 40 30 30 30 10 30 30 30 30 30 30 40 40 40 40 40 40 30 40 40 40 40 40 40 40 40 40 40 40 40 40 40 40 40 40 40 40 40 40 40 40 40 40 40 40 40 40 40 40 40 40 40 40 40 40 40 40 40 40 40 40 40 40 40 40 40 30 30 30 30 30 30 30 30 30 30 30 30 30 30 30 30 30 30 30 30 30 30 40 30 30 30 30 30 30 30 30 30 30 30 30 30 30 30 30 30 30 30 30 30 30 30 30 30 30 30 30 30 30 30 40 40 40 40 40 40 40 40 40 40 40 40 40 40 40 40 30 40 40 40 40 40 30 30 30 30 30 30 30 30 30 30 30 30 30 30 30 30 30 60 80 80 80 80 80 80 80 80 80 80 80 80 80 80 80 80 80 80 80 80 80 80 80 80 80 80 80 80 80 80 80 80 80 80 80 80 30 30 30 30 30 30 30 30 40 40 40 40 40 40 40 40 40 40 40 40 40 40 40 40 40 40 40 40 40 40 40 40 40 40 40 40 40 40 30 30 30 30 80 80 80 80 80 80 80 80 80 80 80 80 80 80 80 80 80 80 80 80 80 80 80 80 80 80 80 80 80 80 80 80 90 80 80 80 80 80 80 80 80 80 80 80 80 80 80 80 80 80 80 80 80 80 80 80 80 80 80 80 80 80 80 80 80 80 80 80
50 50 30 30 30 30 30 30 30 30 30 30 40 40 40 40 40 40 40 40 40 40 40 30 50 30 40 40 40 40 40 40 40 40 40 40 10 30 10 30 30 40 40 40 40 40 30 30 30 40 40 40 40 40 40 40 40 40 40 40 40 40 40 40 40 40 40 40 30 40 40 40 40 40 40 40 40 40 30 30 10 10 10 10 10 40 40 40 40 40 40 40 40 40 40 40 30 30 10 10 30 30 30 30 30 30 40 40 40 40 40 30 40 40 40 40 40 40 40 40 40 40 40 40 40 40 40 40 40 40 40 40 40 40 40 40 40 40 40 40 40 40 40 40 40 40 40 40 40 40 40 40 40 40 40 40 40 40 40 40 30 30 30 30 60 50 30 30 30 30 30 30 30 30 30 30 30 30 30 30 30 30 30 30 30 30 30 30 30 30 30 30 30 30 30 30 30 30 30 30 30 30 30 30 30 30 30 30 30 30 30 30 30 30 30 40 40 40 40 40 40 40 40 40 40 40 40 40 40 40 40 40 40 40 40 40 40 30 30 30 30 30 30 30 30 30 30 30 30 30 30 30 30 60 80 80 80 80 80 80 80 80 80 80 80 80 80 80 80 80 80 80 80 80 80 80 80 80 80 80 80 80 80 80 80 80 80 80 80 80 80 30 30 30 30 30 30 30 30 40 40 40 40 40 40 40 40 40 40 40 40 40 40 40 40 40 40 40 40 40 40 40 40 40 40 40 40 40 30 30 30 30 80 90 80 80 80 80 80 80 80 80 80 80 80 80 80 80 80 80 80 80 80 80 80 80 80 80 80 80 80 80 80 80 80 80 80 80 80 80 80 80 80 80 80 80 80 80 80 80 80 80 80 80 80 80 80 80 80 80 80 80 80 80 80 80 80 80 80 80
50 30 30 30 30 30 30 30 30 30 30 30 40 40 40 40 40 40 40 40 40 40 40 40 30 30 40 40 40 40 40 40 40 40 40 40 10 30 10 30 30 40 40 40 40 40 30 30 30 40 40 40 40 40 40 40 40 40 40 40 40 40 40 40 40 40 40 40 40 40 40 40 40 40 40 40 40 40 10 10 10 10 10 40 10 40 40 40 40 40 40 40 40 40 40 40 40 30 30 10 10 30 30 30 30 30 30 40 40 40 30 30 40 40 40 40 40 40 40 40 40 40 40 40 40 40 40 40 40 40 40 40 40 40 40 40 40 40 40 40 40 40 40 40 40 40 40 40 40 40 40 40 40 40 40 40 40 40 40 30 30 30 30 30 30 50 30 30 30 50 30 30 30 30 30 30 30 30 30 30 30 30 30 30 30 30 30 30 30 30 30 30 90 90 30 30 30 30 30 30 30 30 30 30 30 30 30 30 30 30 30 30 30 30 30 30 40 40 40 40 40 40 40 40 40 40 40 40 40 40 30 40 40 30 40 40 30 40 30 30 30 30 30 30 30 30 30 30 30 30 30 30 30 30 60 60 80 80 80 80 80 80 80 80 80 80 80 80 80 80 80 80 80 80 80 80 80 80 80 80 80 80 80 80 80 80 80 80 80 80 80 60 30 30 30 30 30 30 30 30 40 40 40 40 40 40 40 40 40 40 40 40 40 40 40 40 40 40 40 40 40 40 40 40 40 40 40 30 30 30 30 30 30 80 80 80 80 80 80 80 80 80 80 80 80 80 80 80 80 80 80 80 80 80 80 80 80 80 80 80 80 80 80 80 80 80 80 80 80 80 80 80 80 80 80 80 80 80 80 80 80 80 80 80 80 80 80 80 80 80 80 80 80 80 80 80 80 80 80 80
50 30 30 30 30 30 30 30 30 30 30 30 40 40 40 40 40 40 40 40 40 40 40 40 30 50 30 40 40 40 40 40 40 40 40 40 10 10 10 10 30 40 40 40 40 40 40 40 30 40 40 40 40 40 40 40 40 40 40 40 40 40 40 40 40 40 40 40 40 30 30 40 40 40 40 40 30 10 10 10 10 40 40 40 10 40 40 40 40 40 40 40 40 40 40 40 40 40 30 30 10 10 30 30 30 30 30 30 40 40 30 30 40 40 40 40 40 40 40 40 40 40 40 40 40 40 40 40 40 40 40 40 40 40 40 40 40 40 40 40 40 40 40 40 40 40 40 40 40 40 40 40 40 40 40 40 40 40 40 30 30 30 30 40 30 30 30 30 30 30 30 30 30 30 30 30 30 30 30 30 30 30 30 30 30 30 30 30 30 30 90 90 90 90 90 30 30 30 30 30 30 30 30 30 30 30 30 30 30 30 30 30 30 30 30 30 40 40 40 40 40 40 30 40 40 40 40 40 40 40 40 40 30 40 40 40 30 40 30 30 30 30 30 30 30 30 30 30 30 30 30 30 30 30 30 60 60 80 80 80 80 80 80 80 80 80 80 80 80 80 80 80 80 80 80 80 80 80 80 80 80 80 80 80 80 80 80 80 80 80 80 80 30 30 30 30 30 30 30 30 30 40 40 40 40 40 40 40 40 40 40 40 40 40 40 40 40 40 40 40 40 40 40 40 40 40 40 30 30 30 30 30 30 30 80 90 80 80 80 80 80 80 80 80 80 80 80 80 80 80 80 80 80 80 80 80 80 80 80 80 80 80 80 80 80 80 80 80 80 80 80 80 80 80 80 80 80 80 80 80 80 80 80 80 80 80 80 80 80 80 80 80 80 80 80 80 80 80 80 80
50 30 30 30 30 30 30 30 30 30 30 30 30 40 40 40 40 40 40 40 40 40 40 40 40 30 30 40 40 40 40 40 40 40 40 40 40 10 30 10 30 40 40 40 40 40 40 40 40 40 40 40 40 40 40 40 40 40 40 40 40 40 40 40 40 40 40 40 40 40 40 40 40 40 40 30 10 10 10 10 40 40 40 40 40 40 40 40 40 40 40 40 40 40 40 40 40 40 30 30 30 10 10 30 30 30 30 30 30 40 30 40 40 40 40 40 40 40 40 40 40 40 40 40 40 40 40 40 40 40 40 40 40 40 40 40 40 40 40 40 40 40 40 40 40 40 40 40 40 40 40 40 40 40 40 40 40 40 30 30 30 30 30 30 30 30 30 30 30 30 30 30 30 30 30 30 30 30 30 30 30 30 30 30 30 30 30 30 30 30 30 30 30 30 30 30 30 30 30 30 30 30 30 30 30 30 30 30 30 30 30 30 30 30 30 40 40 40 40 40 40 40 40 40 40 40 40 40 40 40 40 40 40 40 40 30 40 30 40 30 30 30 30 30 30 30 30 30 30 30 30 30 30 30 30 30 30 60 80 80 80 80 80 80 80 80 80 80 80 80 80 80 80 80 80 80 80 80 80 80 80 80 80 80 80 80 80 80 80 80 80 80 80 30 30 30 30 30 30 30 30 30 30 40 40 40 40 40 40 40 40 40 40 40 40 40 40 40 40 40 40 40 40 40 40 40 30 30 30 30 30 30 30 30 30 80 80 80 80 80 80 80 80 80 80 80 80 80 80 80 80 80 80 80 80 80 90 80 80 80 80 80 80 80 80 80 80 80 80 80 80 80 80 80 80 80 80 80 80 80 80 80 80 80 80 80 80 80 80 80 80 80 80 80 80 80 80 80 80 80
30 30 30 30 30 30 30 30 30 30 30 30 30 40 40 40 40 40 40 40 40 40 40 40 40 30 50 30 40 40 40 40 40 40 40 30 30 10 30 10 30 40 40 40 40 40 40 40 40 40 40 40 40 40 40 40 40 40 40 40 40 40 40 40 40 40 40 40 40 40 40 30 30 40 30 10 10 10 10 40 40 40 40 40 30 40 40 40 40 40 40 40 40 40 40 40 40 40 40 30 30 30 10 30 30 30 30 30 30 30 40 40 40 40 40 40 40 40 40 40 40 40 40 40 40 40 40 40 40 40 40 40 40 40 40 40 40 40 40 40 40 40 40 40 40 40 40 40 40 40 40 40 40 30 40 40 40 40 30 30 30 30 30 30 30 30 30 30 30 30 30 30 30 30 30 30 30 30 30 30 30 30 30 30 40 30 30 30 30 30 30 30 30 30 30 30 30 30 30 30 30 30 30 30 30 30 30 30 30 30 30 30 30 30 40 40 40 40 40 40 40 40 40 40 40 40 40 40 40 40 40 40 40 30 30 40 30 40 40 40 30 30 30 30 30 30 30 30 30 30 30 30 30 30 30 30 30 30 80 80 80 80 80 80 80 80 80 80 80 80 80 80 80 80 80 80 80 80 80 80 80 80 80 80 80 80 80 80 80 80 80 80 80 30 30 30 30 30 30 30 30 30 30 30 40 40 40 40 40 40 40 40 40 40 40 40 40 40 40 40 40 40 40 40 40 40 30 30 30 30 30 30 30 30 30 30 80 80 80 80 80 80 80 80 80 80 80 80 80 80 80 80 80 80 80 80 80 80 80 80 80 80 80 80 80 80 80 80 80 80 80 80 80 80 80 80 80 80 80 80 80 80 80 80 80 80 80 80 80 80 80 80 80 80 80 80 80 80 80 80
30 50 30 30 30 30 30 30 30 30 40 30 30 40 40 40 40 40 40 40 40 40 40 40 40 40 30 30 30 30 30 30 30 30 30 30 30 10 30 10 10 40 40 40 40 40 40 40 40 40 40 40 40 40 40 40 40 40 40 40 40 40 40 40 40 40 40 40 40 40 40 30 30 30 10 10 10 10 40 40 40 40 40 40 30 40 40 40 40 40 40 40 40 40 40 40 40 40 40 40 30 30 30 10 30 30 30 30 30 30 30 40 40 40 40 40 40 40 40 40 40 40 40 40 40 40 40 40 40 40 40 40 40 40 40 40 40 40 40 40 40 40 40 40 40 40 40 40 40 40 40 30 30 30 30 30 30 40 40 30 30 30 30 30 30 30 30 30 30 30 30 30 30 30 30 30 30 50 30 30 30 30 30 30 50 30 30 30 30 30 30 30 30 30 30 30 30 30 30 30 30 30 30 30 30 30 30 30 30 30 30 30 40 40 40 40 40 40 40 40 40 40 40 40 40 40 40 40 40 40 40 40 40 40 40 40 40 40 30 30 40 40 30 30 30 30 30 30 30 30 30 30 30 30 30 30 30 30 30 30 80 80 80 80 80 80 80 80 80 80 80 80 80 80 80 80 80 80 80 80 80 80 80 80 80 80 80 80 80 80 80 80 80 60 30 30 30 30 30 30 30 30 30 30 30 30 40 40 40 40 40 40 40 40 40 40 40 40 40 40 40 40 40 40 40 30 30 30 30 30 30 30 30 30 30 30 30 60 80 80 80 80 80 80 80 80 80 80 80 80 80 80 80 80 80 80 80 80 80 80 80 80 80 80 80 80 80 80 80 80 80 80 80 80 80 80 80 80 80 80 80 80 80 80 80 80 80 80 80 80 80 80 80 80 80 80 80 80 80 80
30 30 30 30 30 30 30 30 30 40 40 30 30 40 40 40 40 40 40 40 40 40 40 40 40 40 30 50 30 30 30 30 30 30 30 30 30 10 30 10 10 40 40 40 40 40 40 40 40 40 40 40 40 40 40 40 40 40 40 40 40 40 40 40 40 40 40 40 40 40 40 40 30 30 10 10 10 40 40 40 40 40 40 40 30 40 40 40 40 40 40 40 40 40 40 40 40 40 40 40 40 30 30 30 30 30 30 30 30 30 30 40 40 40 40 40 40 40 40 40 40 40 40 40 40 40 40 40 40 40 40 40 40 40 40 40 40 40 40 40 40 40 40 40 40 40 40 40 40 40 40 30 30 30 30 30 30 30 10 30 30 30 30 30 30 30 30 30 30 30 30 30 30 30 50 10 50 50 50 50 30 30 50 50 50 60 30 60 30 30 30 30 30 30 30 30 30 30 30 30 30 30 30 30 30 30 40 40 40 30 30 40 40 40 40 40 40 40 40 40 40 40 40 40 40 40 40 40 40 40 40 40 40 40 40 40 40 30 40 40 40 40 40 30 30 30 30 30 30 30 30 30 30 30 30 30 30 30 30 30 30 80 80 80 80 80 80 80 80 80 80 80 80 80 80 80 80 80 80 80 80 80 80 80 80 80 80 80 80 80 80 80 80 80 30 30 30 30 30 30 30 30 30 30 30 30 30 40 40 40 40 40 40 40 40 40 40 40 40 40 40 40 40 40 30 30 30 30 30 30 30 30 30 30 30 30 30 30 90 80 80 80 80 80 80 80 80 80 80 80 80 80 80 80 80 80 80 80 80 80 80 80 80 80 80 80 80 80 80 80 80 80 80 80 80 80 80 80 80 80 80 80 80 80 80 80 80 80 80 80 80 80 80 80 80 80 80 80 80 80
30 30 30 30 30 30 30 30 30 40 40 40 30 30 40 40 40 40 40 40 40 40 40 40 40 40 40 30 30 30 30 30 30 40 30 40 30 30 10 10 10 40 40 40 40 40 40 40 40 40 40 40 40 40 40 40 40 40 40 40 40 40 40 40 40 40 40 40 40 40 40 40 40 10 10 10 40 40 40 40 40 40 40 40 30 40 40 40 40 40 40 40 40 40 40 40 40 40 40 40 40 40 30 30 30 30 30 30 30 30 30 30 40 40 40 40 40 40 40 40 40 40 40 40 40 40 40 40 40 40 40 40 40 40 40 40 40 40 40 40 40 40 40 40 40 40 40 40 40 40 40 30 30 30 50 10 30 50 50 50 30 30 30 30 30 30 30 50 50 30 30 30 50 30 30 10 30 50 50 50 10 30 30 50 50 60 30 60 30 30 30 30 30 30 30 30 30 30 30 30 30 40 40 40 40 40 40 40 40 40 40 40 40 40 40 40 40 40 40 40 40 40 40 40 40 40 40 40 40 40 40 40 40 40 40 40 40 40 40 40 40 40 40 40 30 30 30 30 30 30 30 30 30 30 30 30 30 30 30 30 30 80 80 80 80 80 80 80 80 80 80 80 80 80 80 80 80 80 80 80 80 80 80 80 80 80 80 80 80 80 80 80 80 80 30 30 30 30 30 30 30 30 30 30 30 30 30 30 30 40 40 40 40 40 40 40 40 40 40 40 40 40 40 30 30 30 30 30 30 30 30 30 30 30 30 30 30 30 30 80 80 80 80 80 80 80 80 80 80 80 80 80 80 80 80 80 80 80 80 80 80 80 80 80 80 80 80 80 80 80 80 80 80 80 80 80 80 80 80 80 80 80 80 80 80 80 80 80 80 80 80 80 80 80 80 80 80 80 80 80
30 30 30 30 30 30 30 30 30 40 40 30 30 40 40 40 40 40 40 40 40 40 40 40 40 40 40 30 30 30 30 30 30 30 30 30 30 30 10 10 10 40 40 40 40 40 40 40 40 40 40 40 40 40 40 40 40 40 40 40 40 40 40 40 40 40 40 40 40 40 40 40 10 10 10 10 40 40 40 40 40 40 40 40 40 40 40 40 40 40 40 40 40 40 40 40 40 40 40 40 40 40 30 30 30 10 30 30 30 30 30 30 30 40 40 40 40 40 40 40 40 40 40 40 40 40 40 40 40 40 40 40 40 40 40 40 40 40 40 40 40 40 40 40 40 40 40 40 40 40 40 30 30 10 10 10 30 30 50 50 50 50 30 10 30 30 30 50 50 10 30 50 10 50 30 30 30 40 30 50 50 50 30 50 50 60 30 60 30 30 30 40 30 40 40 30 30 40 40 40 40 40 40 40 40 40 40 40 40 40 40 40 40 40 40 40 40 40 40 40 40 40 40 40 40 40 40 40 40 40 40 40 40 40 40 40 40 40 40 40 40 40 40 30 30 30 30 30 30 30 30 30 30 30 30 30 30 30 30 30 30 30 80 80 80 80 80 80 80 80 80 80 80 80 80 80 80 80 80 80 80 80 80 80 80 80 80 80 80 80 80 80 80 80 80 30 30 30 30 30 30 30 30 30 30 30 30 30 30 30 40 40 40 40 40 40 40 40 40 40 40 40 40 30 30 30 30 30 30 90 90 90 90 30 30 30 30 30 30 30 80 90 80 80 80 80 80 80 80 80 80 80 80 80 80 80 80 80 80 80 80 80 80 80 80 80 80 80 80 80 80 80 80 80 80 80 80 80 80 80 80 80 80 80 80 80 80 80 80 80 80 80 80 80 80 80 80 80 80 80
30 30 30 30 30 30 30 30 40 40 40 40 40 40 40 40 40 40 40 40 40 40 40 40 40 40 40 40 30 30 30 30 30 30 30 30 30 30 10 10 10 30 40 40 40 40 40 40 40 40 40 40 40 40 40 40 40 40 40 40 40 40 40 40 40 40 40 40 40 40 40 40 10 10 10 40 40 40 40 40 40 40 40 40 40 40 40 40 40 40 40 40 40 40 40 40 40 40 40 40 40 40 40 30 30 30 10 30 30 30 30 30 30 30 40 40 40 40 40 40 40 40 40 40 40 40 40 40 40 40 40 40 40 40 40 40 40 40 40 40 40 40 40 40 40 40 40 30 40 30 40 30 30 30 30 30 30 30 30 30 10 30 10 10 30 30 30 10 50 30 10 30 50 50 30 30 30 30 30 50 50 50 30 50 60 50 30 30 40 40 40 40 30 40 40 40 40 40 40 40 40 40 40 40 40 40 40 40 40 40 40 40 40 40 40 40 40 40 40 40 40 40 40 40 40 40 40 40 40 40 40 40 40 40 40 40 40 40 40 40 40 40 40 30 30 30 30 30 30 30 30 30 30 30 30 30 30 30 30 30 30 30 60 80 80 80 80 80 80 80 80 80 80 80 80 80 80 80 80 80 80 80 80 80 80 80 80 80 80 80 80 80 80 80 80 30 30 30 30 30 30 30 30 30 30 30 30 30 30 30 30 40 40 40 40 40 40 40 40 40 40 40 30 30 30 30 30 30 30 90 90 90 30 30 90 30 30 30 30 30 30 30 80 80 80 80 80 80 80 80 80 80 80 80 80 80 80 80 80 80 80 80 80 80 80 80 80 80 80 80 80 80 80 80 80 80 80 80 80 80 80 80 80 80 80 80 80 80 80 80 80 80 80 80 80 80 80 80 80 80
30 30 30 30 30 30 30 30 40 40 40 40 40 40 40 40 40 40 40 40 40 40 40 40 40 40 40 40 30 50 30 40 40 40 40 40 40 40 10 30 10 10 40 40 40 40 40 40 30 40 40 40 40 40 40 40 40 40 40 40 40 40 40 40 40 40 40 40 40 40 40 10 10 10 40 40 40 40 40 40 40 40 40 40 40 40 40 40 40 40 40 40 40 40 40 40 40 40 40 40 40 40 40 40 30 30 30 10 30 30 30 30 30 30 30 30 40 40 40 40 40 40 40 40 40 40 40 40 40 40 40 40 40 40 40 40 40 40 40 40 40 40 40 40 40 40 40 30 30 30 30 30 30 50 10 50 50 10 10 50 10 30 30 30 30 30 10 50 30 30 30 30 30 30 30 30 50 50 10 30 50 50 30 30 30 30 30 40 40 40 40 40 30 40 40 40 40 40 40 40 40 40 40 40 40 40 40 40 40 40 40 40 40 40 40 40 40 40 40 40 40 40 40 40 40 40 40 40 40 40 40 40 40 40 40 40 40 40 40 40 40 40 30 30 30 30 30 30 30 30 30 30 30 30 30 30 30 30 30 30 30 30 30 80 80 80 80 80 80 80 80 80 80 80 80 80 80 80 80 80 80 80 80 80 80 80 80 80 80 80 80 80 80 80 80 30 30 30 30 30 30 30 30 30 30 30 30 30 30 30 30 30 30 40 40 40 40 40 40 40 40 30 30 30 30 30 30 30 90 90 90 90 90 90 90 30 90 30 30 30 30 50 30 60 80 80 80 80 80 80 80 80 80 80 80 80 80 80 80 80 80 80 80 80 80 80 80 80 80 80 80 80 80 80 80 80 80 80 80 80 80 80 80 80 80 80 80 80 80 80 80 80 80 80 80 80 80 80 80 80
30 30 30 30 10 30 30 30 40 40 40 40 40 40 40 40 40 40 40 40 40 40 40 40 40 40 40 40 40 10 30 30 40 40 40 40 40 40 10 30 10 10 40 40 40 40 40 40 40 40 40 40 40 40 40 40 40 40 40 40 40 40 40 40 40 40 40 40 40 40 10 10 10 10 40 40 40 40 40 40 40 40 40 40 40 30 40 40 40 40 40 40 40 40 40 40 40 40 40 40 40 40 40 40 40 30 30 10 30 30 30 30 30 30 30 40 40 40 40 40 30 40 40 40 40 40 40 40 40 40 40 40 40 40 40 40 40 40 40 40 40 40 40 40 40 40 30 30 40 30 30 30 30 30 30 30 30 10 30 50 50 30 30 30 30 30 30 30 30 30 30 30 10 50 50 30 50 50 30 30 30 10 30 30 30 30 30 40 40 40 40 40 30 40 40 40 40 40 40 40 40 40 40 40 40 40 40 40 40 40 40 40 40 40 40 40 40 40 40 40 40 40 40 40 40 40 40 40 40 40 40 40 40 40 30 40 40 40 40 40 30 30 30 30 30 30 40 30 30 30 30 30 30 30 30 30 30 30 30 30 30 30 30 30 80 80 80 80 80 80 80 80 80 80 80 80 80 80 80 80 80 80 80 80 80 80 80 80 80 80 80 80 80 80 80 30 30 30 30 30 30 30 30 30 30 30 30 30 30 30 30 30 30 30 40 40 40 40 40 40 40 30 30 30 30 30 30 30 30 90 90 90 90 90 90 30 30 30 30 30 30 30 30 60 80 80 80 80 80 80 80 80 80 80 80 80 80 80 80 80 80 80 80 80 80 80 80 80 80 80 80 80 80 80 80 80 80 80 80 80 80 80 90 80 80 80 80 80 80 80 80 80 80 80 80 80 80 80 80 80
30 30 30 30 30 30 30 30 40 40 40 40 40 40 40 40 40 40 40 40 40 40 40 40 40 40 40 40 40 10 50 30 40 40 40 40 30 30 30 30 10 10 40 40 40 40 40 40 40 40 40 40 40 40 40 40 40 40 40 40 40 40 40 40 40 40 40 40 40 40 10 10 10 40 40 40 40 40 40 40 40 40 40 40 30 30 40 40 40 40 40 40 40 40 40 40 40 40 40 40 40 40 40 40 40 40 30 30 10 30 30 30 30 30 30 30 40 40 40 40 40 40 40 40 40 40 40 40 40 40 40 40 40 40 40 40 40 40 40 40 40 40 40 40 40 40 30 30 30 50 50 50 50 50 50 50 50 30 30 10 10 30 30 30 30 30 30 30 30 50 10 50 50 50 50 10 30 30 30 30 50 50 30 30 30 30 40 40 40 40 40 40 40 40 40 40 30 40 40 40 40 40 40 40 40 40 40 40 40 40 40 40 40 40 40 40 40 40 40 40 40 40 40 40 40 40 40 40 40 40 40 40 40 40 40 40 40 40 40 30 30 30 30 30 40 40 40 30 30 30 30 30 30 30 30 30 30 30 30 30 30 30 30 30 80 80 80 80 80 80 80 80 80 80 80 80 80 80 80 80 80 80 80 80 80 80 80 80 80 80 80 80 80 80 80 80 30 30 30 30 30 30 30 30 30 30 30 30 30 30 30 40 30 30 30 30 40 40 40 40 30 30 30 30 30 30 30 90 90 90 90 90 90 90 90 90 90 90 30 30 30 30 30 30 60 80 80 80 80 80 80 80 80 80 80 80 80 80 80 80 80 80 80 80 80 80 80 80 80 80 80 80 80 80 80 80 80 80 80 80 80 80 80 80 80 80 80 80 80 80 80 80 80 80 80 80 80 80 80 80
40 40 40 40 30 40 40 40 40 40 40 40 40 40 40 40 40 40 40 40 40 40 40 40 40 40 40 40 40 40 30 50 30 30 30 30 30 40 30 30 10 10 40 40 40 40 40 40 40 30 30 40 40 40 40 40 40 40 40 40 40 40 40 40 40 40 40 40 40 10 10 10 40 40 40 40 40 40 40 40 40 40 40 40 40 30 40 40 40 40 40 40 40 40 40 40 40 40 40 40 40 40 40 40 40 40 30 30 30 10 30 30 30 30 30 30 30 40 40 40 40 40 40 40 40 40 40 40 40 40 40 40 40 40 40 40 40 40 40 40 40 40 40 40 40 30 30 30 40 40 50 50 30 30 30 30 30 30 30 50 30 30 30 30 30 10 50 10 30 30 30 10 50 10 10 30 10 10 50 30 50 50 40 40 40 40 40 40 40 40 40 40 40 40 40 40 40 40 40 40 40 40 40 40 40 40 40 40 40 40 40 40 40 40 40 40 40 40 40 40 40 40 40 40 40 40 40 40 40 40 40 30 40 40 40 40 40 40 30 30 30 30 30 40 40 40 30 30 30 30 30 30 30 30 30 30 30 30 30 30 30 30 30 30 60 80 80 80 80 80 80 80 80 80 80 80 80 80 80 80 80 80 80 80 80 80 80 80 80 80 80 80 80 80 80 80 30 30 30 30 30 30 30 30 30 30 30 30 30 30 30 30 30 40 30 30 30 30 40 30 30 30 30 30 30 30 30 30 90 90 90 90 90 90 90 90 90 90 90 90 30 30 30 30 30 60 80 80 80 80 80 80 80 80 80 80 80 80 80 80 80 80 80 80 80 80 80 80 80 80 80 80 80 80 80 80 80 80 80 80 80 80 80 80 80 80 80 80 80 80 80 80 80 80 80 80 80 80 80 80
40 40 40 40 40 40 40 40 40 40 40 40 40 40 40 40 40 40 40 40 40 40 40 40 40 40 40 40 40 40 30 30 30 30 30 40 30 40 30 10 10 10 10 40 40 40 40 40 40 40 40 40 40 40 40 40 40 40 40 40 40 40 40 40 40 40 40 40 10 10 10 10 40 40 40 40 40 40 40 40 40 40 40 40 40 40 40 40 40 40 40 40 40 40 40 40 40 40 40 40 40 40 40 40 40 40 40 30 30 30 10 30 30 30 30 30 30 30 40 40 40 40 40 40 40 40 40 40 40 40 40 40 40 40 40 40 40 40 40 40 40 40 40 40 40 30 30 30 30 30 30 50 30 30 10 10 50 50 30 30 10 30 10 30 50 50 50 50 10 30 30 30 30 30 50 30 30 30 30 30 40 40 40 40 40 40 40 40 40 40 40 40 40 30 40 40 40 40 40 40 40 40 40 40 40 40 40 40 40 40 40 40 40 40 40 40 40 40 40 40 40 40 40 40 40 40 40 40 40 40 40 40 40 40 40 40 40 30 30 30 30 30 40 40 40 30 30 30 40 30 30 30 30 30 30 30 30 30 30 30 30 30 30 30 30 80 80 80 80 80 80 80 80 80 80 80 80 80 80 80 80 80 80 80 80 80 80 80 80 80 80 80 80 80 80 80 30 30 30 30 30 30 30 30 30 30 30 30 30 30 30 30 30 30 40 30 30 30 30 30 30 30 30 30 30 30 30 90 90 90 90 90 90 90 90 90 90 90 90 90 30 30 30 30 30 30 80 80 80 80 80 80 80 80 80 80 80 80 80 80 80 80 80 80 80 80 80 80 80 80 80 80 80 80 80 80 80 80 80 80 80 80 80 80 80 80 80 80 80 80 80 80 80 80 80 80 80 80 80 80
40 40 40 40 40 40 40 40 40 40 40 40 40 40 40 40 40 40 40 40 40 40 40 40 40 40 40 40 40 40 30 30 30 30 40 40 40 40 40 10 30 10 10 40 40 40 40 40 40 40 40 40 40 40 40 40 40 40 40 40 40 40 40 40 40 40 40 30 10 10 10 40 40 40 40 40 40 40 40 40 40 40 40 40 40 40 40 40 40 40 40 40 40 40 40 40 40 40 40 40 40 40 40 40 40 40 40 40 30 30 30 10 30 30 30 30 30 30 40 40 40 40 40 40 40 40 40 40 40 40 40 40 40 40 40 40 40 40 40 40 40 40 40 40 30 30 30 30 30 30 30 50 30 30 30 30 30 30 10 10 10 50 50 50 30 30 30 30 10 30 30 30 30 30 30 30 30 40 40 40 30 40 40 40 40 40 40 40 40 40 40 40 40 30 40 40 40 40 40 40 40 40 40 40 40 40 40 40 40 40 40 40 40 40 40 40 40 40 40 40 40 40 40 40 40 40 40 40 40 40 40 40 40 40 40 40 40 30 30 30 30 40 40 40 30 30 30 30 30 40 40 30 30 30 30 30 30 30 30 30 30 30 30 30 30 30 80 80 80 80 80 80 80 80 80 80 80 80 80 80 80 80 80 80 80 80 80 80 80 80 80 80 80 80 80 30 30 30 30 30 30 30 30 30 30 30 30 30 30 30 30 30 30 30 30 40 30 30 30 30 30 30 30 30 30 30 30 90 30 90 90 90 90 90 90 90 90 90 90 90 30 30 30 30 30 30 60 80 80 80 80 80 80 80 80 80 80 80 80 80 80 80 80 80 80 80 80 80 80 80 80 80 80 80 80 80 80 80 80 80 80 80 80 80 80 80 80 80 80 80 80 80 80 80 80 80 80 80 80 80
40 40 40 40 40 40 40 40 40 40 40 40 40 40 40 40 40 40 40 40 40 40 40 40 40 40 40 40 40 40 40 30 30 30 40 40 40 40 40 10 30 10 10 30 40 40 40 40 30 40 40 40 40 40 40 40 40 40 40 40 40 40 40 40 40 40 30 10 10 10 40 40 40 40 40 40 40 40 40 40 40 40 40 40 40 40 40 40 40 40 40 40 40 40 40 40 40 40 40 40 40 40 40 40 40 40 40 40 30 30 30 10 30 30 30 30 30 30 30 40 40 40 40 40 40 40 40 40 40 40 40 40 40 40 40 40 40 40 40 40 40 40 40 40 40 30 30 30 30 30 30 50 50 10 50 10 50 50 50 50 50 30 30 30 10 50 10 50 50 50 30 30 30 40 40 40 40 40 40 40 40 40 40 40 40 40 40 40 40 40 40 40 40 30 40 40 40 40 40 40 40 40 40 40 40 40 40 40 40 40 40 40 40 40 40 40 40 40 40 40 40 40 40 40 40 40 40 40 40 40 40 40 40 40 40 30 30 30 30 30 40 40 40 30 30 30 30 30 40 40 40 30 30 30 30 30 30 30 30 30 30 30 30 30 30 30 80 80 80 80 80 80 80 80 80 80 80 80 80 80 80 80 80 80 80 80 80 80 80 80 80 80 80 80 80 30 30 30 30 30 30 30 30 30 30 30 30 30 30 30 30 40 40 30 30 40 30 30 30 30 30 30 30 30 30 30 30 30 90 90 90 90 90 90 90 90 90 90 90 30 30 90 90 30 30 50 60 80 80 80 80 80 80 80 80 80 80 80 80 80 80 80 80 80 80 80 80 80 80 80 80 80 80 80 80 80 80 80 80 80 80 80 80 80 80 80 80 80 80 80 80 80 80 80 80 80 80 80 80 80
40 40 40 40 40 40 40 40 40 40 40 40 40 40 40 40 40 40 40 40 40 40 40 40 40 40 40 40 40 40 40 30 30 50 30 40 40 40 40 10 30 10 10 30 40 40 40 40 40 40 40 40 40 40 40 40 40 40 40 40 40 40 40 40 40 30 10 10 10 10 40 40 40 40 40 40 40 40 40 40 40 40 40 40 40 40 40 40 40 40 40 40 40 40 40 40 40 40 40 40 40 40 40 40 40 40 40 40 40 40 30 10 10 30 30 30 30 30 30 30 40 40 40 40 40 40 40 40 40 40 40 40 40 40 40 40 40 40 40 40 40 40 40 40 40 40 40 30 30 30 40 50 50 50 50 50 10 30 30 10 30 30 10 50 50 50 30 30 40 40 30 40 30 40 40 40 40 40 40 40 40 40 40 40 40 40 40 40 40 40 40 40 40 30 40 40 40 40 40 40 40 40 40 40 40 40 40 40 40 40 40 40 40 40 40 40 40 40 40 40 40 40 40 40 40 40 40 40 40 40 40 40 40 40 40 30 30 30 40 40 40 40 30 30 30 30 30 40 40 30 30 30 30 30 30 30 30 30 30 30 30 30 30 30 30 30 80 80 80 80 80 80 80 80 80 80 80 80 80 80 80 80 80 80 80 80 80 80 80 80 80 80 80 80 80 30 30 30 30 30 30 30 30 30 30 30 30 30 30 30 30 30 30 30 30 40 30 30 30 30 30 30 90 90 90 90 90 90 90 90 90 90 90 90 90 90 90 90 90 30 30 90 90 90 90 30 30 80 80 80 80 80 80 80 80 80 80 80 80 80 80 80 80 80 80 80 80 80 80 80 80 80 80 80 80 80 80 80 80 80 80 80 80 80 80 80 80 80 80 80 80 80 80 80 80 80 80 80 80 80
40 40 40 40 40 40 40 40 40 40 40 40 40 40 40 40 40 40 40 40 40 40 40 40 40 40 40 40 40 40 40 40 30 30 30 30 30 30 40 10 30 10 10 30 40 40 40 40 40 40 40 40 40 40 40 30 30 40 40 40 40 40 40 40 40 30 10 10 10 40 40 40 40 40 40 40 40 40 40 40 40 40 40 40 40 40 40 40 40 40 40 40 40 40 40 40 40 40 40 40 40 40 40 40 40 40 40 40 40 40 30 10 10 10 30 30 30 30 30 30 30 40 40 40 40 40 40 40 40 40 40 40 40 40 40 40 40 40 40 40 40 40 40 40 40 40 40 40 40 40 40 50 50 30 30 30 10 10 30 10 30 50 50 30 40 30 30 40 40 40 30 30 40 40 40 40 40 40 40 40 40 40 40 40 40 40 40 40 40 40 40 40 40 30 40 40 40 40 40 40 40 40 40 40 40 40 40 40 40 40 40 40 40 40 40 40 40 40 40 30 40 40 40 40 40 40 40 40 40 40 40 40 40 40 40 30 30 30 40 40 40 30 30 30 30 30 40 40 30 30 30 30 30 30 30 30 30 30 30 30 30 30 30 30 30 30 30 80 80 80 80 80 80 80 80 80 80 80 80 80 80 80 80 80 80 80 80 80 80 80 80 80 80 80 80 30 30 30 30 30 30 30 30 30 30 30 30 40 30 30 30 30 30 30 30 40 40 40 30 30 30 90 90 90 90 90 90 90 30 90 90 90 90 90 90 90 90 30 30 30 30 30 90 90 90 90 50 60 80 80 80 80 80 80 80 80 80 80 80 80 80 80 80 80 80 80 80 80 80 80 80 80 80 80 80 80 80 80 80 80 80 80 80 80 80 80 80 80 80 80 80 80 80 80 80 80 80 80 80 80
40 40 40 40 40 40 40 40 40 40 40 40 40 40 40 40 40 40 40 40 40 40 40 40 40 40 40 40 40 40 40 40 30 30 50 30 30 40 40 30 10 10 10 30 40 40 40 40 40 40 40 40 40 40 40 40 40 40 40 40 40 40 40 40 10 10 10 10 40 40 40 40 40 40 40 40 40 40 40 40 40 40 40 40 40 40 40 40 40 40 40 40 40 40 40 40 40 40 40 40 40 40 40 40 40 40 40 40 40 40 40 30 30 30 10 30 30 30 30 30 30 40 40 40 40 40 40 40 40 40 40 40 40 40 40 30 40 40 40 40 40 40 40 40 40 40 40 40 40 40 40 30 50 10 10 50 50 30 30 40 30 40 40 40 40 40 40 40 40 40 30 40 40 40 40 40 40 40 40 40 40 40 40 40 40 40 40 40 40 40 40 40 40 30 40 40 40 30 40 40 40 40 40 40 40 40 40 40 40 40 40 40 40 40 40 40 40 40 40 40 40 40 40 40 40 40 40 40 40 40 40 40 40 40 40 30 40 40 40 40 30 30 30 30 40 40 40 40 30 30 30 30 40 40 30 30 30 30 30 30 30 30 30 30 30 30 30 30 80 80 80 80 80 80 80 80 80 80 80 80 80 80 80 80 80 80 80 80 80 80 80 80 80 80 30 30 30 30 30 30 30 30 30 30 30 30 40 40 30 30 30 30 30 30 30 40 40 40 40 40 90 90 30 90 90 90 90 30 30 90 90 90 30 30 30 40 40 40 30 30 30 30 30 30 30 90 30 30 90 80 80 80 80 80 80 80 80 80 80 80 80 80 80 80 80 80 80 80 80 80 80 80 80 80 80 80 80 80 80 80 80 80 80 80 80 80 80 80 80 80 80 80 80 80 80 80 80 80 80 80
40 40 40 40 40 40 40 40 40 40 40 40 40 40 40 40 40 40 40 40 40 40 40 40 40 40 40 40 40 40 40 40 40 30 30 30 30 30 30 30 10 50 10 10 40 40 40 30 30 40 40 40 40 40 40 40 40 40 40 40 40 40 40 40 10 10 10 10 40 40 40 40 40 40 40 40 40 40 40 40 40 40 40 40 40 40 40 40 40 40 40 40 40 40 40 40 40 40 40 40 40 40 40 40 40 40 40 40 40 40 40 40 30 30 10 10 30 30 30 30 30 30 40 40 40 40 40 40 40 40 40 40 40 40 40 30 40 40 40 40 40 40 40 40 40 40 40 40 40 40 40 30 30 30 50 40 40 30 30 40 40 40 40 40 40 40 40 40 40 40 30 30 40 30 40 40 40 40 40 40 40 40 40 40 40 40 40 40 40 40 40 40 40 30 40 40 40 40 40 40 40 40 40 40 40 40 40 40 40 40 40 40 40 40 40 40 40 40 40 40 40 40 40 40 40 40 40 40 40 40 40 40 40 40 40 40 40 40 40 30 30 30 30 30 40 40 40 30 30 30 30 40 40 40 40 30 30 30 30 30 30 30 30 30 30 30 30 30 80 80 80 80 80 80 80 80 80 80 80 80 80 80 80 80 80 80 80 80 80 80 80 80 80 80 30 30 30 30 30 30 30 30 30 30 30 30 30 30 40 40 30 30 30 30 40 30 30 40 40 90 90 90 90 90 30 90 30 30 90 90 90 30 30 40 40 40 40 40 40 40 30 30 30 30 30 30 30 30 60 80 80 80 80 80 80 80 80 80 80 80 80 80 80 80 80 80 80 80 80 80 80 80 80 80 80 80 80 80 80 80 80 80 80 80 80 80 80 80 80 80 80 80 80 80 80 80 80 80 80 80
40 40 40 40 40 40 40 40 40 40 40 40 40 40 40 40 40 40 40 40 40 40 40 40 40 40 40 40 40 40 40 40 40 40 30 50 10 40 40 30 10 10 10 10 40 40 40 40 30 30 30 30 40 40 40 40 40 40 40 40 30 40 10 10 10 10 10 40 40 40 40 40 40 40 40 40 40 40 40 40 40 40 40 40 40 40 40 40 40 40 40 40 40 40 40 40 40 40 40 40 40 40 40 40 40 40 40 40 40 40 40 40 40 30 30 10 10 30 30 30 30 30 30 40 40 40 40 40 40 40 40 40 40 40 40 40 40 40 40 40 40 40 40 40 40 40 40 40 40 40 40 30 30 40 40 40 40 40 40 40 40 40 40 40 40 40 40 40 40 40 30 30 30 40 30 30 30 40 30 40 40 40 40 40 40 40 40 40 40 40 40 40 40 30 40 40 40 40 40 40 40 40 40 40 40 40 40 40 40 40 40 40 40 40 40 40 40 40 40 40 40 40 30 40 40 40 40 40 40 40 40 40 40 40 40 40 40 40 30 30 30 30 40 40 40 40 30 30 30 30 40 40 40 40 40 40 30 30 30 30 30 30 30 30 30 30 30 30 80 80 80 80 80 80 80 80 80 80 80 80 80 80 80 80 80 80 80 80 80 80 80 80 80 30 30 30 30 30 30 30 30 30 30 30 30 30 30 30 40 40 30 30 30 40 40 30 30 40 90 40 90 30 30 90 90 90 30 30 90 90 30 30 30 40 40 40 40 40 40 40 40 40 40 40 40 40 30 50 60 90 80 80 80 80 80 80 80 80 80 80 80 80 80 80 80 80 80 80 80 80 80 80 80 80 80 80 80 80 80 80 80 80 80 80 80 80 80 80 80 80 80 80 80 80 80 80 80 80 80 80
40 40 40 40 40 40 40 40 40 40 40 40 40 40 40 40 40 40 40 40 40 40 40 40 40 40 40 40 40 40 40 40 40 40 30 30 30 30 30 30 10 10 10 10 40 40 40 40 40 40 40 40 40 40 40 40 40 30 10 10 10 10 10 10 10 10 40 40 40 40 40 40 40 40 40 40 40 40 40 40 40 40 40 40 40 40 40 40 40 40 40 40 40 40 40 40 40 40 40 40 40 40 40 40 40 40 40 40 40 40 40 40 40 40 30 30 30 10 30 30 30 30 30 30 40 40 40 40 40 40 40 40 40 40 40 40 40 40 40 40 40 40 40 40 40 40 40 40 40 40 40 40 40 40 40 40 40 40 40 40 40 40 40 40 40 40 40 40 40 40 40 30 40 40 40 40 40 40 40 40 40 40 40 40 40 40 40 40 40 40 40 40 40 30 40 40 40 40 40 40 40 40 40 40 40 40 40 40 40 40 40 40 40 40 40 40 40 40 30 30 30 30 30 40 40 40 40 40 40 40 40 40 40 40 40 40 40 40 30 30 40 40 40 40 30 30 30 30 30 40 40 40 40 40 40 40 30 30 30 30 30 30 30 30 30 30 30 30 30 80 80 80 80 80 80 80 80 80 80 80 80 80 80 80 80 80 80 80 80 80 80 80 30 30 30 30 30 30 30 30 30 30 30 30 30 30 40 30 40 30 40 40 40 30 90 90 40 90 90 90 90 30 30 30 90 30 30 30 90 30 30 30 30 40 40 40 40 40 40 40 40 40 40 40 40 40 40 30 30 60 80 80 80 80 80 80 80 80 80 80 80 80 80 80 80 80 80 80 80 80 80 80 80 80 80 80 80 80 80 80 80 80 80 80 80 80 80 80 80 80 80 80 80 80 80 80 80 80 80 80
40 40 40 40 40 40 40 40 40 40 40 40 40 40 40 40 40 40 40 40 40 40 40 40 40 40 40 40 40 40 40 40 40 40 40 10 50 10 30 30 10 30 10 10 30 40 40 40 40 40 40 40 30 30 10 10 10 10 10 10 10 10 10 10 10 40 40 40 40 40 40 40 40 40 40 40 40 40 40 40 40 40 40 40 40 40 40 40 40 40 40 40 40 40 40 40 40 40 40 40 40 40 40 40 40 40 40 40 40 40 40 40 40 40 30 30 30 10 30 30 30 30 30 30 30 40 40 40 40 40 40 40 40 40 40 40 40 40 40 40 40 40 40 40 40 40 40 40 40 40 40 40 40 40 40 40 40 40 40 40 40 40 40 40 40 40 40 40 40 40 40 40 40 40 40 40 40 40 40 40 40 40 40 40 40 40 40 40 40 40 40 40 40 40 40 40 40 40 40 40 40 40 40 40 40 40 40 40 40 40 40 40 30 30 30 30 30 30 30 30 30 40 40 40 40 40 40 40 40 40 40 40 40 40 40 40 40 40 30 30 40 40 40 30 30 30 30 30 40 40 40 40 40 40 40 30 30 30 30 30 30 30 30 30 30 30 30 30 30 80 80 80 80 80 80 80 80 80 80 80 80 80 80 80 80 80 80 80 80 80 80 80 30 30 30 30 30 30 30 30 30 30 30 30 40 30 40 90 90 30 40 40 40 90 90 40 90 90 90 90 90 90 90 30 30 90 90 90 30 30 30 30 30 40 40 40 40 40 40 40 40 40 40 40 40 40 40 30 50 60 80 80 80 80 80 80 80 80 80 80 80 80 80 80 80 80 80 80 80 80 80 80 80 80 80 80 80 80 80 80 80 80 80 80 80 80 80 80 80 80 80 80 80 80 80 80 80 80 90 80
40 40 40 40 40 40 40 40 40 40 40 40 40 40 40 40 40 40 40 40 40 40 40 40 40 40 40 40 40 40 40 40 40 40 40 10 10 30 10 30 10 10 10 10 30 40 30 30 10 10 10 10 10 10 10 10 10 10 10 10 40 40 40 40 40 40 40 40 40 40 40 40 40 40 40 40 40 40 40 40 40 40 40 40 40 40 40 40 40 40 40 40 40 40 40 40 40 40 40 40 40 40 40 40 40 40 40 40 40 40 40 40 40 40 40 30 30 30 10 30 30 30 30 30 30 30 40 40 40 40 40 40 40 40 40 40 40 40 30 30 40 40 40 40 40 40 40 40 40 40 40 40 40 40 40 40 40 40 40 40 40 40 40 40 40 40 40 40 40 40 40 40 40 40 40 40 40 40 40 40 40 40 40 40 40 40 40 40 40 40 40 40 40 40 40 40 40 40 40 40 40 40 40 40 40 40 30 30 30 30 30 30 30 30 30 40 40 40 40 40 40 40 40 40 40 40 40 40 40 40 40 40 40 40 40 40 40 40 40 40 40 40 30 30 30 30 30 40 40 40 40 40 40 40 40 30 30 30 30 30 30 30 40 30 30 30 30 30 30 80 80 80 80 80 80 80 80 80 80 80 80 80 80 80 80 80 80 80 80 80 80 30 30 30 30 30 30 30 30 30 30 30 30 30 30 30 90 90 40 30 40 40 40 90 90 40 40 30 30 90 90 90 90 90 90 90 90 90 30 90 90 30 40 40 40 40 40 40 40 40 40 40 40 40 40 40 40 30 30 30 80 80 80 80 80 80 80 80 80 80 80 80 80 80 80 80 80 80 80 80 80 80 80 80 80 80 80 80 80 80 80 80 80 80 80 80 80 80 80 80 80 80 80 80 80 80 80 80 80 80
40 40 40 40 40 40 40 40 40 40 40 40 40 40 40 40 40 40 40 40 40 40 40 40 40 40 40 40 40 40 40 40 40 40 40 90 10 50 30 30 10 10 10 10 10 10 10 10 10 10 10 10 10 10 10 10 10 40 40 40 40 40 40 40 40 40 40 40 40 40 40 40 40 40 40 40 40 40 40 40 40 40 40 40 40 40 40 40 40 40 40 40 40 40 40 40 40 40 40 40 40 40 40 40 40 40 40 40 40 40 40 40 40 40 40 40 30 30 10 10 30 30 30 30 30 30 40 40 40 40 40 40 40 40 40 40 40 30 40 30 30 40 40 40 40 40 40 40 40 40 40 40 40 40 40 40 40 40 40 40 40 40 40 40 40 40 40 40 40 40 30 40 40 40 40 40 40 40 40 40 40 40 40 40 40 40 40 40 40 40 40 40 40 40 40 40 40 30 40 40 40 40 30 30 30 30 30 40 30 30 40 40 40 40 40 40 40 40 40 40 40 40 40 40 40 40 40 40 40 40 40 40 40 40 40 40 40 40 40 40 40 30 30 30 30 30 40 40 40 40 40 40 40 30 30 30 40 30 30 40 40 30 40 30 30 90 30 30 60 80 80 80 80 80 80 80 80 80 80 80 80 80 80 80 80 80 80 80 80 80 30 30 30 30 40 40 30 30 30 30 30 30 30 30 30 30 90 30 40 40 40 40 30 40 40 40 40 30 30 90 90 90 90 30 90 90 90 30 90 90 90 40 40 40 40 40 40 40 40 40 40 40 40 40 40 40 40 40 30 30 60 90 80 80 80 80 80 80 80 80 80 80 80 80 80 80 80 80 80 80 80 80 80 80 80 80 80 80 80 80 80 80 80 80 80 80 80 80 80 80 80 80 80 80 80 80 80 80 80 80
40 40 40 40 40 40 40 40 40 40 40 40 40 40 40 40 40 40 40 40 40 40 40 40 40 40 40 40 40 40 40 40 40 40 40 10 10 30 30 10 10 10 10 10 10 10 10 10 10 10 10 10 10 40 40 40 40 40 40 40 40 40 40 40 40 40 40 40 40 40 40 40 40 40 40 40 40 40 40 40 40 40 40 40 40 40 40 40 40 40 40 40 40 40 40 40 40 40 40 40 40 40 40 40 40 40 40 40 40 40 40 40 40 40 40 40 40 30 30 10 10 30 30 30 30 30 30 40 40 40 40 40 40 40 40 40 40 40 40 40 40 40 40 40 40 40 40 40 40 40 40 40 40 40 40 40 40 40 40 40 40 40 40 40 40 40 40 40 40 40 40 40 40 40 40 40 40 40 40 40 40 40 40 40 40 40 40 40 40 40 40 40 40 40 40 30 40 30 40 40 40 40 40 40 40 40 40 40 40 40 40 40 40 40 40 40 40 40 40 40 40 40 40 40 40 40 40 40 40 40 40 40 40 40 40 40 40 40 40 40 40 30 30 30 30 40 40 40 40 40 40 40 40 40 30 40 30 30 30 30 40 90 80 80 80 80 30 30 80 90 30 30 80 80 80 80 80 80 80 80 80 80 80 80 80 80 80 80 30 30 30 30 30 40 40 40 40 40 30 30 30 30 30 30 30 30 30 90 90 30 30 40 30 30 30 30 30 30 30 30 90 90 90 30 90 30 90 30 90 30 30 40 40 40 40 40 40 40 40 40 40 40 40 40 40 40 40 40 30 50 60 60 80 80 80 80 80 80 80 80 80 80 80 80 80 80 80 80 80 80 80 80 80 80 80 80 80 80 80 80 80 80 80 80 80 80 80 80 80 80 80 80 90 80 80 80 80 80 80 80
40 40 40 40 40 40 40 90 90 90 40 40 40 40 40 40 40 40 40 40 40 40 40 40 30 30 30 30 30 30 30 30 30 30 90 30 30 30 50 10 30 10 10 10 10 10 10 10 40 40 40 40 40 40 40 40 40 40 40 40 40 40 40 40 40 40 40 40 40 40 40 40 40 40 40 40 40 40 40 40 40 40 40 40 40 40 40 40 40 40 40 40 40 40 40 40 40 40 40 40 40 40 40 40 40 40 40 40 40 40 40 40 40 40 40 40 40 40 30 10 10 30 30 30 30 30 30 40 40 40 40 40 40 40 40 40 40 40 40 40 40 40 40 40 40 40 40 40 40 40 40 40 40 40 40 40 40 30 30 40 40 40 40 40 40 40 40 40 40 40 40 40 40 40 40 40 40 40 40 40 40 40 40 40 40 40 40 40 40 40 40 40 40 40 40 40 40 40 40 40 40 40 40 40 40 40 40 40 40 40 40 40 40 40 40 40 40 40 40 40 40 40 40 40 40 40 40 40 40 40 40 40 40 40 40 40 40 40 40 40 40 40 30 30 40 40 40 40 40 40 40 40 40 40 30 30 30 30 30 30 30 80 80 80 90 90 30 30 30 30 30 30 30 80 80 80 80 80 80 80 80 80 80 80 80 80 80 30 30 30 30 30 40 40 40 40 40 40 40 40 30 30 30 30 30 30 30 30 90 30 90 30 30 30 30 30 30 30 30 30 40 90 30 90 90 30 30 30 90 30 40 40 40 40 40 40 40 40 40 40 40 40 40 40 40 40 40 40 30 30 80 90 80 80 80 80 80 80 80 80 80 80 80 80 80 80 80 80 80 80 80 80 80 80 80 80 80 80 80 80 80 80 80 80 80 80 80 80 80 80 90 80 80 80 80 80 80 80 80 80
30 30 30 30 30 10 30 30 30 30 10 10 10 30 30 30 30 30 30 30 30 10 10 10 10 10 10 10 30 30 30 30 30 30 30 30 30 30 10 10 10 10 10 10 10 40 40 40 40 40 40 40 40 40 40 40 40 40 40 40 40 40 40 40 40 40 40 40 40 40 40 40 40 40 40 40 40 40 40 40 40 40 40 40 40 40 40 40 40 40 40 40 40 40 40 40 40 40 40 40 40 40 40 40 40 40 40 40 40 40 40 40 40 40 40 40 40 40 30 30 10 10 30 30 30 30 30 30 40 40 40 40 40 40 40 40 40 40 40 40 40 40 40 40 40 40 40 40 40 40 40 40 40 40 40 40 40 30 30 30 40 40 40 40 40 40 40 40 40 40 40 30 40 40 40 40 40 40 40 40 40 40 40 40 40 40 40 40 40 40 40 40 40 40 30 40 40 40 40 40 40 40 40 40 40 40 40 40 40 40 40 40 40 40 40 40 40 40 40 40 40 40 40 40 40 40 40 40 40 40 40 40 40 40 40 40 40 40 40 40 40 40 40 40 40 40 40 40 40 30 30 30 30 30 30 30 30 30 30 30 30 80 80 80 90 30 30 30 30 30 30 30 30 30 30 30 90 80 80 80 80 80 80 80 80 80 30 30 30 30 30 40 40 40 40 40 40 40 40 40 40 30 30 30 30 30 30 30 30 90 30 30 30 30 30 30 30 30 30 30 30 30 30 30 90 90 30 30 30 40 40 40 40 40 40 40 40 40 40 40 40 40 40 40 40 40 40 40 40 30 80 90 80 80 80 80 80 80 80 80 80 80 80 80 80 80 80 80 80 80 80 80 80 80 80 80 80 80 80 80 80 80 80 80 80 80 80 80 80 80 80 80 80 80 80 80 80 80 80 80
40 40 40 40 40 40 40 40 30 30 30 40 40 40 30 30 40 30 40 30 40 30 40 30 30 30 30 30 30 40 40 40 40 40 40 40 30 30 30 10 10 10 10 10 10 40 40 40 40 40 40 40 40 40 40 40 40 40 40 40 40 40 40 40 40 40 40 40 40 40 40 40 40 40 40 40 40 40 40 40 40 40 40 40 40 40 40 40 40 40 40 40 40 40 40 40 40 40 40 40 40 40 40 40 40 40 40 40 40 40 40 40 40 40 40 40 40 40 40 30 10 10 10 30 30 30 30 30 30 40 40 40 40 40 40 40 40 40 40 40 40 40 40 40 40 40 40 40 40 40 40 40 40 40 40 40 40 30 30 30 40 40 40 40 40 40 40 40 40 40 40 30 40 40 40 40 40 40 40 40 40 40 40 40 40 40 40 40 40 40 40 40 40 40 30 40 40 40 40 40 40 40 40 40 40 40 40 40 40 40 40 40 40 40 40 40 40 40 40 40 40 40 40 40 40 40 40 40 40 30 40 40 40 40 40 40 40 40 40 40 40 40 40 40 40 40 40 40 40 30 30 30 30 30 30 30 30 30 30 30 30 80 90 80 30 30 30 30 30 30 30 30 30 30 30 30 30 30 30 30 80 80 30 30 30 30 30 30 30 30 40 40 40 40 40 40 40 40 40 40 40 40 40 30 30 30 30 30 30 30 30 30 30 30 30 30 30 30 30 30 30 30 30 40 40 90 90 90 30 40 40 40 40 40 40 40 40 40 40 40 40 40 40 40 40 40 40 40 40 30 80 80 80 80 80 80 80 80 80 80 80 80 80 80 80 80 80 80 80 80 80 80 80 80 80 80 80 80 80 80 80 80 80 80 80 80 80 80 80 80 80 80 80 80 80 80 80 80 80 80
40 40 40 40 40 40 40 40 40 40 40 40 40 40 30 40 40 40 40 40 40 40 40 30 30 30 40 40 40 40 40 40 40 40 40 40 30 30 30 30 30 10 10 10 10 40 40 40 40 40 40 40 40 40 40 40 40 40 40 40 40 40 40 40 40 40 40 40 40 40 30 30 30 30 30 30 30 30 30 40 40 40 40 40 40 40 40 40 40 40 40 40 40 40 40 40 40 40 40 40 40 40 40 40 40 40 40 40 40 40 40 40 40 40 40 40 40 40 40 40 30 10 10 10 30 30 30 30 30 30 40 40 40 40 40 40 40 40 40 40 40 40 40 40 40 40 40 40 40 40 40 40 40 40 40 40 40 30 40 30 40 40 40 40 40 40 40 40 40 40 40 40 40 40 40 40 40 40 40 40 40 40 40 40 40 40 40 40 40 40 40 40 40 40 40 40 40 40 40 40 40 40 40 40 40 40 40 40 40 40 40 40 40 40 40 40 40 40 40 40 40 40 40 40 40 40 40 40 40 40 40 40 40 40 40 40 40 40 40 40 40 40 40 40 40 40 40 30 40 30 30 30 30 30 30 30 30 30 30 30 30 30 30 30 30 30 30 30 30 30 30 40 40 40 40 40 40 40 40 40 30 30 30 30 30 30 30 30 30 30 40 40 40 40 40 40 40 40 40 40 40 40 40 40 40 30 30 30 30 30 30 30 30 30 30 30 30 30 30 30 30 30 40 40 40 40 30 30 40 40 40 40 40 40 40 40 40 40 40 40 40 40 40 40 40 40 40 40 40 30 80 80 90 80 80 80 80 80 80 80 80 80 80 80 80 80 80 80 80 80 80 80 80 80 80 80 80 80 80 80 80 80 80 80 80 80 80 80 80 80 80 80 80 80 80 80 80 80 80 80
40 40 40 40 30 40 40 40 40 40 40 40 40 40 30 40 40 40 40 40 40 40 40 40 40 30 40 30 40 40 40 40 40 40 40 40 30 30 40 30 30 10 10 10 10 40 40 40 40 40 40 40 40 40 40 40 40 40 40 40 40 40 40 40 40 40 40 40 40 30 30 40 40 40 40 40 40 40 40 40 40 40 40 40 30 40 40 40 40 40 40 40 40 40 40 40 40 40 40 40 40 40 40 40 40 40 40 40 40 40 40 40 40 40 40 40 40 40 40 40 40 30 30 10 10 30 30 30 30 30 40 40 40 40 40 40 40 40 40 40 40 40 40 40 40 40 40 40 40 40 40 40 40 40 40 40 40 40 40 40 40 40 40 40 40 40 40 40 40 40 40 40 40 40 40 40 40 40 40 40 40 40 40 40 40 40 40 40 40 40 40 40 40 40 40 40 40 40 40 40 40 40 40 40 40 40 40 40 40 40 40 40 40 40 40 40 40 40 40 40 40 40 40 40 40 40 40 40 40 40 40 40 40 40 40 40 40 40 40 40 40 40 40 40 40 40 40 40 40 30 30 30 30 30 30 30 30 30 30 30 30 30 30 30 30 30 30 30 30 30 40 40 40 40 40 40 40 40 40 40 40 40 40 40 40 40 40 40 30 40 40 40 40 40 40 40 40 40 40 40 40 40 40 40 40 40 40 30 30 30 30 30 30 30 30 30 30 30 30 30 30 30 40 40 40 40 40 40 40 40 40 40 40 40 40 40 40 40 40 40 40 40 40 40 40 40 40 40 40 50 30 80 80 80 80 80 80 80 80 80 80 80 80 80 80 80 80 80 80 80 80 80 80 80 80 80 80 80 80 80 80 90 80 80 80 90 80 80 80 80 80 80 80 80 80 80 80 80 80 80
40 40 40 40 40 40 40 40 40 40 40 40 40 40 40 40 40 40 40 40 40 40 40 40 30 30 40 30 40 40 40 40 40 40 40 40 30 30 40 40 30 10 10 30 10 40 40 40 40 40 40 40 40 40 40 40 40 40 40 40 40 40 40 40 40 40 40 40 40 30 40 40 40 40 40 40 40 40 40 40 40 40 40 40 40 40 40 40 40 40 40 40 40 40 40 40 40 40 40 40 40 40 40 40 40 40 40 40 40 40 40 40 40 40 40 40 40 40 40 40 40 40 30 10 10 10 30 30 30 30 40 40 40 40 40 40 40 40 40 40 40 40 40 40 40 40 40 40 40 40 40 40 40 40 40 40 40 30 40 40 40 40 40 40 40 40 40 40 40 40 40 40 40 40 40 40 40 40 40 40 40 40 40 40 40 40 40 40 40 40 40 40 40 40 40 40 40 40 40 40 40 40 40 40 40 40 40 40 40 40 40 40 40 40 40 40 40 40 40 40 40 40 40 40 40 40 40 40 40 40 40 40 40 40 40 40 40 40 40 40 40 40 40 40 40 40 40 30 30 30 30 30 30 30 30 30 30 30 30 30 30 30 30 30 30 30 30 30 30 40 40 40 40 40 40 40 40 40 40 40 40 40 40 40 40 40 40 40 40 40 40 40 40 40 40 40 40 40 40 40 40 40 40 40 40 40 40 40 40 30 30 30 30 30 30 30 30 30 30 30 30 40 40 40 40 40 40 40 40 40 40 40 40 40 40 40 40 40 40 40 40 40 40 40 40 40 40 40 30 30 30 80 80 80 80 80 80 80 80 80 80 80 80 80 80 80 80 80 80 80 80 80 80 80 80 80 80 80 80 80 80 80 80 80 90 90 90 80 80 80 80 80 80 80 80 80 80 80 80 80
40 40 40 40 40 40 40 40 40 40 40 40 40 40 40 40 40 40 40 40 40 40 40 40 40 40 40 40 40 40 40 40 40 40 40 40 30 30 40 40 30 50 10 30 30 30 40 40 40 40 40 40 40 40 40 40 40 40 40 40 40 40 40 40 40 40 40 30 30 40 40 40 40 40 40 40 40 40 40 40 40 40 40 40 40 40 40 40 40 40 40 40 40 40 40 40 40 40 40 40 40 40 40 40 40 40 40 40 40 40 40 40 40 40 40 40 40 40 40 40 40 40 40 30 10 10 30 30 30 30 30 40 40 40 40 40 40 40 40 40 40 40 40 40 40 40 40 40 40 40 40 40 40 40 40 40 40 30 40 40 40 40 40 40 40 40 40 40 40 40 40 30 30 40 40 40 40 40 40 40 40 40 40 40 40 40 40 40 40 40 40 40 40 40 40 40 40 40 40 40 40 40 40 40 40 40 40 40 40 40 40 40 40 40 40 40 40 40 40 40 40 40 40 40 40 40 40 40 40 40 40 40 40 40 40 40 40 40 40 40 40 40 40 40 40 40 40 30 40 30 30 30 30 30 30 30 30 30 30 30 30 30 30 30 30 30 30 40 40 40 40 40 40 40 40 40 40 40 40 40 40 40 40 40 40 40 40 40 40 40 40 40 40 40 40 40 40 40 40 40 40 40 40 40 40 40 40 40 40 40 30 30 30 30 30 30 30 30 30 30 40 40 40 40 40 40 40 40 40 40 40 40 40 40 40 40 40 40 40 40 40 40 40 40 40 40 40 40 30 50 30 60 80 80 80 80 80 80 80 80 80 80 80 80 80 80 80 80 80 80 80 80 80 80 80 80 80 90 80 80 80 80 80 80 90 90 90 80 80 80 80 80 80 80 80 80 80 80 80 80
40 40 40 40 40 40 40 40 40 40 40 40 40 40 40 40 40 40 40 40 40 40 40 40 40 40 40 30 40 40 40 40 40 40 40 40 30 30 40 40 30 30 50 30 30 40 40 40 40 40 40 40 40 40 40 40 40 40 40 40 40 40 40 40 40 40 30 30 40 40 40 40 40 40 40 40 40 40 40 40 40 40 40 40 30 40 40 40 40 40 40 40 40 40 40 40 40 40 40 40 40 40 40 40 40 40 40 40 40 40 40 40 40 40 40 40 40 40 40 40 40 40 40 30 30 10 10 30 30 30 30 30 40 30 40 30 30 40 30 30 40 30 40 40 40 40 40 40 40 40 40 40 40 40 40 40 40 30 30 40 40 40 40 40 40 40 40 40 40 40 40 40 30 40 40 40 40 40 40 40 40 40 40 40 40 40 40 40 40 40 40 40 40 40 40 40 40 40 40 40 40 40 40 40 40 40 40 40 40 40 40 40 40 40 40 40 40 40 40 40 40 40 40 40 40 40 40 40 40 40 40 40 40 40 40 40 40 40 40 40 40 40 40 40 40 40 40 40 30 30 30 30 30 30 30 30 30 30 30 30 30 30 30 30 30 30 30 40 40 40 40 40 40 40 40 40 40 40 40 40 40 40 40 40 40 40 40 40 40 40 40 40 40 40 40 40 40 40 40 40 40 40 40 40 40 40 40 40 40 40 40 40 30 30 30 30 30 30 30 30 40 40 40 40 40 40 40 40 40 40 40 40 40 40 40 40 40 40 40 40 40 40 40 40 40 40 40 40 30 30 30 60 80 80 80 80 80 80 80 80 80 80 80 80 80 80 80 80 80 80 80 80 80 80 80 80 80 80 80 80 80 80 80 80 90 90 90 80 80 80 80 80 80 80 80 80 80 80 80 80
40 40 40 40 40 40 40 40 40 40 40 40 40 40 40 40 40 40 40 40 40 40 40 40 40 40 40 40 40 40 40 40 40 40 40 40 30 30 40 40 40 10 30 30 30 40 40 40 40 40 40 40 40 40 40 40 40 40 40 40 40 40 40 40 10 30 40 40 40 40 40 40 40 40 40 40 40 40 40 40 40 40 40 40 40 40 40 40 40 40 40 40 40 40 40 40 40 40 40 40 40 40 40 40 40 40 40 40 40 40 40 40 40 40 40 40 40 40 40 40 40 40 40 40 30 10 10 10 30 30 10 30 30 40 40 40 40 40 40 40 40 40 40 40 40 40 40 40 40 40 40 40 40 40 40 40 40 30 40 30 40 40 40 40 40 40 40 40 40 40 40 40 30 40 40 40 40 30 40 30 40 40 40 40 40 40 40 40 40 40 40 40 40 40 40 40 40 40 40 40 40 40 40 40 40 40 40 40 40 40 40 40 40 40 40 40 40 40 40 40 40 40 40 40 40 40 40 40 40 40 40 40 40 40 40 40 40 40 40 40 40 40 40 40 40 40 40 40 30 30 30 30 30 30 30 30 30 30 30 30 30 30 30 30 30 40 40 40 40 40 40 40 40 40 40 40 40 40 40 40 40 40 40 40 40 40 40 40 40 40 40 40 40 40 40 40 40 40 40 40 40 40 40 40 40 40 40 40 40 40 40 40 40 40 30 30 30 30 30 40 40 40 40 40 40 40 40 40 40 40 40 40 40 40 40 40 40 40 40 40 40 40 40 40 40 40 40 40 30 30 30 60 80 80 80 80 80 80 80 80 80 80 80 80 80 80 80 80 80 80 80 80 80 80 80 80 80 80 80 80 80 80 80 80 90 90 80 80 80 80 80 80 80 80 80 80 80 80 80 80
40 40 40 40 40 40 40 40 40 40 40 40 40 40 40 40 40 40 40 40 40 40 40 40 40 40 40 40 40 40 40 40 40 40 40 40 30 40 40 40 40 30 10 50 50 30 30 40 40 40 40 40 40 40 40 40 40 40 40 40 40 40 40 10 30 40 40 40 40 40 40 40 40 40 40 40 40 40 40 40 40 40 40 40 40 40 40 40 40 40 40 40 40 40 40 40 40 40 40 40 40 40 40 40 40 40 40 40 40 40 40 40 40 40 40 40 40 40 40 40 40 40 40 40 40 30 10 10 30 30 30 30 30 30 40 40 40 40 40 40 40 40 40 40 40 40 40 40 40 40 40 40 40 40 30 30 30 30 30 30 30 40 40 40 40 40 30 40 30 30 30 30 40 40 40 40 40 40 40 40 40 40 40 40 40 40 40 40 40 40 40 40 40 40 40 40 40 40 40 40 40 40 40 40 40 40 40 40 40 40 40 40 40 40 40 40 40 40 40 40 40 40 40 40 40 40 40 40 40 40 40 40 40 40 40 40 40 40 40 40 40 40 40 40 40 40 40 30 30 30 30 30 30 30 30 30 30 30 30 30 30 30 30 30 40 40 40 40 30 40 40 40 40 40 40 40 40 40 40 40 40 40 40 40 40 40 40 40 40 40 40 40 40 40 40 40 40 40 40 40 40 40 40 40 40 40 40 40 40 40 40 40 40 40 40 40 30 30 40 40 40 40 40 40 40 40 40 40 40 40 40 40 40 40 40 40 40 40 40 40 40 40 40 40 40 40 40 40 30 50 30 60 80 80 80 80 80 80 80 80 80 80 80 80 80 80 80 80 80 80 80 90 80 80 80 80 80 80 80 80 80 80 80 80 80 90 80 80 80 80 80 80 80 80 80 80 80 80 80 80
40 40 40 40 40 40 40 40 40 40 40 40 40 40 40 40 40 40 40 40 40 40 40 40 40 40 40 40 40 40 40 40 40 40 40 40 30 40 40 40 40 30 10 30 50 30 30 40 40 40 40 40 40 40 40 40 40 40 40 40 40 40 30 30 40 40 40 40 40 40 40 40 40 40 40 40 40 40 40 40 40 40 40 40 40 40 40 40 40 40 40 40 40 40 40 40 40 40 40 40 40 40 40 40 40 40 40 40 40 40 40 40 40 40 40 40 40 40 40 40 40 40 40 40 40 30 30 30 10 30 30 30 30 30 30 40 40 40 40 40 40 40 40 40 40 40 40 40 30 30 30 40 40 40 40 30 30 30 30 30 30 30 30 40 40 40 40 40 40 40 40 40 40 40 40 40 40 40 40 40 40 40 40 40 40 40 40 40 40 40 40 40 40 40 40 40 40 40 40 40 40 40 40 40 40 40 40 40 40 40 40 40 40 40 40 40 40 40 40 40 30 30 40 40 40 40 40 40 40 40 40 40 40 40 40 40 40 40 40 40 40 40 40 40 40 30 30 30 30 30 30 30 30 30 30 30 30 30 30 30 30 30 40 40 40 40 40 40 40 40 40 40 40 40 40 40 40 40 40 40 40 40 40 40 40 40 40 40 40 40 40 40 40 40 40 40 40 40 40 40 40 40 40 40 40 40 40 40 40 40 40 40 40 40 40 40 40 30 40 40 40 40 40 40 40 40 40 40 40 40 40 40 40 40 40 40 40 40 40 40 40 40 40 40 40 40 40 40 30 30 50 80 80 80 80 80 80 80 80 80 80 80 80 80 80 80 80 80 80 80 80 80 80 80 80 80 80 80 80 80 80 80 80 80 80 80 80 80 80 80 80 80 80 80 80 80 80 80 80 80
40 40 40 40 40 40 40 40 40 40 40 40 40 40 40 40 40 40 40 40 40 40 40 40 40 40 40 30 40 40 40 40 40 40 40 40 40 40 40 40 40 30 10 10 30 50 40 40 40 40 40 40 40 40 40 40 40 40 40 40 40 30 40 40 40 40 40 40 40 40 40 40 40 40 40 40 40 40 40 40 40 40 40 40 30 40 40 40 40 40 40 40 40 40 40 40 40 40 40 40 40 40 40 40 40 40 40 40 40 40 40 40 40 40 40 40 40 40 40 40 40 40 40 40 40 40 30 30 10 10 30 30 30 30 30 40 40 40 40 40 40 40 30 40 40 40 40 40 30 30 40 30 40 40 40 40 40 40 40 30 40 30 40 40 40 40 40 40 40 40 40 40 40 40 40 40 40 40 40 40 40 40 40 40 40 40 40 40 40 40 40 40 40 40 40 30 40 40 40 40 40 40 40 40 40 40 40 40 40 40 30 40 40 30 30 30 30 30 30 40 40 40 40 40 40 40 40 40 40 40 40 40 40 40 40 40 40 40 40 40 40 40 40 40 30 30 30 40 30 30 30 30 30 30 30 30 30 30 30 30 30 40 40 40 40 40 40 40 40 40 40 40 40 40 40 40 40 40 40 40 40 40 40 40 40 40 40 40 40 40 40 40 40 40 40 40 40 40 40 40 40 40 40 40 40 40 40 40 40 40 40 40 40 40 40 40 40 40 40 40 40 40 40 40 40 40 40 40 40 40 40 40 40 40 40 40 40 40 40 40 40 40 40 40 40 40 40 40 40 30 50 80 80 80 80 80 80 80 80 80 80 80 80 80 80 80 80 80 80 80 80 80 80 80 80 80 80 80 80 80 80 80 80 80 80 80 80 80 80 80 80 80 80 80 80 80 80 80 80 80
40 40 40 40 40 40 40 40 40 40 40 40 40 40 40 40 40 40 40 40 40 40 40 40 40 40 40 40 40 40 40 40 40 40 40 40 30 40 40 40 40 40 10 10 30 30 30 40 40 40 40 40 40 40 40 40 40 40 40 40 30 40 40 40 40 40 40 40 40 40 40 40 40 40 40 40 40 40 40 40 40 40 40 40 30 40 40 40 40 40 40 40 40 40 40 40 40 40 40 40 40 40 40 40 40 40 40 40 40 40 40 40 40 40 40 40 40 40 40 40 40 40 40 40 40 40 40 30 30 10 10 30 30 30 30 30 30 40 40 40 40 40 40 40 40 40 40 40 40 40 40 40 40 40 30 40 40 30 40 40 40 30 40 40 40 40 40 40 40 40 40 40 40 40 40 40 40 40 40 40 40 40 40 40 40 40 40 40 40 40 40 40 40 40 40 30 40 40 40 40 40 40 40 40 40 40 40 40 30 30 30 30 30 40 40 40 40 40 40 40 40 40 40 40 40 40 40 40 40 40 40 40 40 40 40 40 40 40 40 40 40 40 40 30 30 30 30 30 30 30 30 30 30 30 30 30 30 30 30 40 40 40 40 40 40 40 40 40 40 40 40 40 40 40 40 40 40 40 40 40 40 40 40 40 40 40 40 40 40 40 40 40 40 40 40 40 40 40 40 40 40 40 40 40 40 40 40 40 40 40 40 40 40 40 40 40 40 40 40 40 30 40 40 40 40 40 40 40 40 40 40 40 40 40 40 40 40 40 40 40 40 40 40 40 40 40 40 40 40 30 30 80 80 80 80 80 80 80 80 80 80 80 80 80 80 80 80 80 80 80 80 80 80 80 80 80 80 80 80 80 80 80 80 80 80 80 80 80 80 80 80 80 80 80 80 80 80 80 80 80
40 40 40 40 40 40 40 40 40 40 40 40 40 40 40 40 40 40 40 40 40 40 40 40 40 40 40 40 40 40 40 40 40 40 40 40 30 40 40 40 40 40 30 10 30 30 30 40 40 40 40 40 40 40 40 40 40 40 30 30 40 40 40 40 40 40 40 40 40 40 40 40 40 40 40 40 40 40 40 40 40 40 40 40 40 40 40 40 40 40 40 40 40 40 40 40 40 40 40 40 40 40 40 40 40 40 40 40 40 40 40 40 40 40 40 40 40 40 40 40 40 40 40 40 40 40 40 40 30 30 10 10 30 30 30 30 30 40 40 40 40 30 40 40 40 40 40 40 40 40 40 40 40 40 40 40 40 40 40 30 30 30 40 40 40 40 40 40 40 40 40 40 40 40 40 40 40 40 40 40 40 40 40 40 40 40 40 40 40 40 40 40 40 40 40 40 40 40 40 40 40 30 30 30 30 30 30 40 40 40 40 40 40 40 40 40 40 40 40 40 40 40 40 40 40 40 40 40 40 40 40 40 40 40 40 40 40 30 30 40 40 40 30 30 30 30 40 40 30 30 30 30 30 30 30 30 30 40 40 40 40 40 40 40 40 40 40 40 40 40 40 40 40 40 40 40 40 40 40 40 40 40 40 40 40 40 40 40 40 40 40 40 30 40 40 40 40 40 40 40 40 40 40 40 40 40 40 40 40 40 40 40 40 40 40 40 40 40 40 40 40 40 40 40 40 40 40 40 40 40 40 40 40 40 40 40 40 40 40 40 40 40 40 40 40 40 40 40 40 30 30 80 80 80 80 80 80 80 80 80 80 80 80 80 80 80 80 80 80 80 80 80 80 80 80 80 80 80 80 80 80 80 80 80 80 80 80 80 80 80 80 80 80 80 80 80 80 80 80 80
40 40 40 40 40 40 40 40 40 40 40 40 40 40 40 40 40 40 40 40 40 40 40 40 40 40 40 40 40 40 40 40 40 40 40 40 40 40 40 40 40 40 40 10 30 30 50 30 40 40 40 40 40 40 40 40 40 30 30 40 40 40 40 40 40 40 40 40 40 40 40 40 40 40 40 40 40 40 40 40 40 40 40 40 40 40 40 40 40 40 40 40 40 40 40 40 40 40 40 40 40 40 40 40 40 40 40 40 40 40 40 40 40 40 40 40 40 40 40 40 40 40 40 40 40 40 40 40 40 30 30 10 30 30 30 30 30 40 40 40 40 40 40 40 40 40 40 40 40 40 40 40 40 40 40 40 40 40 30 40 40 40 40 40 40 30 40 40 40 40 40 40 40 40 40 40 40 40 40 40 40 40 40 40 40 40 40 40 40 40 40 40 40 40 40 30 30 40 40 40 40 40 40 40 40 40 40 40 40 40 40 40 40 40 40 40 40 40 40 40 40 40 40 40 40 40 40 40 40 40 40 40 40 40 40 40 30 30 40 40 40 30 30 30 30 30 30 30 30 30 30 30 30 30 30 30 40 40 40 40 40 40 40 40 40 40 40 40 40 40 40 40 40 40 40 40 40 40 40 40 40 40 40 40 40 40 40 40 40 40 40 40 30 40 40 40 40 40 40 40 40 40 40 40 40 40 40 40 40 40 40 40 40 40 40 40 40 40 40 40 40 40 40 40 40 40 40 40 40 40 40 40 40 40 40 40 40 40 40 40 40 40 40 40 40 40 40 40 40 30 30 80 80 80 80 80 80 80 80 80 80 80 80 80 80 80 80 80 80 80 80 80 80 80 80 80 80 80 80 80 80 80 80 80 80 80 80 80 80 80 80 80 80 80 80 80 80 80 80 80
40 40 40 40 40 40 40 40 40 40 40 40 40 40 40 40 40 40 40 40 40 40 40 40 40 40 40 40 40 40 40 40 40 40 40 40 40 40 40 40 40 40 40 10 10 50 10 30 40 40 40 40 40 40 40 40 30 40 40 40 40 40 40 40 40 40 40 40 40 40 40 40 40 40 40 40 40 40 40 40 40 40 40 40 30 40 40 40 40 40 40 40 40 40 40 40 40 40 40 40 40 40 40 40 40 40 40 40 40 40 40 40 40 40 40 40 40 40 40 40 40 40 40 40 40 40 40 40 40 40 30 10 10 30 30 30 30 30 30 40 40 40 40 40 40 40 40 40 40 40 40 40 40 40 40 40 40 40 40 40 40 40 40 40 40 40 40 40 40 40 40 40 40 40 40 40 40 40 40 40 40 40 40 40 40 40 40 40 40 40 40 40 40 40 40 30 40 40 40 40 40 40 40 40 40 40 40 40 40 40 40 40 40 40 40 40 40 40 40 40 40 40 40 40 40 40 40 40 40 40 40 40 40 40 40 40 40 40 40 40 40 30 30 30 30 30 30 30 30 30 30 30 30 30 30 40 40 40 40 40 40 40 40 40 40 40 40 40 40 40 40 40 40 40 40 40 40 40 40 40 40 40 40 40 40 40 40 40 40 40 40 40 40 30 40 40 40 40 40 40 40 40 40 40 40 40 40 40 40 40 40 40 40 40 40 40 40 40 40 40 40 40 40 40 40 40 40 40 40 40 40 40 40 40 40 40 40 40 40 40 40 40 40 40 40 40 40 40 40 30 30 80 80 80 80 80 80 80 80 80 80 80 80 80 80 80 80 80 80 80 80 80 80 80 80 80 80 80 80 80 80 80 80 80 80 80 80 80 80 80 80 80 80 80 80 80 80 80 80 80
40 40 40 40 40 40 40 40 40 40 40 40 40 40 40 40 40 40 40 40 40 40 40 40 40 40 40 40 40 40 40 40 40 40 40 40 40 30 40 40 40 40 40 10 10 30 10 50 30 40 40 40 40 40 40 30 40 40 40 40 40 40 40 40 40 40 40 40 40 40 40 40 40 40 40 40 40 40 40 40 40 40 40 40 30 40 40 40 40 40 40 40 40 40 40 40 40 40 40 40 40 40 40 40 40 40 40 40 40 40 40 40 40 40 40 40 40 40 40 40 40 40 40 40 40 40 40 40 40 40 30 10 10 10 30 30 30 30 30 40 40 40 40 40 40 40 40 40 40 40 40 40 40 40 40 40 40 40 40 40 40 40 40 40 40 40 30 40 40 40 40 40 40 40 40 40 40 40 40 40 40 40 40 40 30 30 40 40 40 40 40 40 40 40 40 30 40 40 40 40 40 40 40 40 40 40 40 40 40 40 40 40 40 40 40 40 40 40 40 40 40 40 40 40 40 40 40 40 40 40 40 40 40 40 40 40 40 40 40 40 40 30 30 30 30 30 30 30 30 30 30 30 30 30 40 40 40 40 40 40 40 40 40 40 40 40 40 40 40 40 40 40 40 40 40 40 40 40 40 40 40 40 40 40 40 40 40 40 40 40 40 40 40 40 30 40 40 40 40 40 40 40 40 40 40 40 40 40 40 40 40 40 40 40 40 40 40 40 40 40 40 40 40 40 40 40 40 40 40 40 40 40 40 40 40 40 40 40 40 40 40 40 40 40 40 40 40 40 40 30 30 80 80 90 80 80 80 80 80 80 80 80 80 80 80 80 80 80 80 80 80 80 80 80 80 80 80 80 80 80 80 80 80 80 80 80 80 80 80 80 80 80 80 80 80 80 80 80 80 80
40 40 40 40 40 40 40 40 40 40 40 40 40 40 40 40 40 40 40 40 40 40 40 40 40 40 40 40 40 40 40 40 40 40 40 40 40 30 40 40 40 40 40 10 10 30 10 30 30 40 40 40 40 40 30 40 40 40 40 40 40 40 40 40 40 40 40 40 40 40 40 40 40 40 40 40 40 40 40 40 40 40 40 40 40 40 40 40 40 40 40 40 40 40 40 40 40 40 40 40 40 40 40 40 40 40 40 40 40 40 40 40 40 40 40 40 40 40 40 40 40 40 40 40 40 40 40 40 40 40 40 30 10 10 10 30 30 30 30 30 40 40 40 40 40 40 40 40 40 40 40 40 40 40 40 40 40 40 40 40 40 40 40 40 40 40 40 40 40 40 40 40 40 40 40 40 40 40 40 40 40 40 40 40 40 40 40 40 40 40 40 40 30 40 40 30 40 40 40 40 40 40 40 40 40 40 40 40 40 40 40 40 40 40 40 40 40 40 40 40 40 40 40 40 40 40 40 40 40 40 40 40 40 40 40 40 40 40 40 40 40 40 30 30 30 30 30 30 30 30 30 30 40 40 30 40 40 40 40 40 40 40 40 40 40 40 40 40 40 40 40 40 40 40 40 40 40 40 40 40 40 40 40 40 40 40 40 40 40 40 40 40 40 40 40 30 40 40 40 40 40 40 40 40 40 40 40 40 40 40 40 40 40 40 40 40 40 40 40 40 40 40 40 40 40 40 40 40 40 40 40 40 40 40 40 40 40 40 40 40 40 40 40 40 40 40 40 40 40 30 30 80 80 90 80 80 80 80 80 80 80 80 80 80 80 80 80 80 80 80 80 80 80 80 80 80 80 80 80 80 80 80 80 80 80 80 80 80 80 80 80 80 80 80 80 80 80 80 80 90
40 40 40 40 40 40 40 40 40 40 40 40 40 40 40 40 40 40 40 40 40 40 40 40 40 40 40 40 40 40 40 40 40 40 40 40 40 30 40 40 40 40 40 40 10 30 10 10 30 30 40 40 10 30 40 40 40 40 40 40 40 40 40 40 40 40 40 40 40 40 40 40 40 40 40 40 40 40 40 40 40 40 40 40 40 40 40 40 40 40 40 40 40 40 40 40 40 40 40 40 40 40 40 40 40 40 40 40 40 40 40 40 40 40 40 40 40 40 40 40 40 40 40 40 40 40 40 40 40 40 40 40 30 10 10 30 30 30 30 30 30 30 40 40 40 40 40 40 40 40 40 40 40 40 40 40 40 40 40 40 40 40 40 40 40 40 40 40 40 40 40 40 40 40 40 40 40 40 40 40 40 40 40 40 40 40 40 40 40 40 40 40 40 40 40 30 40 40 40 40 40 40 40 40 40 40 40 40 40 40 40 40 40 40 40 40 40 40 40 40 40 40 40 40 40 40 40 40 40 40 40 40 40 40 40 40 40 40 40 40 40 40 30 30 30 30 30 30 30 30 30 30 40 40 40 30 30 40 40 40 40 40 40 40 40 40 40 40 40 40 40 40 40 40 40 40 40 40 40 40 40 40 40 40 40 40 40 40 40 40 40 40 40 40 40 40 40 40 40 40 40 40 40 40 40 40 40 40 40 40 40 40 40 40 40 40 40 40 40 40 40 40 40 40 40 40 40 40 40 40 40 40 40 40 40 40 40 40 40 40 40 40 40 40 40 40 40 40 40 30 30 30 30 80 80 80 80 80 80 80 80 80 80 80 80 80 80 80 80 80 80 80 80 80 80 80 80 80 80 80 80 80 80 80 80 80 80 80 80 80 80 80 80 80 80 80 80 90 60 30
40 40 40 40 40 40 40 40 40 40 40 40 40 40 40 40 40 40 40 40 40 40 40 40 40 40 40 40 40 40 40 40 40 40 40 40 40 40 40 40 40 40 40 40 10 30 30 10 30 30 30 30 30 40 40 40 40 40 40 40 40 40 40 40 40 40 40 40 40 40 40 40 40 40 40 40 40 40 40 40 40 40 40 40 40 40 40 40 40 40 40 40 40 40 40 40 40 40 40 40 40 40 40 40 40 40 40 40 40 40 40 40 40 40 40 40 40 40 40 40 40 40 40 40 40 40 40 40 40 40 40 40 40 30 10 10 30 30 30 30 30 30 40 40 40 40 40 40 40 40 40 40 40 40 40 40 40 40 30 40 40 40 40 40 40 40 40 40 40 40 40 40 40 40 40 40 40 40 40 40 40 40 40 40 40 40 40 40 40 40 40 40 40 40 40 30 40 40 40 40 40 40 40 40 40 40 40 40 40 40 40 40 40 40 40 40 40 40 40 40 40 40 40 40 40 40 40 40 40 40 40 40 40 40 40 40 40 40 40 40 40 40 30 30 30 30 30 30 30 30 30 40 40 40 40 40 40 30 40 40 40 40 40 40 40 40 40 40 40 40 40 40 40 40 40 40 40 40 40 40 40 40 40 40 40 40 40 40 40 40 40 40 40 40 40 40 30 40 40 40 40 40 40 40 40 40 40 40 40 40 40 40 40 40 40 40 40 40 40 40 40 40 40 40 40 40 40 40 40 40 40 40 40 40 40 40 40 40 40 40 40 40 40 40 40 40 40 40 40 30 30 30 80 80 80 80 80 80 80 80 80 80 80 80 80 80 80 80 80 80 80 80 80 80 80 80 80 80 80 80 80 80 80 80 80 80 80 80 80 80 80 80 80 80 80 80 80 80 30 30
40 40 40 40 40 40 40 40 40 40 40 40 40 40 40 40 40 40 40 40 40 40 40 40 40 40 40 40 40 40 40 40 40 40 40 40 40 40 40 40 40 40 40 40 10 10 30 30 30 30 30 30 40 40 40 40 40 40 40 40 40 40 40 40 40 40 40 40 40 40 40 40 40 40 40 40 40 40 40 40 40 40 40 40 40 40 40 40 40 40 40 40 40 40 40 40 40 40 40 40 40 40 40 40 40 40 40 40 40 40 40 40 40 40 40 40 40 40 40 40 40 40 40 40 40 40 40 40 40 40 40 40 40 40 30 10 10 30 30 30 30 30 30 40 40 40 40 40 40 40 40 40 40 40 40 40 40 30 30 40 40 40 40 40 40 40 40 40 40 40 40 40 40 40 40 40 40 40 40 40 40 40 40 40 40 40 40 40 40 40 40 40 40 40 40 40 40 40 40 40 40 40 40 40 40 40 40 40 40 40 40 40 40 40 40 40 40 40 40 40 40 40 40 40 40 40 40 40 40 40 40 40 40 40 40 40 40 30 30 30 30 30 30 30 30 30 30 30 30 30 40 40 40 40 40 40 40 40 40 40 40 40 40 40 40 40 40 40 40 40 40 40 40 40 40 40 40 40 40 40 40 40 40 40 40 40 40 40 40 40 40 40 40 40 40 40 40 30 40 40 40 40 40 40 40 40 40 40 40 40 40 40 40 40 40 40 40 40 40 40 40 40 40 40 40 40 40 40 40 40 40 40 40 40 40 40 40 40 40 40 40 40 40 40 40 40 40 40 30 30 30 30 80 80 80 80 80 80 80 80 80 80 80 80 80 80 80 80 80 80 80 80 80 80 80 80 80 80 80 80 80 80 80 80 80 80 80 80 80 80 80 80 80 80 80 30 90 30 30 30
40 40 40 40 40 40 40 40 40 40 40 40 40 40 40 40 40 40 40 40 40 40 40 40 40 40 40 40 30 40 40 40 40 40 40 40 40 40 40 40 40 40 40 40 10 10 50 90 40 50 30 30 30 40 40 40 40 40 40 40 40 40 40 40 40 40 40 40 40 40 40 40 40 40 30 30 40 40 40 40 40 30 30 30 30 40 40 40 40 40 40 40 40 40 40 40 40 40 40 40 40 40 40 40 40 40 40 40 40 40 40 40 40 40 40 40 40 40 40 40 40 40 40 40 40 40 40 40 40 40 40 40 40 40 40 30 10 10 30 10 30 30 30 40 40 40 40 40 40 40 40 40 40 40 40 40 40 40 40 40 40 40 40 30 40 40 40 40 40 40 40 40 40 40 40 40 40 40 40 40 40 40 40 40 40 40 40 40 40 40 40 40 40 40 40 40 40 40 40 40 40 40 40 40 40 40 40 40 40 40 40 40 40 40 40 40 40 40 40 40 40 40 40 40 40 40 40 40 40 40 40 40 40 40 40 30 40 30 30 30 30 30 30 30 30 30 30 30 30 30 40 40 40 40 40 40 40 40 40 40 30 40 40 40 40 40 40 40 40 40 40 40 40 40 40 40 40 40 40 40 40 40 40 40 40 40 40 40 40 40 40 40 40 40 40 40 40 40 30 40 40 40 40 40 40 40 40 40 40 40 40 40 40 40 40 40 40 40 40 40 40 40 40 40 40 40 40 40 40 40 40 40 40 40 40 40 40 40 40 40 40 40 40 40 40 40 40 30 30 30 30 30 80 80 80 80 80 80 80 80 80 80 80 80 80 80 80 80 80 80 80 80 80 80 80 80 80 80 80 80 80 80 80 80 80 80 80 80 90 80 90 90 80 80 30 30 90 90 30 30
40 40 40 40 40 40 40 40 40 40 40 40 40 40 40 40 40 40 40 40 40 40 40 40 40 40 40 40 30 40 40 40 40 40 40 40 40 40 40 40 40 40 40 40 10 10 50 30 40 40 30 30 40 40 40 40 40 40 40 40 40 40 40 40 40 40 40 40 40 40 40 40 40 40 30 40 40 40 40 40 40 40 40 40 40 40 40 40 40 40 40 40 40 40 40 40 40 40 40 40 40 40 40 40 40 40 40 40 40 40 40 40 40 40 40 40 40 40 40 40 40 40 40 40 40 40 40 40 40 40 40 40 40 40 40 40 30 30 30 30 30 30 30 30 40 40 40 40 40 40 40 40 40 40 40 40 40 40 40 40 30 30 40 40 40 40 40 30 40 40 40 40 40 40 40 40 40 40 40 40 40 40 40 40 40 40 40 40 40 40 40 40 40 40 40 40 40 40 40 40 40 40 40 40 40 40 40 40 40 40 40 40 40 40 40 40 40 40 40 40 40 40 40 40 40 40 40 40 40 40 40 40 30 30 30 30 30 30 30 30 30 40 40 30 30 30 30 30 30 40 40 40 40 40 40 40 40 40 40 40 40 40 30 40 40 40 40 40 40 40 40 40 40 40 40 40 40 40 40 40 40 40 40 40 40 40 40 40 40 40 40 40 40 40 40 40 40 30 30 40 40 40 40 40 40 40 40 40 40 40 40 40 40 40 40 40 40 40 40 40 40 40 40 40 40 40 40 40 40 40 40 40 40 40 40 40 40 40 40 40 40 40 40 40 40 40 40 30 30 30 30 30 80 80 80 80 80 80 80 80 80 80 80 80 80 80 80 80 80 80 80 80 80 80 80 80 80 80 80 80 80 80 80 80 90 80 80 80 80 80 80 80 30 90 30 30 30 30 30 30
40 40 40 40 40 40 40 40 40 40 40 40 40 40 40 40 40 40 40 40 40 40 40 40 40 40 40 40 30 30 40 40 40 40 40 40 40 40 40 40 40 40 40 40 10 10 30 30 30 40 50 30 40 40 40 40 40 40 40 40 40 40 40 40 40 40 40 40 40 40 40 40 40 40 40 40 40 40 40 40 40 40 40 40 40 40 40 40 40 40 40 40 40 40 40 40 40 40 40 40 40 40 40 40 40 40 40 40 40 40 40 40 40 40 40 40 40 40 40 40 40 40 40 40 40 40 40 40 40 40 40 40 40 40 40 40 30 10 10 30 30 30 30 30 40 40 40 40 40 40 40 40 40 40 40 40 40 40 40 40 40 30 40 40 40 40 40 40 40 40 40 40 40 40 40 40 40 40 40 40 40 40 40 40 40 40 40 40 40 40 40 40 40 40 40 40 40 40 40 40 40 40 40 40 40 40 40 40 40 40 40 40 40 40 40 40 40 40 40 40 40 40 40 40 40 40 40 40 40 40 30 30 30 30 30 30 30 30 30 40 40 30 30 30 30 30 30 30 30 40 40 40 40 40 40 40 40 40 40 40 40 40 40 30 40 40 40 40 40 40 40 40 40 40 40 40 40 40 40 40 40 40 40 40 40 40 40 40 40 40 40 40 40 40 40 40 40 40 30 40 40 40 40 40 40 40 40 40 40 40 40 40 40 40 40 40 40 40 40 40 40 40 40 40 40 40 40 40 40 40 40 40 40 40 40 40 40 40 40 40 40 40 40 40 40 40 30 30 30 30 30 30 80 80 80 80 80 80 80 80 80 80 80 80 80 80 80 80 80 80 80 80 80 80 80 80 80 80 80 80 80 80 90 80 80 80 80 80 80 80 80 90 30 30 30 30 30 30 30 30
40 40 40 40 40 40 40 40 40 40 40 40 40 40 40 40 40 40 40 40 40 40 40 40 40 40 40 40 30 30 40 40 40 40 40 40 40 40 40 40 40 40 40 40 10 10 30 30 30 40 40 30 30 40 40 40 40 40 40 40 40 40 40 40 40 40 40 40 40 40 40 40 40 40 40 40 40 40 40 40 40 40 40 40 40 40 40 40 40 40 40 40 40 40 40 40 40 40 40 40 40 40 40 40 40 40 40 40 40 40 40 40 40 40 40 40 40 40 40 40 40 40 40 40 40 40 40 40 40 40 40 40 40 40 40 40 40 30 10 10 30 30 30 30 30 40 40 40 40 40 40 40 40 40 30 40 30 40 40 40 40 30 40 40 40 40 40 40 40 40 40 40 40 40 40 40 40 40 40 40 40 40 40 40 40 40 30 40 30 40 40 40 40 30 40 40 40 40 40 40 40 40 40 40 40 40 40 40 40 40 40 40 40 40 40 40 40 40 40 40 40 40 40 40 40 40 30 30 30 30 30 30 30 30 30 30 30 30 40 30 30 30 30 30 30 30 30 30 40 40 40 40 40 40 40 40 40 40 40 40 40 40 40 40 40 40 40 40 40 40 40 40 40 40 40 40 40 40 40 40 40 40 40 40 40 40 40 40 40 40 40 40 40 40 40 40 40 40 30 30 40 40 40 40 40 40 40 40 40 40 40 40 40 40 40 40 40 40 40 40 40 40 40 40 40 40 40 40 40 40 40 40 40 40 40 40 40 40 40 40 40 40 40 40 40 40 30 30 30 30 30 30 80 80 80 80 80 80 80 80 80 80 80 80 80 80 80 80 80 80 80 80 80 80 80 80 80 80 80 80 90 80 80 80 80 80 80 80 80 80 30 30 90 90 30 30 30 30 30 30
40 40 40 40 40 40 40 40 40 40 40 40 40 40 40 40 40 40 40 40 40 40 40 40 40 40 40 40 30 30 40 40 40 40 40 40 40 40 40 40 40 40 40 40 10 10 10 30 10 40 40 50 30 40 40 40 40 40 40 40 40 40 40 40 40 40 40 40 40 40 40 40 40 40 40 40 40 40 40 40 40 40 40 40 40 40 40 40 40 40 40 40 40 40 40 40 40 40 40 40 40 40 40 40 40 40 40 40 40 40 40 40 40 40 40 40 40 40 40 40 40 40 40 40 40 40 40 40 40 40 40 40 40 40 40 40 40 40 30 10 10 30 30 30 30 30 40 40 40 40 40 40 40 40 40 40 40 30 40 40 40 30 40 40 40 40 30 30 40 40 40 40 40 40 40 40 40 40 40 40 40 40 40 40 40 40 40 30 30 40 40 30 30 30 30 40 30 40 40 40 40 40 40 40 40 40 40 40 40 40 40 40 40 40 40 40 40 40 40 40 40 40 40 30 30 30 30 30 30 30 30 30 30 30 30 30 30 30 30 30 30 30 30 30 30 30 30 30 40 40 40 40 40 40 40 40 40 40 40 40 40 40 40 40 40 40 40 40 40 40 40 40 40 40 40 40 40 40 40 40 40 40 40 40 40 40 40 40 40 40 40 40 40 40 40 40 40 40 30 30 30 40 40 40 40 40 40 40 40 40 40 40 40 40 40 40 40 40 40 40 40 40 40 40 40 40 40 40 40 40 40 40 40 40 40 40 40 40 40 40 40 40 40 40 40 90 30 30 30 30 30 80 80 80 80 80 80 80 80 80 80 80 80 80 80 80 80 80 80 80 80 80 80 80 80 80 80 90 90 80 80 80 80 80 80 80 80 80 90 80 30 30 30 90 30 30 30 30 30 30
40 40 40 40 40 40 40 40 40 40 40 40 40 40 40 40 40 40 40 40 40 40 40 40 40 40 40 40 40 30 40 40 40 40 40 40 40 40 40 40 40 40 40 40 10 10 30 50 10 40 40 30 30 40 40 40 40 40 40 40 40 40 40 40 40 40 40 40 40 40 40 40 40 40 40 40 40 40 40 40 40 40 40 40 40 40 40 40 40 40 40 40 40 40 40 40 40 40 40 40 40 40 40 40 40 40 40 40 40 40 40 40 40 40 40 40 40 40 40 40 40 40 40 40 40 40 40 40 40 40 40 40 40 40 40 40 40 40 40 10 10 30 30 30 30 30 30 40 40 40 40 40 40 40 40 40 40 40 40 40 40 40 40 40 40 40 40 40 40 40 40 40 40 40 40 40 40 40 40 40 40 40 40 40 40 40 30 40 40 30 30 30 30 30 40 30 30 40 40 40 40 40 40 40 40 40 40 40 40 40 40 40 40 40 40 40 40 40 40 40 40 30 30 30 30 30 30 30 30 30 30 30 30 30 30 30 30 30 30 30 30 30 30 30 30 30 30 40 40 40 40 40 40 40 40 40 40 40 40 40 40 40 40 40 40 40 40 40 40 40 40 40 40 40 40 40 40 40 40 40 40 40 40 40 40 40 40 40 40 40 40 40 40 40 40 40 40 30 30 30 30 30 40 40 40 40 40 40 40 40 40 40 40 40 40 40 40 40 40 40 40 40 40 40 40 40 40 40 40 40 40 40 40 40 40 40 40 40 40 40 40 40 40 40 30 30 30 30 30 30 30 30 80 80 90 80 80 80 80 80 80 80 80 80 80 80 80 80 80 80 80 80 80 80 80 80 90 80 80 80 80 80 80 80 80 80 80 80 80 90 90 90 90 90 30 30 30 30 30 30
40 40 40 40 40 40 40 40 40 40 40 40 40 40 40 40 40 40 40 40 40 40 40 40 40 40 40 40 40 40 40 40 40 40 40 40 40 40 40 40 40 40 40 40 10 10 10 50 10 30 40 40 50 30 40 40 40 40 40 40 40 40 40 40 40 40 40 40 40 40 40 40 40 40 40 40 40 40 40 40 40 40 40 40 40 40 40 40 40 40 40 40 40 40 40 40 40 40 40 40 40 40 40 40 40 40 40 40 40 40 40 40 40 40 40 40 40 40 40 40 40 40 40 40 40 40 40 40 40 40 40 40 40 40 40 40 40 40 40 40 10 10 10 30 30 30 30 30 40 40 40 40 40 40 40 40 40 40 40 40 40 40 40 40 40 40 40 40 40 40 40 40 40 40 40 40 40 40 40 40 40 40 40 40 40 30 30 30 30 30 30 30 30 30 30 40 30 40 40 40 40 40 40 40 40 40 40 40 40 40 40 40 40 40 40 40 40 40 30 30 30 30 30 30 30 30 30 30 30 30 30 30 30 30 30 30 30 30 30 30 30 30 30 30 30 30 30 40 40 40 40 40 40 40 40 40 40 40 40 40 40 40 40 40 40 40 40 40 40 40 40 40 40 40 40 40 40 40 40 40 40 40 40 40 40 40 40 40 40 40 40 40 40 40 40 40 40 40 40 30 30 30 30 40 40 40 40 40 40 40 40 40 40 40 40 40 40 40 40 40 40 40 40 40 40 40 40 40 40 40 40 40 40 40 40 40 40 40 40 40 40 40 40 40 30 30 30 30 30 30 30 30 80 90 80 80 80 80 80 80 80 80 80 80 80 80 80 80 80 80 80 80 80 80 80 80 80 80 80 80 80 80 80 80 80 80 80 90 30 90 90 90 90 90 30 30 30 30 40 40
40 40 40 40 40 40 40 40 40 40 40 40 40 40 40 40 40 40 40 40 40 40 40 40 40 40 40 40 40 40 40 40 40 40 40 40 40 40 40 40 40 40 40 40 30 10 10 10 10 30 40 40 30 40 40 40 40 40 40 40 40 40 40 40 40 40 40 40 40 40 40 40 40 40 40 40 40 40 40 40 40 40 40 40 40 40 40 40 40 40 40 40 40 40 40 40 40 40 40 40 40 40 40 40 40 40 40 40 40 40 40 40 40 40 40 40 40 40 40 40 40 40 40 40 40 40 40 40 40 40 40 40 40 40 40 40 40 40 40 40 30 30 30 30 30 30 30 30 30 40 40 40 40 40 40 40 40 40 40 40 40 40 40 40 40 40 40 40 40 40 40 40 40 40 40 40 40 40 40 40 40 40 40 40 40 30 30 30 30 30 30 30 30 30 30 30 30 40 40 40 40 40 40 40 40 40 40 40 40 40 40 40 30 30 30 30 30 30 30 30 30 30 30 30 30 30 30 30 30 30 30 30 30 30 30 30 30 30 30 30 30 30 30 30 30 30 40 40 40 40 40 40 40 40 40 40 40 40 40 40 40 40 40 40 40 40 40 40 40 40 40 40 40 40 40 40 40 40 40 40 40 40 40 40 40 40 40 40 40 40 40 40 40 40 40 40 40 40 40 40 30 30 30 30 30 40 40 40 40 40 40 40 40 40 40 40 40 40 40 40 40 40 40 40 40 40 40 40 40 40 40 40 40 40 40 40 40 40 40 40 40 40 40 30 30 30 30 30 30 30 30 30 80 80 90 80 80 80 80 80 80 80 80 80 80 80 80 80 80 80 80 80 80 80 80 80 80 80 80 80 80 80 80 80 80 80 60 80 90 90 90 90 90 90 30 30 30 40 40 40
40 40 40 40 40 40 40 40 40 40 40 40 40 40 40 40 40 40 40 40 40 40 40 40 40 40 40 40 30 40 40 40 40 40 40 40 40 40 40 40 40 40 40 40 90 30 10 10 10 30 40 40 40 30 30 40 40 40 40 40 40 40 40 40 40 40 40 40 40 40 40 40 40 40 40 40 40 40 40 40 40 40 40 40 40 40 40 40 40 40 40 40 40 40 40 40 40 40 40 40 40 40 40 40 40 40 40 40 40 40 40 40 40 40 40 40 40 40 40 40 40 40 40 40 40 40 40 40 40 40 40 40 40 40 40 40 40 40 40 40 40 30 30 30 30 30 30 30 30 30 40 40 40 40 40 40 40 40 40 40 40 40 40 40 40 40 40 40 40 40 40 40 40 40 40 40 40 40 40 40 40 40 40 40 40 40 30 30 30 30 30 30 30 30 30 30 30 40 40 40 40 40 40 40 40 30 30 30 30 30 30 30 30 30 30 30 30 30 30 30 30 30 30 30 30 30 30 30 30 30 30 40 30 30 30 30 30 30 30 30 30 30 30 30 30 40 40 40 40 40 40 40 40 40 40 40 40 40 40 40 40 40 40 40 40 40 40 40 40 40 40 40 40 40 40 40 40 40 40 40 40 40 40 40 40 40 40 40 40 40 40 40 40 40 40 40 40 40 40 40 40 30 30 90 90 30 30 40 40 40 40 40 40 40 40 40 40 40 40 40 40 40 40 40 40 40 40 40 40 40 40 40 40 40 40 40 40 40 40 40 40 40 30 30 30 30 30 30 30 30 30 30 80 80 90 80 80 80 80 80 80 80 80 80 80 80 80 80 80 90 80 80 80 80 80 80 80 80 80 80 80 80 80 80 80 80 80 90 90 90 90 90 90 90 90 30 30 40 40 40
40 40 40 40 40 40 40 40 40 40 40 40 40 40 40 40 40 40 40 40 40 40 40 40 40 40 40 40 40 40 40 40 40 40 40 40 40 40 40 40 40 40 40 40 10 30 10 10 10 10 30 40 40 50 30 40 40 40 40 40 40 40 40 40 40 40 40 40 40 40 40 40 40 40 40 40 40 40 40 40 40 40 40 40 40 40 40 40 40 40 40 40 40 40 40 40 40 40 40 40 40 40 40 40 40 40 40 40 40 40 40 40 40 40 40 40 40 40 40 40 40 40 40 40 40 40 40 40 40 40 40 40 40 40 40 40 40 40 40 40 40 40 30 30 10 30 30 30 30 30 40 40 40 40 40 40 40 40 40 40 40 40 40 40 40 40 40 40 40 40 40 40 40 40 40 40 40 40 40 40 40 40 40 40 40 40 40 30 30 30 30 30 30 30 30 30 30 40 40 40 30 40 30 30 30 30 30 30 30 30 30 30 30 30 30 30 30 30 30 30 30 30 30 30 30 30 30 30 30 30 40 40 30 30 30 30 30 30 30 30 30 30 30 30 30 40 40 40 40 40 40 40 40 40 40 40 40 40 40 40 40 40 40 40 40 40 40 40 40 40 40 40 40 40 40 40 40 40 40 40 40 40 40 40 40 40 40 40 40 40 40 40 40 40 40 40 40 40 40 40 40 30 30 90 90 90 90 90 30 30 30 30 40 40 40 40 40 40 40 40 40 40 40 40 40 40 40 40 40 40 40 40 40 40 40 40 40 40 40 40 40 40 30 30 30 30 30 30 30 30 30 30 90 80 90 90 80 80 80 80 80 80 80 80 80 80 90 90 90 80 80 80 80 80 80 80 80 80 80 80 80 80 80 80 80 80 60 80 90 90 30 90 90 90 30 30 30 30 40 40
40 40 40 40 40 40 40 40 40 40 40 40 40 40 40 40 40 40 40 40 40 40 40 40 40 40 40 40 30 40 40 40 40 40 40 40 40 30 40 40 40 40 40 40 90 10 10 10 10 10 30 40 40 40 30 40 40 40 40 40 40 40 40 40 40 40 40 40 40 40 40 40 40 40 40 40 40 40 40 40 40 40 40 40 40 40 40 40 40 40 40 40 40 40 40 30 30 40 40 10 10 30 30 40 40 10 40 40 40 40 40 40 40 40 40 30 30 30 30 30 30 30 30 30 30 30 30 30 30 30 30 30 30 30 30 30 30 30 30 30 30 30 30 30 10 10 30 30 30 30 30 30 40 40 40 40 40 40 40 40 40 40 40 40 40 40 40 40 40 40 40 40 40 40 40 40 40 40 40 40 40 40 40 40 40 40 40 40 40 40 40 40 40 40 40 40 40 30 30 30 30 30 10 30 10 30 30 30 30 30 30 30 30 30 30 30 30 30 30 30 30 30 30 30 30 30 30 30 30 30 30 30 30 30 30 30 30 30 30 30 30 30 30 30 40 40 40 40 40 40 40 40 40 40 40 40 40 40 40 40 40 40 40 40 40 40 40 40 40 40 40 40 40 40 40 40 40 40 40 40 40 40 40 40 40 40 40 40 40 40 40 40 40 40 40 40 40 40 40 40 30 30 90 90 30 90 90 90 90 90 90 90 90 30 30 40 40 40 40 40 40 40 40 40 40 40 40 40 40 40 40 40 40 40 40 40 40 40 40 40 40 30 30 30 30 30 30 30 30 30 30 30 30 80 80 80 80 80 80 80 80 80 80 80 80 90 80 80 80 80 80 80 80 80 80 80 80 80 80 80 80 80 80 80 80 80 60 80 90 80 30 90 30 30 30 30 30 30 40 40
40 40 40 40 40 30 30 40 30 30 40 40 40 40 30 30 40 40 40 40 40 40 40 40 30 30 30 30 30 40 40 40 40 30 30 30 30 30 40 30 30 30 30 30 30 30 10 10 10 30 30 40 40 40 50 30 40 40 40 40 40 40 40 40 40 40 40 40 40 40 40 40 40 40 40 40 40 40 40 40 40 40 40 40 40 40 40 40 40 40 40 40 40 40 40 40 40 40 40 40 40 40 40 40 40 40 40 40 40 40 40 40 40 40 40 40 40 40 40 40 40 30 40 40 40 40 40 40 40 40 40 40 40 40 40 40 40 40 30 30 30 40 40 30 30 10 30 30 30 30 30 30 40 40 40 40 40 40 40 40 40 40 40 40 40 40 40 40 40 40 40 40 40 40 40 40 40 40 40 40 40 40 40 40 40 40 40 40 40 40 40 40 40 40 40 40 40 30 30 30 30 30 50 50 50 10 30 30 30 30 30 30 30 30 30 30 30 30 30 30 30 30 30 30 30 30 30 30 30 30 30 30 30 30 30 30 30 30 30 30 30 30 30 30 40 40 40 40 40 40 40 40 40 40 40 40 40 40 40 40 40 40 40 40 40 40 40 40 40 40 40 40 40 40 40 40 40 40 30 40 40 40 40 40 40 40 40 40 40 40 40 40 40 40 40 40 40 40 40 40 30 30 90 90 30 90 30 90 90 90 80 80 90 30 30 30 40 40 40 40 40 40 40 40 40 40 40 40 40 40 40 40 40 40 40 40 40 40 40 40 30 30 30 30 30 30 30 30 30 30 30 30 30 90 90 80 80 80 80 80 80 80 80 90 80 80 80 80 80 80 80 80 80 80 80 80 80 80 80 80 80 80 80 80 80 90 90 90 90 80 30 90 30 30 90 90 30 30 90 40
40 40 40 30 30 30 40 40 40 40 40 40 40 40 40 40 40 40 40 40 40 40 40 40 40 40 40 40 40 40 40 40 40 40 40 40 40 40 40 40 40 40 40 40 40 40 10 30 30 30 30 30 40 40 40 30 40 40 40 40 40 40 40 40 40 40 40 40 40 40 40 40 40 40 40 40 40 40 40 40 40 40 40 40 40 40 40 40 40 40 40 40 40 40 40 40 40 40 40 40 40 40 40 40 40 40 40 40 40 40 40 40 40 40 40 40 40 40 40 40 40 40 40 40 40 40 40 40 40 40 40 40 40 40 40 40 40 40 40 40 40 40 40 40 30 30 10 30 30 30 30 30 30 40 40 40 40 40 40 40 40 40 40 40 40 40 40 40 40 40 40 40 40 40 40 40 40 40 40 40 40 40 40 40 40 40 40 40 40 40 40 40 40 40 40 40 40 30 30 30 30 30 30 10 50 30 30 30 30 30 30 30 30 30 30 30 30 30 30 30 30 30 30 30 30 30 40 40 30 30 30 30 30 30 30 30 30 30 30 30 30 30 30 40 40 40 40 40 40 40 40 40 40 40 40 40 40 40 40 40 40 40 40 40 40 40 40 40 40 40 40 40 40 40 40 40 40 40 40 40 40 40 40 40 40 40 40 40 40 40 40 40 40 40 40 40 40 40 40 30 30 30 90 90 90 90 90 80 90 80 80 80 90 30 30 30 30 30 40 40 40 40 40 40 40 40 40 40 40 40 40 40 40 40 40 40 40 40 40 30 30 30 30 90 30 30 50 30 10 10 30 30 90 80 80 80 80 80 80 80 90 90 80 80 80 80 80 80 80 80 80 80 80 80 80 80 80 80 80 80 80 80 80 80 80 80 90 90 90 80 30 30 90 90 90 30 90 90 30 30
40 40 40 40 30 30 40 40 40 40 40 40 40 40 40 40 40 40 40 40 40 40 40 40 40 40 40 40 40 40 40 40 40 40 40 40 40 40 40 40 40 40 40 40 40 40 30 30 30 30 30 30 40 40 40 50 30 40 40 40 40 40 40 40 40 40 40 40 40 40 40 40 40 40 40 40 40 40 40 40 40 40 40 40 40 40 40 40 40 40 40 40 40 40 40 40 40 40 40 40 40 40 40 40 40 40 40 40 40 40 40 40 40 40 40 40 40 40 40 40 40 40 40 40 40 40 40 40 40 40 40 40 40 40 40 40 40 40 40 40 40 40 40 40 40 30 10 10 30 30 30 30 30 30 40 40 40 40 40 40 40 40 40 40 40 40 40 40 40 40 40 40 40 40 40 40 40 40 40 40 40 40 40 40 40 40 40 40 40 40 40 40 40 40 40 40 40 30 30 30 30 30 30 50 10 30 30 30 30 30 30 30 30 30 30 30 30 30 30 30 30 30 30 30 30 30 30 30 30 30 30 30 30 30 30 30 30 30 30 30 30 30 40 40 40 40 40 40 40 40 40 40 40 40 40 40 40 40 40 40 40 40 40 40 40 40 40 40 40 40 40 40 40 40 40 40 40 40 40 40 40 30 40 40 40 40 40 40 40 40 40 40 40 40 40 40 40 40 40 30 30 30 30 90 90 90 80 80 80 80 80 80 90 30 30 30 30 30 30 40 40 40 40 40 40 40 40 40 40 40 40 40 40 40 40 40 40 30 30 90 10 90 90 90 90 90 80 90 90 90 30 30 90 80 80 80 80 80 80 90 90 90 80 80 80 80 80 80 80 80 80 80 80 80 80 80 80 80 80 80 80 80 80 80 80 80 80 80 80 90 30 90 80 80 90 90 90 90 90 90
40 40 40 40 30 30 30 40 40 40 40 40 40 40 40 40 40 40 40 40 40 40 40 40 40 40 40 40 40 40 40 40 40 40 40 40 40 40 40 40 40 40 40 40 40 40 30 30 30 30 30 30 40 40 40 50 30 40 40 40 40 40 40 40 40 40 40 40 40 40 40 40 40 40 40 40 40 40 40 40 40 40 40 40 40 40 40 40 40 40 40 40 40 40 40 40 40 40 40 40 40 40 40 40 40 40 40 40 40 40 40 40 40 40 40 40 40 40 40 40 40 40 40 40 40 40 40 40 40 40 40 40 40 40 40 40 40 40 40 40 40 40 40 40 40 40 30 10 10 30 30 30 30 30 40 40 40 40 40 40 40 40 40 40 40 40 40 40 40 40 40 40 40 40 40 40 40 40 40 40 40 40 40 40 40 40 40 40 40 40 40 40 40 40 40 40 40 30 30 30 30 30 30 30 10 30 30 30 30 30 30 30 30 30 30 30 30 30 30 30 30 30 30 30 30 30 30 30 30 30 30 30 30 30 30 30 30 30 30 30 30 30 40 40 40 40 40 40 40 40 40 40 40 40 40 40 40 40 40 40 40 40 40 40 40 40 40 40 40 40 40 40 40 40 40 40 40 40 40 40 40 40 40 40 40 40 40 40 40 40 40 40 40 40 40 40 40 40 40 30 30 90 30 90 90 80 80 80 80 80 80 80 90 90 30 30 30 30 30 30 30 40 40 40 40 40 40 40 40 40 40 40 40 40 40 40 30 30 10 90 90 90 90 80 80 80 80 90 90 90 30 90 10 80 80 80 90 80 80 80 80 80 80 80 80 80 80 80 80 80 80 80 80 80 80 80 80 80 80 80 80 80 80 80 80 80 80 80 80 80 80 80 80 80 80 90 90 90 90 90
40 40 40 40 30 30 30 40 40 40 40 40 40 40 40 40 40 40 40 40 40 40 40 40 40 40 40 40 40 40 40 40 40 40 40 40 40 40 40 40 40 40 40 40 40 40 30 30 30 30 30 30 40 40 40 40 30 40 40 40 40 40 40 40 40 40 40 40 40 40 40 40 40 40 40 40 40 40 40 40 40 40 40 40 40 40 40 40 40 40 40 40 40 40 40 40 40 40 40 40 40 40 40 40 40 40 40 40 40 40 40 40 40 40 40 40 40 40 40 40 40 40 40 40 40 40 40 40 40 40 40 40 40 40 40 40 40 40 40 40 40 40 40 40 40 40 30 30 10 30 30 30 30 30 30 40 40 40 40 40 40 40 40 40 40 40 40 40 40 40 40 40 40 40 40 40 40 40 40 40 40 40 40 40 40 40 40 40 40 40 40 40 40 40 40 40 40 30 30 30 30 30 30 30 10 50 30 10 30 30 30 30 30 30 30 30 30 30 30 30 30 30 30 30 30 30 30 30 30 30 30 30 30 30 30 30 30 30 30 30 30 40 40 40 40 40 40 40 40 40 40 40 40 40 40 40 40 40 40 40 40 40 40 40 40 40 40 40 40 40 40 40 40 40 40 40 40 40 40 40 40 40 40 40 30 40 40 40 40 40 40 40 40 40 40 40 40 40 40 30 30 90 30 90 90 90 80 80 80 80 80 80 80 90 90 30 90 30 30 30 30 30 30 40 40 40 40 40 40 40 40 40 40 30 30 90 90 90 90 80 80 80 80 80 80 80 80 80 80 80 50 90 30 80 60 60 80 80 80 80 80 80 80 80 80 80 80 80 80 80 80 80 80 80 80 80 80 80 80 80 80 80 80 80 80 90 90 80 80 80 80 80 80 80 80 90 90 90 90 90
40 40 40 40 40 30 30 40 40 40 40 40 40 40 40 40 40 40 40 40 40 40 40 40 40 40 40 40 40 40 40 40 40 40 40 40 40 40 40 40 40 40 40 40 40 40 30 30 30 30 30 30 30 40 40 30 50 30 30 30 30 30 30 30 30 30 30 40 40 40 40 40 40 40 30 40 40 40 40 40 40 40 40 40 40 40 40 40 40 40 40 40 40 40 40 40 40 40 40 40 40 40 40 40 40 40 40 40 40 40 40 40 40 40 40 40 40 40 40 40 40 40 40 40 40 40 40 40 40 40 40 40 40 40 40 40 40 40 40 40 40 40 40 40 40 40 40 30 10 10 30 30 30 30 30 30 40 40 40 40 40 40 40 40 40 40 40 40 40 40 40 40 40 40 40 40 40 40 40 40 40 40 40 40 40 40 40 40 40 40 40 40 40 40 40 40 40 30 30 30 30 30 30 30 30 50 50 10 30 30 30 30 30 30 30 30 30 30 30 30 30 30 30 30 30 30 30 30 30 30 30 30 30 30 30 30 30 30 30 30 40 40 40 40 40 40 40 40 40 40 40 40 40 40 40 40 40 40 40 40 40 40 40 40 40 40 40 40 40 40 40 40 40 40 40 40 40 40 40 40 40 40 40 40 40 40 40 40 40 40 40 40 40 40 40 40 40 40 40 40 30 90 90 90 90 90 90 90 80 80 80 80 80 90 90 90 90 90 30 30 30 30 30 30 30 30 30 30 30 30 30 30 30 90 90 90 90 90 90 80 80 80 80 80 80 80 80 90 80 80 30 90 30 60 60 80 80 80 80 80 80 80 80 80 80 80 80 80 80 80 80 80 80 80 80 80 80 80 80 80 80 80 80 80 90 80 80 80 80 80 30 80 80 80 90 90 90 90 30 30
40 40 40 40 40 30 30 30 40 40 40 40 40 40 40 40 40 40 40 40 40 40 40 40 40 40 40 40 40 40 40 40 40 40 40 40 40 40 40 40 40 40 40 40 40 40 40 30 30 50 30 40 40 40 40 30 30 30 30 40 40 40 40 40 40 40 40 40 40 40 40 40 40 40 40 40 40 40 40 40 40 40 40 40 40 40 40 40 40 40 40 40 40 40 40 40 40 40 40 40 40 40 40 40 40 40 40 40 40 40 40 40 40 40 40 40 40 40 40 40 40 40 40 40 40 40 40 40 40 40 40 40 40 40 40 40 40 40 40 40 40 40 40 40 40 40 40 40 30 30 10 30 30 30 30 30 30 40 40 40 40 40 40 40 40 40 40 40 40 40 40 40 40 40 40 40 40 40 40 40 40 40 40 40 40 40 40 40 40 40 40 40 40 40 40 40 40 30 30 30 30 30 30 30 30 10 10 30 30 30 30 30 30 30 30 30 30 30 30 30 30 30 30 30 30 30 30 30 30 30 30 30 30 30 30 30 30 30 30 30 40 40 40 40 40 40 40 40 40 40 40 40 40 40 40 40 40 40 40 40 40 40 40 40 40 40 40 40 40 40 40 40 40 40 40 40 40 40 40 40 40 40 40 40 40 40 40 40 40 40 40 40 40 40 40 40 40 40 40 40 30 30 30 30 30 90 90 90 90 90 80 80 80 80 80 90 90 90 90 90 30 30 90 30 30 90 30 30 90 30 30 30 90 90 90 90 10 90 80 80 80 80 80 80 80 80 80 80 80 90 30 90 80 80 80 80 80 80 80 80 80 80 80 80 80 80 80 80 80 80 80 80 80 80 80 80 80 80 80 80 80 80 80 90 80 80 80 80 80 80 30 80 80 80 90 30 30 30 30 30
40 40 40 40 40 40 30 30 40 40 40 40 40 40 40 40 40 40 40 40 40 40 40 40 40 40 40 40 40 40 40 40 40 40 40 40 40 40 40 40 40 40 40 40 40 40 40 30 30 30 30 40 40 40 40 40 30 50 30 40 40 40 40 40 40 40 40 40 40 40 40 40 40 40 40 40 40 40 40 40 40 40 40 40 40 40 40 40 40 40 40 40 40 40 40 40 40 40 40 40 40 40 40 40 40 40 40 40 40 40 40 40 40 40 40 40 40 40 40 40 40 40 40 40 40 40 40 40 40 40 40 40 40 40 40 40 40 40 40 40 40 40 40 40 40 40 40 40 40 30 30 10 30 30 30 30 30 40 40 40 40 40 40 40 40 40 40 40 40 40 40 40 40 40 40 40 40 40 40 40 40 40 40 40 40 40 40 40 40 40 40 40 40 40 40 40 40 30 30 30 30 30 30 30 30 10 50 30 30 30 30 30 30 30 30 30 30 30 30 30 30 30 30 30 30 30 30 30 30 30 30 30 30 30 30 30 30 30 30 40 40 40 40 40 40 40 40 40 40 40 40 40 40 40 40 40 40 40 40 40 40 40 40 40 40 40 40 40 40 40 40 40 40 40 40 40 40 40 40 40 40 40 40 40 40 40 40 40 30 40 40 40 40 40 40 40 40 40 40 40 30 30 30 30 30 30 30 90 90 90 90 80 80 80 80 80 90 90 90 90 90 90 90 30 90 30 30 30 30 30 90 90 90 90 90 90 90 90 80 80 80 80 80 80 80 80 80 80 80 80 50 30 80 80 80 80 80 80 80 80 80 80 80 80 80 80 80 80 80 80 80 80 80 80 80 80 80 80 80 80 80 80 80 80 80 80 80 80 80 80 90 90 90 90 30 30 30 30 40 40
40 40 40 40 40 40 30 30 40 40 40 40 40 40 40 40 40 40 40 40 40 40 40 40 40 40 40 40 40 40 40 40 40 40 40 40 40 40 40 40 40 40 40 40 40 40 40 30 30 30 30 40 40 40 40 40 30 30 30 40 40 40 40 40 40 40 40 40 40 40 40 40 40 40 40 40 40 40 40 40 40 40 40 40 40 40 40 40 40 40 40 40 40 40 40 40 40 40 40 40 40 40 40 40 40 40 40 40 40 40 40 40 40 40 40 40 40 40 40 40 40 40 40 40 40 40 40 40 40 40 40 40 40 40 40 40 40 40 40 40 40 40 40 40 40 40 40 40 40 40 30 10 10 30 30 30 30 30 40 40 40 40 40 30 40 40 40 40 40 40 40 40 40 40 40 40 40 40 40 40 40 40 40 40 40 40 40 40 40 40 40 40 40 40 40 40 40 40 30 30 30 30 30 30 30 30 30 30 10 30 30 30 30 30 30 30 30 30 30 30 30 30 30 30 30 30 30 30 30 30 40 30 30 30 30 30 30 30 40 40 40 40 40 40 40 40 40 40 40 40 40 40 40 40 40 40 40 40 40 40 40 40 40 40 40 40 40 40 40 40 40 40 40 40 40 40 40 40 40 40 40 40 40 40 40 40 40 40 40 40 30 40 40 40 40 40 40 40 40 30 30 30 30 30 30 30 30 30 90 90 90 80 80 80 80 80 80 80 80 90 80 80 80 80 80 80 80 80 80 80 80 80 80 90 90 10 90 80 80 80 80 80 80 80 80 80 80 80 80 80 80 80 80 80 90 90 80 80 80 80 80 80 80 80 80 80 80 80 80 80 80 80 80 80 80 80 80 80 80 80 80 80 80 80 80 80 80 80 80 90 90 90 30 30 30 30 40 40 40 40
40 40 40 40 40 40 40 30 30 40 40 40 40 40 40 40 40 40 40 40 40 40 40 40 40 40 40 40 40 40 40 40 40 40 40 40 40 40 40 40 40 40 40 40 40 40 40 30 30 30 10 10 40 40 40 30 30 30 50 30 40 40 40 40 40 40 40 40 40 40 40 40 40 40 40 40 40 40 40 40 40 40 40 40 40 40 40 40 40 40 40 40 40 40 40 40 40 40 40 40 40 40 40 40 40 40 40 40 40 40 40 40 40 40 40 40 40 40 40 40 40 40 40 40 40 40 40 40 40 40 40 40 40 40 40 40 40 40 40 40 40 40 40 40 40 40 40 40 40 40 30 10 10 30 30 30 30 30 30 40 40 40 40 30 40 40 40 40 40 40 40 40 40 40 40 40 40 40 40 40 40 40 40 40 40 40 40 40 40 40 40 40 40 40 40 40 40 40 30 30 30 30 30 30 30 30 30 30 30 30 30 30 30 30 30 30 30 30 30 30 30 30 30 30 30 30 30 30 30 40 30 30 30 30 30 30 30 30 30 40 40 40 40 40 40 40 40 40 40 40 40 40 40 40 40 40 40 40 40 40 40 40 40 40 40 40 40 40 40 40 40 40 40 40 40 40 40 40 40 40 40 40 40 40 40 40 40 40 40 40 30 40 40 40 40 40 40 40 40 30 30 30 30 30 30 30 30 30 30 30 90 90 80 30 80 80 80 80 80 80 80 80 80 80 80 80 80 80 80 80 80 80 80 90 90 10 90 80 80 80 80 80 80 80 80 80 80 80 80 80 80 80 80 80 80 90 80 80 80 80 80 80 80 80 80 80 80 80 80 80 80 80 80 80 80 80 80 80 80 80 80 80 80 80 80 80 80 80 80 90 90 90 30 30 40 40 40 40 40 40
40 40 40 40 40 40 40 30 30 40 40 40 40 40 40 40 40 40 40 40 40 40 40 40 40 40 40 40 40 40 40 40 40 40 40 40 40 40 40 40 40 40 40 40 40 40 40 30 30 30 10 10 40 40 40 30 30 30 50 30 40 40 40 40 40 40 40 40 40 40 40 40 40 40 40 40 40 40 40 40 40 40 40 40 40 40 40 40 40 40 40 40 40 40 40 40 40 40 40 40 40 40 40 40 40 40 40 40 40 40 40 40 40 40 40 40 40 40 40 40 40 40 40 40 40 40 40 40 40 40 40 40 40 40 40 40 40 40 40 40 40 40 40 40 40 40 40 40 40 40 40 30 30 10 30 30 30 30 30 30 40 40 30 30 40 40 40 40 30 40 40 40 40 40 40 40 40 40 40 40 40 40 40 40 40 40 40 40 40 40 40 40 40 40 40 40 40 40 30 30 30 30 30 30 30 30 30 30 30 30 30 30 30 30 30 30 30 30 30 30 30 30 30 30 30 30 30 30 30 30 30 30 30 30 30 30 30 40 40 30 40 40 40 40 40 40 40 40 40 40 40 40 40 40 40 40 40 40 40 40 40 40 40 40 40 40 40 40 40 40 40 40 40 40 40 40 40 40 40 40 40 40 40 40 40 40 40 40 40 30 40 40 40 40 40 40 40 40 30 30 30 30 30 30 30 30 30 30 30 30 30 30 90 90 80 80 80 80 80 80 80 80 80 80 80 80 80 80 80 80 80 80 90 90 90 90 90 80 80 80 80 80 80 80 80 80 80 80 80 80 80 80 80 80 80 90 80 80 80 80 80 80 80 80 80 80 80 80 80 80 80 80 80 80 80 80 80 80 80 90 80 80 80 80 80 80 80 80 80 30 90 30 30 40 40 40 40 40 40 40
40 40 40 40 40 40 40 30 30 30 40 40 40 40 40 40 40 40 40 40 40 40 40 40 40 40 40 40 40 40 40 40 40 40 40 40 40 40 40 40 40 40 40 40 40 40 40 40 30 30 10 10 40 40 40 30 30 30 30 50 40 40 40 40 40 40 40 40 40 40 40 40 40 40 40 40 40 40 40 40 40 40 40 40 40 40 40 40 40 40 40 40 40 40 40 40 40 40 40 40 40 40 40 40 40 40 40 40 40 40 40 40 40 40 40 40 40 40 40 40 40 40 40 40 40 40 40 40 40 40 40 40 40 40 40 40 40 40 40 40 40 40 40 40 40 40 40 40 40 40 40 40 30 10 10 30 30 30 30 30 30 30 40 30 40 40 30 30 30 40 40 40 40 40 40 40 40 40 40 40 40 40 40 40 40 40 40 40 40 40 40 40 40 40 40 40 40 40 30 30 30 30 30 30 30 30 30 30 30 30 30 30 30 30 30 30 30 30 30 30 30 30 30 30 30 30 30 30 40 40 30 30 30 30 30 30 40 40 40 40 30 40 40 40 40 40 40 40 40 40 40 40 40 40 40 40 40 40 40 40 40 40 40 40 40 40 40 40 40 40 40 40 40 40 40 40 40 40 40 40 40 40 40 40 40 40 40 40 30 40 40 40 40 40 40 40 40 30 30 30 30 30 30 30 30 30 30 30 30 30 30 30 30 30 90 80 80 80 80 90 90 90 90 90 90 90 30 90 80 80 80 80 80 90 10 90 90 80 80 80 80 80 80 80 80 80 80 80 80 80 80 30 80 80 80 90 80 80 80 80 80 80 80 80 80 80 80 80 80 80 80 80 80 80 80 80 80 80 80 80 80 80 80 90 80 80 80 80 90 30 30 30 40 40 40 40 40 40 40 40
40 40 40 40 40 40 40 40 30 30 40 40 40 40 40 40 40 40 40 40 40 40 40 40 40 40 40 40 40 40 40 40 40 40 40 40 40 40 40 40 40 40 40 40 40 40 40 40 30 30 10 10 40 40 40 40 30 30 30 50 40 40 40 40 40 40 40 40 40 40 40 40 40 40 40 40 40 40 40 40 40 40 40 40 40 40 40 40 40 40 40 40 40 40 40 40 40 40 40 40 40 40 40 40 40 40 40 40 40 40 40 40 40 40 40 40 40 40 40 40 40 40 40 40 40 40 40 40 40 40 40 40 40 40 40 40 40 40 40 40 40 40 40 40 40 40 40 40 40 40 40 40 40 10 10 10 30 30 30 30 30 30 40 40 30 30 30 30 40 40 40 40 40 40 40 40 40 40 40 40 40 40 40 40 40 40 40 40 40 40 40 40 40 40 40 40 40 40 30 30 30 30 30 30 30 30 30 10 30 30 30 30 30 30 30 30 30 30 30 30 30 30 30 30 30 30 30 30 30 30 30 30 30 30 30 30 40 40 40 40 30 30 40 40 40 40 40 40 40 40 40 40 40 40 40 40 40 40 40 40 40 40 40 40 40 40 40 40 40 40 40 40 40 40 40 40 40 40 40 40 40 40 40 40 40 40 40 30 40 40 40 40 40 40 40 40 40 30 30 30 30 30 30 30 30 30 30 30 30 30 30 30 30 30 30 90 90 30 30 30 30 30 30 30 30 90 90 90 80 80 80 80 80 30 30 80 80 80 80 80 80 80 80 80 80 80 80 80 80 80 80 30 80 80 80 80 80 80 80 80 80 80 80 80 80 80 80 80 80 80 80 80 80 80 80 80 80 80 80 80 80 80 80 90 80 80 80 30 30 30 30 40 40 40 40 40 40 40 40 40
40 40 40 40 40 40 40 40 30 30 40 40 40 40 40 40 40 40 40 40 40 40 40 40 40 40 40 40 40 40 40 40 40 40 40 40 40 40 40 40 40 40 40 40 40 40 40 40 30 30 30 10 40 40 40 40 30 30 30 30 30 40 40 40 40 40 40 40 40 40 40 40 40 40 40 40 40 40 40 40 40 40 40 40 40 40 40 40 40 40 40 40 40 40 40 40 40 40 40 40 40 40 40 40 40 40 40 40 40 40 40 40 40 40 40 40 40 40 40 40 40 40 40 40 40 40 40 40 40 40 40 40 40 40 40 40 40 40 40 40 40 40 40 40 40 40 40 40 40 40 40 40 40 40 30 30 10 30 30 30 30 30 40 40 40 30 30 40 40 40 40 40 40 40 40 40 40 40 40 40 40 40 40 40 40 40 40 40 40 40 40 40 40 40 40 40 40 40 30 30 30 30 30 30 30 30 30 50 30 30 30 30 30 30 30 30 30 30 30 30 30 30 30 30 30 30 40 30 30 30 30 30 30 30 30 40 40 40 40 40 40 40 30 40 40 40 40 40 40 40 40 40 40 40 40 40 40 40 40 40 40 40 40 40 40 40 40 40 40 40 40 40 40 40 40 40 40 40 40 40 40 40 40 40 40 40 40 30 40 40 40 40 40 40 40 40 40 40 40 30 30 30 30 30 30 30 30 30 30 30 30 30 30 30 30 30 30 30 30 30 30 30 30 30 30 30 40 90 90 80 90 90 90 30 10 80 80 80 80 80 80 80 80 80 80 80 80 80 80 80 90 30 80 30 60 90 80 80 80 80 80 80 80 80 80 80 80 80 80 80 80 80 80 80 80 80 80 80 80 80 80 60 80 80 80 30 30 30 40 40 40 40 40 40 40 40 40 40 40 40
40 40 40 40 40 40 40 40 40 30 30 40 40 40 40 40 40 40 40 40 40 40 40 40 40 40 40 40 40 40 40 40 40 40 40 40 40 40 40 40 40 40 40 40 40 40 40 40 30 30 30 10 10 40 40 40 30 30 30 30 50 40 40 40 40 40 40 40 40 40 40 40 40 40 40 40 40 40 40 40 40 40 40 40 40 40 40 40 40 40 40 40 40 40 40 40 40 40 40 40 40 40 40 40 40 40 40 40 40 40 40 40 40 40 40 40 40 40 40 40 40 40 40 40 40 40 40 40 40 40 40 40 40 40 40 40 40 40 40 40 40 40 40 40 40 40 40 40 40 40 40 40 40 40 30 30 10 30 30 30 30 30 30 30 40 40 40 40 40 40 40 40 40 40 40 40 40 40 40 40 40 40 40 40 40 40 40 40 40 40 40 40 40 40 40 40 40 40 30 30 30 30 30 30 30 40 50 30 30 30 30 30 30 30 30 30 30 30 30 30 30 30 30 30 30 40 30 30 30 90 90 30 30 30 30 40 40 40 40 40 40 40 40 30 40 40 40 40 40 40 40 40 40 40 40 40 40 40 40 40 40 40 40 40 40 40 40 40 40 40 40 40 40 40 40 40 40 40 40 40 40 40 40 40 40 40 30 40 40 40 40 40 40 40 40 40 40 40 40 40 30 30 30 30 30 30 30 30 30 30 30 30 30 30 30 30 30 30 30 30 30 30 30 30 30 30 30 30 30 90 90 90 90 30 90 80 80 80 80 80 80 80 80 80 80 80 80 80 80 80 30 60 30 30 50 30 80 80 80 80 80 80 80 80 80 80 80 80 80 80 80 80 80 80 80 80 80 80 80 80 80 80 80 80 80 30 30 40 40 40 40 40 40 40 40 40 40 40 40 40
40 40 40 40 40 40 40 40 40 30 30 40 40 40 40 40 40 40 40 40 40 40 40 40 40 40 40 40 40 40 40 40 40 40 40 40 40 40 40 40 40 40 40 40 40 40 40 40 30 30 30 10 10 40 40 40 40 30 30 30 30 30 40 40 40 40 40 40 40 40 40 40 40 40 40 40 40 40 40 40 40 40 40 40 40 40 40 40 40 40 40 40 40 40 40 40 40 40 40 40 40 40 40 40 40 40 40 40 40 40 40 40 40 40 40 40 40 40 40 40 40 40 40 40 40 40 40 40 40 40 40 40 40 40 40 40 40 40 40 40 40 40 40 40 40 40 40 40 40 40 40 40 40 40 40 30 30 10 30 30 30 30 30 30 40 40 40 40 40 40 40 40 40 40 40 40 40 40 40 40 40 40 40 40 40 40 40 40 40 40 40 40 40 40 40 40 40 40 30 30 30 30 30 30 40 30 30 30 30 30 30 30 30 30 30 40 30 30 30 30 30 30 30 30 30 30 30 30 30 80 80 30 30 30 30 40 40 40 40 40 40 40 40 40 30 40 40 40 40 40 40 40 40 40 40 40 40 40 40 40 40 40 40 40 40 40 40 40 40 40 40 40 40 40 40 40 40 40 40 40 40 40 40 40 40 30 40 40 40 40 40 40 40 40 40 40 40 40 40 40 40 40 30 30 30 30 30 30 30 30 30 30 30 90 30 30 30 30 30 30 30 30 30 30 30 30 30 30 30 30 30 30 90 10 90 90 80 80 80 80 80 80 80 80 80 80 80 80 80 80 90 30 30 30 30 30 30 80 80 80 80 80 80 80 80 80 80 80 80 80 80 80 80 80 80 80 80 80 80 80 80 80 90 30 30 30 40 40 40 40 40 40 40 40 40 40 40 40 40 40
40 40 40 40 40 40 40 40 40 30 30 30 40 40 40 40 40 40 40 40 40 40 40 40 40 40 40 40 40 40 40 40 40 40 40 40 40 40 40 40 40 40 40 40 40 40 40 40 30 30 30 10 10 40 40 40 40 30 30 30 30 50 40 40 40 40 40 40 40 40 40 40 40 40 40 40 40 40 40 40 40 40 40 40 40 40 40 40 40 40 40 40 40 40 40 40 40 40 40 40 40 40 40 40 40 40 40 40 40 40 40 40 40 40 40 40 40 40 40 40 40 40 40 40 40 40 40 40 40 40 40 40 40 40 40 40 40 40 40 40 40 40 40 40 40 40 40 40 40 40 40 40 40 40 40 40 40 30 10 30 30 30 30 30 30 40 40 40 40 40 40 40 40 40 40 40 40 40 40 40 40 40 40 40 40 40 40 40 40 40 40 40 40 40 40 40 40 40 30 30 30 30 30 30 30 30 30 30 30 30 90 30 30 30 30 30 30 30 30 30 30 30 30 30 30 30 30 30 90 80 80 30 30 30 40 40 40 40 40 40 40 40 40 40 40 30 40 40 40 40 40 40 40 40 40 40 40 40 40 40 40 40 40 40 40 40 40 40 40 40 40 40 40 40 40 40 40 40 40 40 40 40 40 40 40 30 40 40 40 40 40 40 40 40 40 40 40 40 40 40 40 40 40 30 30 30 30 30 30 30 30 30 90 30 30 30 30 30 30 30 40 30 30 30 30 30 30 30 30 30 30 30 90 30 90 90 80 80 80 80 80 80 80 90 90 90 90 80 80 80 30 30 30 30 30 30 30 30 80 80 80 80 80 80 80 80 80 80 80 80 80 80 80 80 80 80 80 80 80 60 60 80 90 30 30 40 40 40 40 40 40 40 40 40 40 40 40 40 40 40
40 40 40 40 40 40 40 40 40 40 30 30 40 40 40 40 40 40 40 40 40 40 40 40 40 40 40 40 40 40 40 40 40 40 40 40 40 40 40 40 40 40 40 40 40 40 40 40 40 30 30 10 10 40 40 40 40 30 30 40 40 30 40 40 40 40 40 40 40 40 40 40 40 40 40 40 40 40 40 40 40 40 40 40 40 40 40 40 40 40 40 40 40 40 40 40 40 40 40 40 40 40 40 40 40 40 40 40 40 40 40 40 40 40 40 40 40 40 40 40 40 40 40 40 40 40 40 40 40 40 40 40 40 40 40 40 40 40 40 40 40 40 40 40 40 40 40 40 40 40 40 40 40 40 40 40 40 30 30 10 30 30 30 30 30 30 40 40 40 40 40 40 40 40 40 40 40 40 40 40 40 40 40 40 40 40 40 40 40 40 40 40 40 40 40 40 40 40 30 30 30 30 30 30 30 30 30 30 30 30 90 30 30 30 30 30 30 80 80 30 30 30 30 30 30 30 30 30 90 30 30 30 30 30 40 40 40 40 40 40 40 40 40 40 40 40 30 40 40 40 40 40 40 40 40 40 40 40 40 40 40 40 40 40 40 40 40 40 40 40 40 40 40 40 40 40 40 40 40 40 40 40 40 40 30 40 40 40 40 40 40 40 40 40 40 40 40 40 40 40 40 40 40 40 40 30 30 30 30 30 30 30 90 30 30 30 30 30 30 40 40 40 40 30 30 30 30 30 30 30 30 30 30 30 90 90 90 90 90 30 30 30 30 30 30 30 30 30 90 90 30 30 30 30 30 30 30 50 80 80 80 80 80 80 80 80 80 80 80 80 80 80 80 80 80 80 80 80 80 90 60 30 90 90 30 40 40 40 40 40 40 40 40 40 40 40 40 40 40 40
40 40 40 40 40 40 40 40 40 40 30 30 40 40 40 40 40 40 40 40 40 40 40 40 40 40 40 40 40 40 40 40 40 40 40 40 40 40 40 40 40 40 40 40 40 40 40 40 40 10 30 10 10 40 40 40 40 30 30 30 40 30 50 40 40 40 40 40 40 40 40 40 40 40 40 40 40 40 40 40 40 40 40 40 40 40 40 40 40 40 40 40 40 40 40 40 40 40 40 40 40 40 40 40 40 40 40 40 40 40 40 40 40 40 40 40 40 40 40 40 40 40 40 40 40 40 40 40 40 40 40 40 40 40 40 40 40 40 40 40 40 40 40 40 40 40 40 40 40 40 40 40 40 40 40 40 40 40 30 30 10 30 30 30 30 30 30 40 40 40 40 40 40 40 40 40 40 40 40 40 40 40 40 40 40 40 40 40 40 40 40 40 40 40 40 40 40 40 30 30 30 30 30 30 30 30 30 30 30 30 80 80 80 80 80 80 80 80 80 80 80 80 80 80 80 80 80 80 30 30 30 30 30 30 30 40 40 40 40 40 40 40 40 40 40 40 30 30 40 40 40 40 40 40 40 40 40 40 40 40 40 40 40 40 40 40 40 40 40 40 40 40 40 40 40 40 40 40 40 40 40 40 40 40 30 40 40 40 40 40 40 40 40 40 40 40 40 40 40 40 40 40 40 40 40 40 30 30 30 30 30 90 30 30 30 30 30 30 30 40 40 40 40 40 40 30 30 30 30 30 30 30 30 30 30 30 30 30 30 30 30 30 30 30 30 30 30 30 30 30 30 30 30 30 30 30 30 30 30 30 80 80 80 80 80 80 80 80 80 80 80 80 80 80 80 80 80 80 90 60 90 30 90 30 30 40 40 40 40 40 40 40 40 40 40 40 40 40 40 40
40 40 40 40 40 40 40 40 40 40 30 30 40 40 40 40 40 40 40 40 40 40 40 40 40 40 40 40 40 40 40 40 40 40 40 40 40 40 40 40 40 40 40 40 40 40 40 40 40 30 30 30 10 40 40 40 40 40 30 30 40 30 50 40 40 40 40 40 40 40 40 40 40 40 40 40 40 40 40 40 40 40 40 40 40 40 40 40 40 40 40 40 40 40 40 40 40 40 40 40 40 40 40 40 40 40 40 40 40 40 40 40 40 40 40 40 40 40 40 40 40 40 40 40 40 40 40 40 40 40 40 40 40 40 40 40 40 40 40 40 40 40 40 40 40 40 40 40 40 40 40 40 40 40 40 40 40 40 30 30 10 30 30 30 30 30 30 30 30 30 30 30 30 30 30 30 40 30 40 40 40 40 40 40 40 40 40 40 40 40 40 40 40 40 40 40 40 40 30 30 30 30 30 30 30 30 30 30 80 80 80 80 80 80 80 80 80 80 80 80 80 80 80 80 80 80 80 80 30 30 30 30 30 30 30 40 40 40 40 40 40 40 40 40 40 40 40 30 30 40 40 40 40 40 40 40 40 40 40 40 40 40 40 40 40 40 40 40 40 40 40 40 40 40 40 40 40 40 40 40 40 40 40 30 40 40 40 40 40 40 40 40 40 40 40 40 40 40 40 40 40 40 40 40 40 40 40 40 30 30 30 30 30 30 30 30 30 30 30 40 40 40 40 40 40 40 30 30 30 30 30 30 30 30 30 30 30 30 30 30 30 30 30 30 30 30 30 30 30 30 30 30 30 30 30 30 30 30 30 30 30 80 80 80 80 80 80 80 80 80 80 80 80 80 80 80 80 80 90 60 30 90 90 30 30 40 40 40 40 40 40 40 40 40 40 40 40 40 40 40
40 40 40 40 40 40 40 40 40 40 30 30 30 40 40 40 40 40 40 40 40 40 40 40 40 40 40 40 40 40 40 40 40 40 40 40 40 40 40 40 40 40 40 40 40 40 40 40 40 10 10 30 10 10 40 40 40 40 40 30 30 40 30 40 40 40 40 40 40 40 40 40 40 40 40 40 40 40 40 40 40 40 40 40 40 40 40 40 40 40 40 40 40 40 40 40 40 40 40 40 40 40 40 40 40 40 40 40 40 40 40 40 40 40 40 40 40 40 40 40 40 40 40 40 40 40 40 40 40 40 40 40 40 40 40 40 40 40 40 40 40 40 40 40 40 40 40 40 40 40 40 40 40 40 40 40 40 40 40 30 30 10 30 30 30 30 30 30 30 40 40 40 40 40 40 40 40 30 30 30 30 30 30 30 30 30 30 30 30 40 40 40 40 40 40 40 40 40 30 30 30 30 30 30 30 30 30 80 80 80 80 80 80 80 80 80 80 80 80 80 80 80 80 80 80 80 80 80 80 30 30 30 30 30 30 30 40 40 40 40 40 40 40 40 40 40 40 40 30 30 40 40 40 40 40 40 40 40 40 40 40 40 40 40 40 40 40 40 40 40 40 40 40 40 40 40 40 40 40 40 40 40 30 40 40 40 40 40 40 40 40 40 40 40 40 40 40 40 40 40 40 40 40 40 40 30 40 40 30 30 40 30 30 30 30 30 30 30 30 30 40 40 40 40 40 30 30 30 30 30 30 30 30 30 30 30 30 30 30 30 30 30 30 30 30 30 30 30 30 30 30 30 30 30 30 30 30 30 30 30 30 80 80 80 80 80 80 80 80 80 80 80 80 80 80 80 80 80 90 90 30 30 90 90 90 40 40 40 40 40 40 40 40 40 40 40 40 40 40 40
40 40 40 40 40 40 40 40 40 40 40 30 30 40 40 40 40 40 40 40 40 40 40 40 40 40 40 40 40 40 40 40 40 40 40 40 40 40 40 40 40 40 40 40 40 40 40 40 40 30 10 30 10 10 40 40 40 40 40 40 30 40 30 50 40 40 40 40 40 40 40 40 40 40 40 40 40 40 40 40 40 40 40 40 40 40 40 40 40 40 40 40 40 40 40 40 40 40 40 40 40 40 40 40 40 40 40 40 40 40 40 40 40 40 40 40 40 40 40 40 40 40 40 40 40 40 40 40 40 40 40 40 40 40 40 40 40 40 40 40 40 40 40 40 40 40 40 40 40 40 40 40 40 40 40 40 40 40 40 40 30 30 10 30 50 30 30 30 40 40 40 40 40 40 40 40 40 40 40 40 40 40 40 40 40 40 40 30 30 40 30 30 30 30 30 30 30 30 30 30 30 30 30 30 30 30 80 80 80 80 80 80 80 80 80 80 80 80 80 80 80 80 80 80 80 80 80 80 80 30 30 30 30 30 30 30 30 40 40 40 40 40 40 40 40 40 40 40 40 30 30 40 40 40 40 40 40 40 40 40 40 40 40 40 40 40 40 40 40 40 40 40 40 40 40 40 40 40 40 40 40 40 30 40 40 40 40 40 40 40 40 40 40 40 40 40 40 30 30 30 30 40 40 40 40 40 40 40 40 40 40 40 40 30 30 30 30 30 30 30 30 30 40 40 40 30 30 30 30 30 30 30 30 30 30 30 30 30 30 30 30 30 30 30 30 30 30 30 30 30 30 30 30 30 30 30 30 30 30 30 30 30 80 80 80 80 80 80 80 80 80 80 80 80 80 80 80 80 60 90 30 90 80 90 90 40 40 40 40 40 40 40 40 40 40 40 40 40 40 40
40 40 40 40 40 40 40 40 40 40 40 30 30 30 40 40 40 40 40 40 40 40 40 40 40 40 40 40 40 40 40 40 40 40 40 40 40 40 40 40 40 40 40 40 40 40 40 40 40 40 10 30 10 10 40 40 40 40 40 30 30 30 30 30 40 40 40 40 40 40 40 40 40 40 40 40 40 40 40 40 40 40 40 40 40 40 40 40 40 40 40 40 40 40 40 40 40 40 40 40 40 40 40 40 40 40 40 40 40 40 40 40 40 30 10 10 30 30 30 30 30 30 40 40 40 40 40 40 40 40 40 40 40 40 40 40 40 40 40 40 40 40 40 40 40 40 40 40 40 40 40 40 40 40 40 40 40 40 40 40 30 30 30 30 30 30 30 30 30 40 40 40 40 40 40 40 40 40 40 40 40 40 40 40 40 40 40 40 40 40 40 40 40 30 30 30 30 30 30 30 30 30 30 30 30 80 80 80 80 80 80 80 80 80 80 80 80 80 80 80 80 80 80 80 80 80 80 80 80 80 80 30 30 30 30 30 30 40 40 40 40 40 40 40 40 40 40 40 40 30 30 40 40 40 40 40 40 40 40 40 40 40 40 40 40 40 40 40 40 40 40 40 40 40 40 40 40 40 40 40 40 30 40 40 40 40 40 40 40 40 40 40 40 40 40 40 40 30 40 40 40 40 40 40 40 40 40 40 40 40 40 40 40 40 40 30 30 30 30 30 30 30 30 40 30 30 30 30 30 30 30 30 30 30 30 30 30 30 30 30 30 30 30 30 30 30 30 30 30 30 30 30 30 30 30 30 30 30 30 30 30 30 30 80 80 80 80 80 80 80 80 80 80 80 80 80 80 80 60 90 30 80 80 90 90 90 40 40 40 40 40 40 40 40 40 40 40 40 40 40
40 40 40 40 40 40 40 40 40 40 40 40 90 30 40 40 40 40 40 40 40 40 40 40 40 40 40 40 40 40 40 40 40 40 40 40 40 40 40 40 40 40 40 40 40 40 40 40 40 40 30 30 30 10 40 40 40 40 40 30 30 30 30 30 30 40 40 40 40 40 40 40 40 40 40 40 40 40 40 40 40 40 40 40 40 40 40 40 40 40 40 40 40 40 40 40 40 40 40 40 40 40 40 40 40 40 40 40 40 40 40 40 30 30 30 10 10 30 30 30 30 10 30 40 40 40 40 40 40 40 40 40 40 40 40 40 40 40 40 40 40 40 40 40 40 40 40 40 40 40 40 40 40 40 40 40 40 40 40 40 30 30 30 10 30 30 30 30 30 40 40 40 40 40 40 40 40 40 40 40 40 40 40 40 40 40 40 40 40 40 40 40 40 90 30 30 30 30 30 30 30 30 30 30 80 80 80 80 80 80 80 80 80 80 80 80 80 80 80 80 80 80 80 80 80 80 80 80 80 80 80 60 30 30 30 30 40 40 40 40 40 40 40 40 40 40 40 40 40 40 40 30 40 40 40 40 40 40 40 40 40 40 40 40 40 40 40 40 40 40 40 40 40 40 40 40 40 40 40 40 40 30 40 40 40 40 40 40 40 40 40 40 40 40 40 40 30 40 40 40 40 40 40 40 40 40 40 40 40 40 40 40 40 40 40 40 30 30 30 30 30 30 30 30 30 30 30 30 30 30 30 30 30 30 30 30 30 30 30 30 30 30 30 30 30 30 30 30 30 30 30 30 30 30 30 30 30 30 30 30 30 30 30 80 80 80 80 80 80 80 80 80 80 80 80 80 80 80 60 60 30 90 90 90 90 90 40 40 40 40 40 40 40 40 40 40 40 40 40 40
40 40 40 40 40 40 40 40 40 40 40 40 30 30 40 40 40 40 40 40 40 40 40 40 40 40 40 40 40 40 40 40 40 40 40 40 40 40 40 40 40 40 40 40 40 40 40 40 40 40 30 30 30 10 40 40 40 40 40 30 30 30 40 30 50 40 40 40 40 40 40 40 40 40 40 40 40 40 40 40 40 40 40 40 40 40 40 40 40 40 40 40 40 40 40 40 40 40 40 40 40 40 40 40 40 40 40 40 40 40 40 40 30 30 30 30 50 30 30 30 30 50 30 30 40 40 40 40 40 40 40 40 40 40 40 40 40 40 40 40 40 40 40 40 40 40 40 40 40 40 40 40 40 40 40 40 40 40 40 40 30 30 30 10 10 30 30 30 30 30 40 40 40 40 40 40 40 40 40 40 40 40 40 40 40 40 40 40 40 40 40 40 40 30 40 40 30 40 40 30 30 30 30 30 80 80 80 80 80 80 80 80 80 80 80 80 80 80 80 80 80 80 80 80 80 80 80 80 80 80 80 80 80 30 30 30 40 40 40 40 40 40 40 40 40 40 40 40 40 40 40 40 30 40 40 40 40 40 40 40 40 40 40 40 40 40 40 40 40 40 40 40 40 40 40 40 40 40 40 40 30 40 40 40 40 40 40 40 40 40 40 40 40 40 40 40 40 40 40 40 40 40 40 40 40 40 40 40 40 40 40 40 40 40 40 40 40 40 30 30 30 30 30 30 30 30 30 30 30 30 30 30 30 30 30 30 30 30 30 30 30 30 30 30 30 30 30 30 30 30 30 30 30 30 30 30 30 30 30 30 30 30 30 30 80 80 80 80 80 80 80 80 80 80 80 80 80 80 60 60 60 90 90 90 90 90 90 40 40 40 40 40 40 40 40 40 40 40 40 40
40 40 40 40 40 40 40 40 40 40 40 40 30 90 30 40 40 40 40 40 40 40 40 40 40 40 40 40 40 40 40 40 40 40 40 40 40 40 40 40 40 40 40 40 40 40 40 40 40 40 30 10 30 10 30 40 40 40 40 40 30 30 30 30 50 30 40 40 40 40 40 40 40 40 40 40 40 40 40 40 40 40 40 40 40 40 40 40 40 40 40 40 40 40 40 40 40 40 40 40 40 40 40 40 40 40 40 40 40 40 40 40 30 30 30 50 50 30 30 50 30 50 30 30 40 40 40 40 40 40 40 40 40 40 40 40 40 40 40 40 40 40 40 40 40 40 40 40 40 40 40 40 40 40 40 40 40 40 40 30 40 40 40 10 10 10 30 30 30 30 30 40 40 40 40 40 40 40 40 40 40 40 40 40 40 40 40 40 40 40 40 40 30 90 40 40 40 40 40 30 30 30 30 80 80 80 80 80 80 80 80 80 80 80 80 80 80 80 80 80 80 80 80 80 80 80 80 80 80 80 80 80 80 80 30 30 30 40 40 40 40 40 40 40 40 40 40 40 40 40 40 40 40 30 40 40 40 40 40 40 40 40 40 40 40 40 40 40 40 40 40 40 40 40 40 40 40 40 40 30 40 40 40 40 40 40 40 40 40 40 40 40 40 40 40 30 40 40 40 40 40 40 40 40 40 40 40 40 40 40 40 40 40 40 40 40 40 40 40 40 30 30 30 30 30 30 30 30 30 30 30 30 30 30 30 30 30 30 30 30 30 30 30 30 30 30 30 30 30 30 30 30 30 30 30 30 30 30 30 30 30 30 30 30 80 80 80 80 80 80 80 80 80 80 80 80 80 80 80 60 60 30 90 90 90 90 90 90 90 40 40 40 40 40 40 40 40 40 40 40
40 40 40 40 40 40 40 40 40 40 40 40 40 30 30 40 40 40 40 40 40 40 40 40 40 40 40 40 40 40 40 40 40 40 40 40 40 40 40 40 40 40 40 40 40 40 40 40 40 40 30 10 30 10 10 40 40 40 40 40 30 30 40 30 30 30 40 40 40 40 40 40 40 40 40 40 40 40 40 40 40 40 40 40 40 40 40 40 40 40 40 40 40 40 40 40 40 40 40 40 40 40 40 40 40 40 40 40 40 40 40 40 30 30 30 10 50 50 30 30 30 30 30 30 40 40 40 40 40 40 40 40 40 40 40 40 40 40 40 40 40 40 40 40 40 40 40 40 40 40 40 40 40 40 40 40 40 40 40 30 40 40 40 40 10 10 10 30 30 30 30 30 40 40 40 40 40 40 40 40 40 40 40 40 40 40 40 40 40 40 40 40 30 30 40 40 40 40 40 30 30 30 30 80 80 80 80 80 80 80 80 80 80 80 80 80 80 80 80 80 80 80 80 80 80 80 80 80 80 80 80 80 80 80 80 30 30 40 40 40 40 40 40 40 40 40 40 40 40 40 40 40 40 40 30 40 40 40 40 40 40 40 40 40 40 40 40 40 40 40 40 40 40 40 40 40 40 30 30 40 40 40 40 40 40 40 40 40 40 40 40 40 40 40 30 40 40 40 40 40 40 40 40 40 40 40 40 40 40 40 40 40 40 40 40 40 40 40 40 40 40 30 30 30 30 30 30 30 30 30 30 30 30 30 30 30 30 30 30 30 30 30 30 30 30 30 30 30 30 30 30 30 30 30 30 30 30 30 30 30 30 30 30 30 30 80 80 80 80 80 80 80 80 80 80 80 80 80 80 60 60 30 90 90 90 30 90 90 90 90 40 40 40 40 40 40 40 40 40 40
40 40 40 40 40 40 40 40 40 40 40 40 40 40 30 30 40 40 40 40 40 40 40 40 40 40 40 40 40 40 40 40 40 40 40 40 40 40 40 40 40 40 40 40 40 40 40 40 40 40 40 10 10 10 10 40 40 40 40 40 30 30 30 40 40 50 40 40 40 40 40 40 40 40 40 40 40 40 40 40 40 40 40 40 40 40 40 40 40 40 40 40 40 40 40 40 40 40 40 40 40 40 40 40 40 40 40 40 40 40 40 40 30 30 30 50 50 10 10 30 50 30 30 30 30 40 40 40 40 40 40 40 40 40 40 40 40 40 40 40 40 40 40 40 40 40 40 40 40 40 40 40 40 40 40 40 40 40 40 30 40 40 40 40 30 10 10 30 30 30 30 30 30 40 40 40 40 40 40 40 40 40 40 40 40 40 40 40 40 40 40 40 30 30 30 30 30 30 30 30 30 30 80 80 80 80 80 80 80 80 80 80 80 80 80 80 80 80 80 80 80 80 80 80 80 80 80 80 80 80 80 80 80 80 80 80 30 30 30 40 40 40 40 40 40 40 40 40 40 40 40 40 40 40 30 30 40 40 40 40 40 40 40 40 40 40 40 40 40 40 40 40 40 40 40 40 30 30 30 40 40 40 40 40 40 40 40 40 40 40 40 40 40 30 40 40 40 40 40 40 40 40 40 40 40 40 40 40 40 40 40 40 40 40 40 40 40 40 40 40 40 40 40 30 30 30 30 30 30 30 30 30 30 30 30 30 30 30 30 30 30 30 30 30 30 30 30 30 30 30 30 30 30 30 30 30 30 30 30 30 30 30 30 30 30 80 80 80 80 80 80 80 80 80 80 80 80 80 80 60 60 30 30 90 90 30 90 90 90 90 40 40 40 40 40 40 40 40 40 40
40 40 40 40 40 40 40 40 40 40 40 40 40 40 30 30 40 40 40 40 40 40 40 40 40 40 40 40 40 40 40 40 40 40 40 40 40 40 40 40 40 40 40 40 40 40 40 40 40 40 40 10 10 10 30 40 40 40 40 40 30 40 30 40 40 50 30 40 40 40 40 40 40 40 40 40 40 40 40 40 40 40 40 40 40 40 40 40 40 40 40 40 40 40 40 40 40 40 40 40 40 40 40 40 40 40 40 40 40 40 40 40 40 30 50 50 50 50 50 30 10 50 30 30 30 40 40 40 40 40 40 40 40 40 40 40 40 40 40 40 40 40 40 40 40 40 40 40 40 40 40 40 40 40 40 40 40 40 40 30 40 40 40 40 40 10 10 10 30 30 30 30 30 40 40 40 40 40 40 40 40 40 40 40 40 40 40 40 40 40 40 40 40 30 30 30 30 30 30 30 30 30 80 80 80 80 80 80 80 80 80 80 80 80 80 80 80 80 80 80 80 80 80 80 80 80 80 80 80 80 80 80 80 80 80 80 80 30 30 40 40 40 40 40 40 40 40 40 40 40 40 40 40 40 40 30 30 30 30 30 40 40 40 40 40 40 40 40 40 40 40 40 40 40 40 30 30 30 40 40 40 40 40 40 40 40 40 40 40 40 40 40 40 40 40 40 40 40 40 40 40 40 40 40 40 40 40 40 40 40 40 40 40 40 40 40 40 40 40 40 40 40 40 40 30 30 30 30 30 30 30 30 30 30 30 30 30 30 30 30 30 30 30 30 30 30 30 30 30 30 30 30 30 30 30 30 30 30 30 30 30 30 30 30 50 30 80 80 80 80 80 80 80 80 80 80 80 80 80 60 60 30 30 90 90 90 30 90 90 90 40 40 40 40 40 40 40 40 40 40
40 40 40 40 40 40 40 40 40 40 40 40 40 40 30 30 40 40 40 40 40 40 40 40 40 40 40 40 40 40 40 40 40 40 40 40 40 40 40 40 40 40 40 40 40 40 40 40 40 40 90 30 30 30 30 40 40 40 40 40 40 40 30 40 40 40 50 40 40 40 40 40 40 40 40 40 40 40 40 40 40 40 40 40 40 40 40 40 40 40 40 40 40 40 40 40 40 40 40 40 40 40 40 40 40 40 40 40 40 40 30 30 30 50 50 50 50 50 30 10 30 50 30 30 30 30 40 40 40 40 40 40 40 40 40 40 40 40 40 40 40 40 40 40 40 40 40 40 40 40 40 40 40 40 40 40 40 40 40 30 40 40 40 40 40 40 10 10 10 30 30 30 30 30 40 40 40 40 40 40 40 40 40 40 40 40 40 40 40 40 40 40 40 30 30 30 30 30 30 30 30 80 80 80 80 80 80 80 80 80 80 80 80 80 80 80 80 80 80 80 80 80 80 80 80 80 80 80 80 80 80 80 80 80 80 80 80 80 30 30 40 40 40 40 40 40 40 40 40 40 40 40 40 40 40 40 40 30 30 30 40 40 40 40 40 40 40 40 40 40 40 40 40 40 30 30 30 30 40 40 40 40 40 40 40 40 40 40 40 40 40 40 30 40 40 40 40 40 40 40 40 40 40 40 40 40 40 40 40 40 40 40 40 40 40 40 40 40 40 40 40 40 40 40 40 40 30 30 30 30 30 30 30 30 30 30 30 30 30 30 30 30 30 30 30 30 30 30 30 30 30 30 30 30 30 30 30 30 30 30 30 30 30 30 30 30 30 80 80 80 80 80 80 80 80 80 80 80 80 80 60 30 90 90 90 90 30 90 90 40 40 40 40 40 40 40 40 40 40 40
40 40 40 40 40 40 40 40 40 40 40 40 40 40 30 30 30 40 40 40 40 40 40 40 40 40 40 40 40 40 40 40 40 40 40 40 40 40 40 40 40 40 40 40 40 40 40 40 40 40 30 90 90 30 30 40 40 40 40 40 40 40 40 40 40 30 50 40 40 40 40 40 40 40 40 40 40 40 40 40 40 40 40 40 40 40 40 40 40 40 40 40 40 40 40 40 40 40 40 40 40 40 40 40 40 40 40 40 30 30 30 30 30 30 10 50 50 10 50 50 10 10 50 30 30 30 40 40 40 40 40 40 40 40 40 40 40 40 40 40 40 40 40 40 40 40 40 40 40 40 40 40 40 40 40 40 40 40 40 30 40 40 40 40 40 40 40 10 10 10 30 30 30 30 30 40 40 40 40 40 40 40 40 40 40 40 40 40 40 40 40 40 30 30 30 30 30 30 30 30 30 80 80 80 80 80 80 80 80 80 80 80 80 80 80 80 80 80 80 80 80 80 80 80 80 80 80 80 80 80 80 80 80 80 80 80 80 80 80 30 30 40 40 40 40 40 40 40 40 40 40 40 40 40 40 40 40 40 30 30 40 40 40 40 40 40 40 40 40 40 40 40 40 40 30 30 30 40 40 40 40 40 40 40 40 40 40 40 40 40 40 40 40 40 40 40 40 40 40 40 40 40 40 40 40 40 40 40 40 40 40 40 40 40 40 40 40 40 40 40 40 40 40 40 40 40 40 40 30 30 30 30 30 30 30 30 30 30 30 30 30 30 30 30 30 30 30 30 30 30 30 30 30 30 30 30 30 30 30 30 30 30 30 30 30 30 30 60 80 80 80 80 80 80 80 80 80 80 80 80 60 30 90 90 80 90 30 90 90 30 40 40 40 40 40 40 40 40 40 40
40 40 40 40 40 40 40 40 40 40 40 40 40 40 40 30 30 30 30 40 30 30 40 90 90 90 30 90 90 30 30 90 90 90 30 30 30 30 30 30 30 90 90 30 30 30 30 30 30 30 30 30 30 30 30 40 40 40 40 40 40 30 40 30 40 40 30 40 40 40 40 40 40 40 40 40 40 40 40 40 40 40 40 40 40 40 40 40 40 40 40 40 40 40 40 40 40 40 40 40 40 40 40 40 40 40 40 40 30 30 50 50 30 50 50 50 50 30 10 50 50 30 50 30 30 30 40 40 40 40 40 40 40 40 40 40 40 40 40 40 40 40 40 40 40 40 40 40 40 40 40 40 40 40 40 40 40 40 40 30 40 40 40 40 40 40 40 10 10 10 10 30 30 30 30 30 40 40 40 40 40 40 40 40 40 40 40 30 30 30 30 30 30 80 30 30 30 30 30 30 80 80 80 80 80 80 80 80 80 80 80 80 80 80 80 80 80 80 80 80 80 80 80 80 80 80 80 80 80 80 80 80 80 80 80 80 80 80 80 80 30 30 40 40 40 40 40 40 40 40 40 40 40 40 40 40 40 40 30 30 30 40 40 40 40 40 40 40 40 40 40 40 30 90 30 30 30 40 40 40 40 40 40 40 40 40 40 40 40 40 40 40 40 40 40 40 40 40 40 40 40 40 40 40 40 40 40 40 40 40 40 40 40 40 40 40 40 40 40 40 40 40 40 40 40 40 40 40 40 30 30 30 30 40 30 30 30 30 30 30 30 30 30 30 30 30 30 30 30 30 30 30 30 30 30 30 30 30 30 30 30 30 30 30 30 30 50 30 80 80 80 80 80 80 80 80 80 80 80 80 60 80 80 80 90 90 30 30 30 30 40 40 40 40 40 40 40 40 40 40
40 40 40 40 40 40 40 40 40 40 40 40 40 40 40 40 30 90 30 40 40 40 40 90 90 90 30 90 90 90 90 90 90 90 90 90 30 30 90 90 30 90 90 90 90 30 90 90 90 90 90 30 30 30 30 40 40 40 40 40 40 40 30 30 30 40 30 30 40 40 40 40 40 40 40 40 40 40 40 40 40 40 40 40 40 40 40 40 40 40 40 40 40 40 40 40 40 40 40 40 40 40 40 40 40 40 40 40 30 30 30 50 50 10 50 50 50 30 30 50 10 30 30 50 30 30 40 40 40 40 40 40 40 40 40 40 40 40 40 40 40 40 40 40 40 40 40 40 40 40 40 40 40 40 40 40 40 40 40 30 40 40 40 40 40 40 40 40 30 10 10 10 30 30 30 30 40 40 40 40 40 40 40 40 40 40 40 40 30 30 30 30 30 30 30 30 30 30 30 80 80 80 80 80 80 80 80 80 80 80 80 80 80 80 80 80 80 80 80 80 80 80 80 80 80 80 80 80 80 80 80 80 80 80 80 80 80 80 80 80 60 30 30 40 40 40 40 40 40 40 40 40 40 40 40 30 40 40 40 30 30 40 40 40 40 40 40 40 40 40 30 30 30 30 10 30 40 40 40 40 40 40 40 40 40 40 40 40 40 40 40 40 40 40 40 40 40 40 40 40 40 40 40 40 40 40 40 40 40 40 40 40 40 40 40 40 40 40 40 40 40 40 40 40 40 40 40 40 40 30 30 30 30 30 30 30 30 30 30 30 30 30 30 30 30 30 30 30 30 30 30 30 30 30 30 30 30 30 30 30 30 30 30 30 30 30 30 30 30 80 80 80 80 80 80 80 80 80 80 80 60 60 80 90 90 90 30 90 30 30 30 40 40 40 40 40 40 40 40 40
40 40 40 40 40 40 40 40 40 40 40 40 40 40 40 40 30 30 30 40 40 90 30 90 90 90 30 40 90 90 90 90 90 90 90 90 90 90 90 90 90 90 90 90 90 30 90 90 90 90 30 30 30 30 30 40 40 40 40 40 40 40 30 30 30 30 30 50 40 40 40 40 40 40 40 40 40 40 40 40 40 40 40 40 40 40 40 40 40 40 40 40 40 40 40 40 40 40 40 40 40 40 40 40 40 40 40 40 30 30 30 30 30 50 10 50 50 50 10 50 50 50 30 50 30 30 30 40 40 40 40 40 40 40 40 40 40 40 40 40 40 40 40 40 40 40 40 40 40 40 40 40 40 40 40 40 40 40 40 30 40 40 40 40 40 40 40 40 40 30 10 10 30 30 30 30 30 40 40 40 40 40 40 40 40 40 40 40 40 40 30 30 30 80 30 30 30 30 30 80 80 80 80 80 80 80 80 80 80 80 80 80 80 80 80 80 80 80 80 80 80 80 80 80 80 80 80 80 80 80 80 80 80 80 80 80 80 80 80 80 80 30 30 40 40 40 40 40 40 40 40 40 40 30 30 40 40 40 40 40 30 30 40 40 40 40 40 40 40 30 30 30 30 10 30 30 30 40 40 40 40 40 40 40 40 40 40 40 40 40 30 40 40 40 40 40 40 40 40 40 40 40 40 40 40 40 40 40 40 40 40 40 40 40 40 40 40 40 40 40 40 40 40 40 40 40 40 40 40 30 30 30 30 30 30 30 30 30 30 30 30 30 30 30 30 30 30 30 30 30 30 30 30 30 30 30 30 30 30 30 30 30 30 30 30 30 30 50 30 80 80 80 80 80 80 80 80 80 80 80 60 60 30 30 90 90 90 30 30 30 30 40 40 40 40 40 40 40 40 40
40 40 40 40 40 40 40 40 40 40 40 40 40 40 40 40 90 90 90 40 40 40 90 90 90 90 40 90 90 90 90 90 90 90 90 90 90 90 90 90 90 90 90 90 90 90 90 90 90 90 90 40 30 30 30 90 40 40 40 40 40 40 30 30 30 30 30 30 30 40 40 40 40 40 40 40 40 40 40 40 40 40 40 40 40 40 40 40 40 40 40 40 40 40 40 40 40 40 40 40 40 40 40 40 40 40 40 40 30 30 30 30 30 50 50 50 50 50 50 30 30 50 50 30 50 30 30 40 40 40 40 40 40 40 40 40 40 40 40 40 40 40 40 40 40 40 40 40 40 40 40 40 40 40 40 40 40 40 40 30 40 40 40 40 40 40 40 40 40 40 10 10 10 30 30 30 30 30 40 40 40 40 40 40 40 40 40 40 40 40 40 40 30 30 30 80 80 80 80 80 80 80 80 80 80 80 80 80 80 80 80 80 80 80 80 80 80 80 80 80 80 80 80 80 80 80 80 80 80 80 80 80 80 80 80 80 80 80 80 80 80 80 30 30 40 40 40 40 40 40 40 40 30 30 30 40 40 40 40 40 40 40 30 40 40 40 40 40 30 30 30 30 30 30 30 30 30 30 40 40 40 40 40 40 40 40 40 40 40 30 40 40 40 40 40 40 40 40 40 40 40 40 40 40 40 40 40 40 40 40 40 40 40 40 40 40 40 40 40 40 40 40 40 40 40 40 40 40 30 30 30 30 30 30 30 30 30 30 30 30 30 30 30 30 30 30 30 30 30 30 30 30 30 30 30 30 30 30 30 30 30 30 30 30 30 30 30 30 30 80 80 80 80 80 80 80 80 80 80 80 80 60 60 30 90 30 90 30 30 30 30 40 40 40 40 40 40 40 40 40
40 40 40 40 40 40 40 40 40 40 40 40 40 40 40 40 40 30 90 90 90 40 40 90 40 40 90 30 90 90 90 30 90 90 90 90 90 90 90 30 30 90 90 90 90 90 90 90 40 40 40 40 30 30 30 30 40 40 40 40 40 40 30 30 30 30 30 30 90 40 40 40 40 40 40 40 40 40 40 40 40 40 40 40 40 40 40 40 40 40 40 40 40 40 40 40 40 40 40 40 40 40 40 40 40 40 40 40 30 30 30 30 30 30 10 10 50 10 50 50 50 50 30 30 30 30 30 40 40 40 40 40 40 40 40 40 40 40 40 40 40 40 40 40 40 40 40 40 40 40 40 40 40 40 40 40 40 40 40 30 40 40 40 40 40 40 40 40 40 40 40 10 10 10 30 30 30 30 30 40 40 40 40 40 40 40 40 40 40 40 40 40 40 30 30 30 80 80 80 80 80 80 80 80 80 80 80 80 80 80 80 80 80 80 80 80 80 80 80 80 80 80 80 80 80 80 80 80 80 80 80 80 80 80 80 80 80 80 80 80 80 80 30 30 30 40 40 40 40 40 40 30 30 30 40 40 40 40 40 40 40 40 30 30 40 40 40 30 30 30 90 30 30 30 30 30 30 30 40 40 40 40 40 40 40 40 40 40 30 40 40 40 40 40 40 40 40 40 40 40 40 40 40 40 40 40 40 40 40 40 40 40 40 40 40 40 40 40 40 40 40 40 40 40 40 40 40 30 30 30 30 30 30 30 30 30 30 30 30 30 30 30 30 30 30 30 30 30 30 30 30 30 30 30 30 30 30 30 30 30 30 30 30 30 30 30 30 30 30 60 80 80 80 80 80 80 80 80 80 80 80 60 60 30 60 30 30 30 30 30 30 40 40 40 40 40 40 40 40 40
40 40 40 40 40 40 40 40 40 40 40 40 40 40 40 40 40 30 30 90 90 40 40 30 40 40 90 90 90 90 90 30 90 90 90 90 90 90 90 90 90 90 90 90 90 40 40 40 40 40 40 40 30 30 30 30 40 40 40 40 40 40 40 30 30 40 30 30 50 40 40 40 40 40 40 40 40 40 40 40 40 40 40 40 40 40 40 40 40 40 40 40 40 40 40 40 40 40 40 40 40 40 40 40 40 40 40 40 40 30 30 30 30 30 50 10 50 50 50 50 50 50 50 30 30 30 30 40 40 40 40 40 40 40 40 40 40 40 40 40 40 40 40 40 40 40 40 40 40 40 40 40 40 40 40 40 40 40 40 40 40 40 40 40 40 40 40 40 40 40 40 40 10 10 10 30 30 30 30 30 40 40 40 40 40 40 40 40 40 40 40 40 40 40 30 30 30 30 80 80 80 80 80 80 80 80 80 80 80 80 80 80 80 80 80 80 80 80 80 80 80 80 80 80 80 80 80 80 80 80 80 80 80 80 80 80 80 80 80 80 80 80 80 30 30 30 40 40 40 40 40 30 30 40 40 40 40 40 40 40 40 40 40 30 30 40 30 30 30 30 30 30 30 30 30 30 30 30 40 40 40 40 40 40 40 40 40 40 30 40 40 40 40 40 40 40 40 40 40 40 40 40 40 40 40 40 40 40 40 40 40 40 40 40 40 40 40 40 40 40 40 40 40 40 40 40 40 30 30 30 30 30 30 30 30 30 30 30 30 30 30 30 30 30 30 30 30 30 30 30 30 30 30 30 30 30 30 30 30 30 30 30 30 30 30 30 30 30 30 60 80 80 80 80 80 80 80 80 80 80 80 80 60 30 80 30 90 30 30 30 30 30 40 40 40 40 40 40 40 40
40 40 40 40 40 40 40 40 40 40 40 40 40 40 40 40 40 30 30 30 90 40 40 30 40 40 90 90 90 90 90 40 30 90 90 90 90 90 90 90 90 90 90 40 40 40 40 40 40 40 40 40 40 30 30 30 40 40 40 40 40 40 40 30 30 90 90 90 50 30 40 40 40 40 40 40 40 40 40 40 40 40 40 40 40 40 40 40 40 40 40 40 40 40 40 40 40 40 40 40 40 40 40 40 40 40 40 40 40 30 30 30 30 30 50 10 10 50 50 50 10 50 50 50 30 30 30 30 40 40 40 40 40 40 40 40 40 40 40 40 40 40 40 40 40 40 40 40 40 40 40 40 40 40 40 40 40 40 40 40 40 40 40 40 40 40 40 40 40 40 40 40 10 10 10 30 30 30 30 30 40 40 40 40 40 40 40 40 40 40 40 40 30 40 40 30 30 30 80 80 80 80 80 80 80 80 80 80 80 80 80 80 80 80 80 80 80 80 80 80 80 80 80 80 80 80 80 80 80 80 80 80 80 80 80 80 80 80 80 80 80 80 80 30 30 30 40 40 40 40 40 90 30 40 40 40 40 40 40 40 40 40 40 40 30 30 30 30 30 30 30 30 30 30 30 30 30 40 40 40 40 40 40 40 40 40 40 30 40 40 40 40 40 40 40 40 40 40 40 40 40 40 40 40 40 40 40 40 40 40 40 40 40 40 40 40 40 40 40 40 40 40 40 40 40 40 40 30 30 30 30 30 30 30 30 30 30 30 30 30 30 30 30 30 30 30 30 30 30 30 30 30 30 30 30 30 30 30 30 30 30 30 30 30 60 60 60 30 50 60 60 80 30 80 30 30 30 30 30 50 50 50 50 50 50 30 90 30 30 30 30 30 40 40 40 40 40 40 40 40
40 40 40 40 40 40 40 40 40 40 40 40 40 40 40 40 40 40 30 30 40 40 40 40 90 90 90 90 30 90 90 90 30 30 90 90 30 30 90 90 90 40 40 40 40 40 40 40 40 40 40 40 90 30 30 30 30 40 40 40 40 40 40 30 30 40 40 40 30 30 40 40 40 40 40 40 40 40 40 40 40 40 40 40 40 40 40 40 40 40 40 40 40 40 40 40 40 40 40 40 40 40 40 40 40 40 40 40 40 30 30 30 30 30 50 50 10 50 50 50 50 50 30 50 30 30 30 30 40 40 40 40 40 40 40 40 40 40 40 40 40 40 40 40 40 40 40 40 40 40 40 40 40 40 40 40 40 40 40 30 40 40 40 40 40 40 40 40 40 40 40 40 40 10 10 10 30 30 30 30 30 40 40 40 40 40 40 40 40 40 40 40 40 40 40 40 30 30 30 80 80 80 80 80 80 80 80 80 80 80 80 80 80 80 80 80 80 80 80 80 80 80 80 80 80 80 80 80 80 80 80 80 80 80 80 80 80 80 80 80 80 80 80 80 30 30 30 30 40 40 30 90 30 40 40 40 40 40 40 40 40 40 40 40 40 30 30 30 30 30 30 30 30 30 30 30 40 40 40 40 40 40 40 40 40 40 30 40 40 40 40 40 40 40 40 40 40 40 40 40 40 40 40 40 40 40 40 40 40 40 40 40 40 40 40 40 40 40 40 40 40 40 40 40 40 40 40 30 30 30 30 30 30 30 30 30 30 30 30 30 30 30 30 30 60 60 80 60 60 60 60 30 30 30 30 30 30 30 30 30 30 30 30 60 60 80 60 60 30 80 80 80 80 80 80 80 80 80 80 80 80 80 80 80 80 90 30 30 30 40 40 40 40 40 40 40 40 40 40 40
40 40 40 40 40 40 40 40 40 40 40 40 40 40 40 40 40 40 30 30 30 40 90 90 30 30 30 30 30 30 40 90 30 30 30 90 40 40 40 40 40 40 40 40 40 40 40 40 40 40 40 40 40 40 30 30 30 40 30 90 90 40 40 40 40 40 40 40 30 50 40 40 40 40 40 40 40 40 40 40 40 40 40 40 40 40 40 40 40 40 40 40 40 40 40 40 40 40 40 40 40 40 40 40 40 40 40 40 40 40 40 30 30 30 30 30 50 40 50 50 50 30 30 30 30 30 30 30 30 40 40 40 40 40 40 40 40 40 40 40 40 40 40 40 40 40 40 40 40 40 40 40 40 40 40 40 40 40 40 30 40 40 40 40 40 40 40 40 40 40 40 40 40 40 30 10 10 30 30 30 30 30 40 40 40 40 40 40 40 40 40 40 40 40 40 40 30 30 30 80 80 80 80 80 80 80 80 80 80 80 80 80 80 80 80 80 80 80 80 80 80 80 80 80 80 80 80 80 80 80 80 80 80 80 80 80 80 80 80 80 80 80 80 80 80 30 30 30 30 30 30 90 30 40 40 40 40 40 40 40 40 40 40 40 40 40 30 30 30 30 30 30 30 30 30 30 40 40 40 40 40 40 40 40 40 40 30 40 40 40 40 40 40 40 40 40 40 40 40 40 40 40 40 40 40 40 40 40 40 40 40 40 40 40 40 40 40 40 40 40 40 40 40 40 40 40 40 40 30 30 30 30 30 30 30 30 30 30 30 30 30 30 80 80 80 80 80 80 80 80 80 80 80 60 60 60 30 30 30 30 30 30 80 80 80 80 80 60 60 80 80 80 80 80 80 80 80 80 80 80 80 80 80 80 30 30 30 40 40 40 40 40 40 40 40 40 40 40 40 40
40 40 40 40 40 40 40 40 40 40 40 40 40 40 40 40 40 40 40 30 30 30 90 40 30 30 30 30 30 30 40 30 30 30 40 40 40 40 40 40 40 40 40 40 40 40 40 40 40 40 40 40 40 40 30 30 30 90 30 40 40 40 40 40 40 40 40 40 30 50 30 40 40 40 40 40 40 40 40 40 40 40 40 40 40 40 40 40 40 40 40 40 40 40 40 40 40 40 40 40 40 40 40 40 40 40 40 40 40 30 30 30 30 30 30 30 50 30 50 30 50 30 30 30 30 30 30 30 30 40 40 40 40 40 40 40 40 40 40 40 40 40 40 40 40 40 40 40 40 40 40 40 40 40 40 40 40 40 40 30 40 40 40 40 40 40 40 40 40 40 40 40 40 40 40 30 10 10 30 30 30 30 30 40 40 40 40 40 40 40 40 40 40 40 40 40 30 30 30 80 80 80 80 80 80 80 80 80 80 80 80 80 80 80 80 80 80 80 80 80 80 80 80 80 80 80 80 80 80 80 80 80 80 80 80 80 80 80 80 80 80 80 80 80 80 80 30 30 30 30 30 90 30 40 40 40 40 40 40 40 40 40 40 40 40 40 40 30 30 30 30 30 30 30 30 40 40 40 40 40 40 40 40 40 40 30 40 40 40 40 40 40 40 40 40 40 40 40 40 40 40 40 40 40 40 40 40 40 40 40 40 40 40 40 40 40 40 40 40 40 40 40 40 40 40 40 40 40 40 30 30 30 30 30 30 30 30 30 30 30 60 60 80 80 80 80 80 80 80 80 80 80 80 80 80 80 60 60 60 60 60 60 80 80 80 80 80 80 80 80 80 80 80 80 80 80 80 80 80 80 80 80 80 80 30 30 40 40 40 40 40 40 40 40 40 40 40 40 40 40
40 40 40 40 40 40 40 40 40 40 40 40 40 40 40 40 40 40 40 30 30 30 40 40 40 30 30 30 90 30 40 40 90 40 40 40 40 40 40 40 40 40 40 40 40 40 40 40 40 40 40 40 40 40 30 30 30 30 30 40 40 40 40 40 40 40 40 40 40 30 50 40 40 40 40 40 40 40 40 40 40 40 40 40 40 40 40 40 40 40 40 40 40 40 40 40 40 40 40 40 40 40 40 40 40 40 40 40 40 40 30 30 30 30 30 30 30 30 30 30 30 30 30 30 30 30 30 30 30 30 40 40 40 40 40 40 40 40 40 40 40 40 40 40 40 40 40 40 40 40 40 40 40 40 40 40 40 40 40 30 40 40 40 40 40 40 40 40 40 40 40 40 40 40 40 40 30 30 30 30 10 30 30 40 40 40 40 40 40 40 40 40 40 40 40 40 40 30 30 80 80 80 80 80 80 80 80 80 80 80 80 80 80 80 80 80 80 80 80 80 80 80 80 80 80 80 80 80 80 80 80 80 80 80 80 80 80 80 80 80 80 80 80 80 80 80 30 30 30 30 90 90 30 40 40 40 40 40 40 40 40 40 40 40 40 30 40 30 30 30 30 30 30 30 40 40 40 40 40 40 40 40 40 40 30 30 40 40 40 40 40 40 40 40 40 40 40 40 40 40 40 40 40 40 40 40 40 40 40 40 40 40 40 40 40 40 40 40 40 40 40 40 40 40 40 40 40 40 30 30 30 30 30 30 30 30 30 30 30 60 60 80 80 80 80 80 80 80 80 80 80 80 80 80 80 80 80 80 80 80 60 80 80 80 80 80 80 80 80 80 80 80 80 80 80 80 80 80 80 80 80 80 80 60 30 90 40 40 40 40 40 40 40 40 40 40 40 40 40 40
40 40 40 40 40 40 40 40 40 40 40 40 40 40 40 40 40 40 40 30 30 30 30 90 30 30 30 30 40 40 40 40 40 40 40 40 40 40 40 40 40 40 40 40 40 40 40 40 40 40 40 40 40 40 40 30 30 30 30 40 40 40 40 40 40 40 40 40 40 90 50 40 40 40 40 40 40 40 40 40 40 40 40 40 40 40 40 40 40 40 40 40 40 40 40 40 40 40 40 40 40 40 40 40 40 40 40 40 40 30 30 30 30 30 30 30 30 30 30 50 50 30 30 30 30 30 50 50 30 10 40 40 40 40 40 40 40 40 40 40 40 40 40 40 40 40 40 40 40 40 40 40 40 40 40 40 40 40 40 30 40 40 40 40 40 40 40 40 40 40 40 40 40 40 40 40 30 30 10 30 30 30 30 40 40 40 40 40 40 40 40 40 40 40 40 40 40 30 30 30 80 80 80 80 80 80 80 80 80 80 80 80 80 80 80 80 80 80 80 80 80 80 80 80 80 80 80 80 80 80 80 80 80 80 80 80 80 80 80 80 80 80 80 80 80 80 80 60 30 30 90 90 30 40 40 40 40 40 40 40 40 40 40 40 40 40 40 30 30 30 30 30 30 40 40 40 40 40 40 40 40 40 40 40 30 40 40 40 40 40 40 40 40 40 40 40 40 40 40 40 40 40 40 40 40 40 40 40 40 40 40 40 40 40 40 40 40 40 40 40 40 40 40 40 40 40 40 40 30 30 30 30 30 30 30 30 30 30 30 30 60 80 80 80 80 80 80 80 80 80 80 80 80 80 80 80 80 80 80 80 80 80 80 80 80 80 80 80 80 80 80 80 80 80 80 80 80 80 80 80 80 80 80 80 30 90 40 40 40 40 40 40 40 40 40 40 40 40 40 40
40 40 40 40 40 40 40 40 40 40 40 40 40 40 40 40 40 40 40 40 30 30 30 30 30 30 40 40 40 40 40 40 40 40 40 40 40 40 40 40 40 40 40 40 40 40 40 40 40 40 40 40 40 40 40 30 30 30 30 30 40 40 40 40 40 40 40 40 40 90 50 30 30 40 40 40 40 40 40 40 40 40 40 40 40 40 40 40 40 40 40 40 40 40 40 40 40 40 40 40 40 40 40 40 40 40 40 40 40 30 30 30 30 30 30 30 30 30 30 30 30 30 30 30 30 50 30 30 30 30 40 40 40 40 40 40 40 40 40 40 40 40 40 40 40 40 40 40 40 40 40 40 40 40 40 40 40 40 40 40 40 40 40 40 40 40 40 40 40 40 40 40 40 40 40 40 40 30 30 10 30 30 30 30 40 40 40 40 40 40 40 40 40 40 40 40 40 30 30 30 80 80 80 80 80 80 80 80 80 80 80 80 80 80 80 80 80 80 80 80 80 80 80 80 80 80 80 80 80 80 80 80 80 80 80 80 80 80 80 80 80 80 80 80 80 80 80 80 60 30 80 90 30 30 40 40 40 40 40 40 40 40 40 40 40 40 40 30 30 30 30 30 40 40 40 40 40 40 40 40 40 40 40 30 40 40 40 40 40 40 40 40 40 40 40 40 40 40 40 40 40 40 40 40 40 40 40 40 40 40 40 40 40 40 40 40 40 40 40 40 40 40 40 40 40 40 40 30 30 30 30 30 30 30 30 30 90 60 60 30 80 80 80 80 80 80 80 80 80 80 80 80 80 80 80 80 80 80 80 80 80 80 80 80 80 80 80 80 80 80 80 80 80 80 80 80 80 80 80 80 80 80 80 80 30 90 40 40 40 40 40 40 40 40 40 40 40 40 40 40
40 40 40 40 40 40 40 40 40 40 40 40 40 40 40 40 40 40 40 40 30 30 30 30 40 90 40 40 40 40 40 40 40 40 40 40 40 40 40 40 40 40 40 40 40 40 40 40 40 40 40 40 40 40 40 40 30 30 30 30 40 40 40 40 40 40 40 40 40 30 30 30 30 30 30 30 30 40 30 30 30 30 30 30 30 30 30 30 30 30 30 40 40 40 30 30 30 30 30 30 30 30 30 30 30 30 30 30 30 30 30 30 30 30 30 30 30 30 30 30 30 30 30 30 30 30 30 30 30 30 30 40 40 30 40 40 40 40 40 40 40 30 30 30 30 30 30 30 30 30 30 30 30 30 30 30 30 30 30 30 40 40 40 40 40 40 40 40 40 30 30 30 30 30 30 30 30 30 10 30 30 30 10 30 30 40 40 40 40 40 40 40 40 40 40 40 40 40 30 30 80 80 80 80 80 80 80 80 80 80 80 80 80 80 80 80 80 80 80 80 80 80 80 80 80 80 80 80 80 80 80 80 80 80 80 80 80 80 80 80 80 80 80 80 80 80 80 80 80 80 80 30 30 30 40 40 40 40 40 40 40 40 40 40 40 40 30 30 30 30 30 30 30 40 40 40 40 40 40 40 40 40 30 30 40 40 40 40 40 40 40 40 40 40 40 40 40 40 40 40 40 40 40 40 40 40 40 40 40 40 40 40 40 40 40 40 40 40 40 40 40 40 40 40 40 40 30 30 30 30 30 30 30 30 30 90 90 90 90 30 80 80 80 80 80 80 80 80 80 80 80 80 80 80 80 80 80 80 80 80 80 80 80 80 80 80 80 80 80 80 80 80 80 80 80 80 80 80 80 80 80 80 80 80 60 90 40 30 40 40 40 40 40 40 40 40 40 40 40 40
40 40 40 40 40 40 40 40 40 40 40 40 40 40 40 40 40 40 40 40 30 30 30 40 40 40 40 40 40 40 40 40 40 40 40 40 40 40 40 40 40 40 40 40 90 40 40 40 40 40 40 40 40 40 40 40 30 30 30 30 30 40 40 40 40 40 40 40 40 30 30 50 30 30 30 30 30 30 30 30 30 30 30 30 30 30 30 30 30 30 30 30 30 30 30 30 30 30 30 30 30 30 30 30 30 30 30 30 30 30 30 30 30 30 30 30 30 30 30 30 30 30 30 30 30 30 30 30 30 30 30 30 30 30 30 30 30 30 30 30 30 30 30 30 30 30 30 30 30 30 30 30 30 30 30 30 30 30 30 30 30 30 30 30 30 30 30 30 30 30 30 30 30 30 30 30 30 30 30 30 30 30 30 30 30 30 40 40 40 40 40 40 40 40 40 40 40 40 30 30 80 80 80 80 80 80 80 80 80 80 80 80 80 80 80 80 80 80 80 80 80 80 80 80 80 80 80 80 80 80 80 80 80 80 80 80 80 80 80 80 80 80 80 80 80 80 80 80 80 80 80 30 30 30 40 40 40 40 40 40 40 40 40 40 40 30 30 30 30 30 30 30 30 40 40 40 40 40 40 40 40 40 30 40 40 40 40 40 40 40 40 40 40 40 40 40 40 40 40 40 40 40 40 40 40 40 40 40 40 40 40 40 40 40 40 40 40 40 40 40 40 40 40 40 40 40 30 30 30 30 30 30 30 30 90 90 80 90 90 60 30 80 80 80 80 80 80 80 80 80 80 80 80 80 80 80 80 80 80 80 80 80 80 80 80 80 80 80 80 80 80 80 80 80 80 80 80 80 80 80 80 80 80 80 80 30 30 40 40 40 40 40 40 40 40 40 40 40 40 40
40 40 40 40 40 40 40 40 40 40 40 40 40 40 40 40 40 40 40 40 40 30 30 90 40 40 40 40 40 40 40 40 40 40 40 40 40 40 40 40 40 40 40 40 40 40 40 40 40 40 40 40 40 40 40 40 30 30 30 30 30 30 40 40 40 40 40 40 40 40 30 50 30 40 40 40 40 40 40 40 40 40 40 40 40 40 40 30 40 40 40 40 40 40 40 30 40 40 40 40 40 40 40 40 40 40 40 40 40 40 40 40 40 40 30 30 30 30 30 30 30 30 30 30 30 30 30 30 30 30 40 40 40 40 40 40 40 30 30 40 40 30 40 40 40 40 40 40 40 40 40 40 40 40 40 30 30 40 40 40 40 40 40 40 40 40 40 40 30 40 40 40 30 40 40 40 40 30 30 30 30 30 30 30 30 30 40 40 40 40 40 40 40 40 40 40 40 40 30 30 30 80 80 80 80 80 80 80 80 80 80 80 80 80 80 80 80 80 80 80 80 80 80 80 80 80 80 80 80 80 80 80 80 80 80 80 80 80 80 80 80 80 80 80 80 80 80 80 80 80 80 30 30 30 30 40 40 40 40 40 40 40 40 40 40 30 30 30 30 30 30 30 30 30 40 40 40 40 40 40 40 30 30 40 40 40 40 40 40 40 30 30 40 40 40 40 40 40 40 40 40 40 40 40 40 40 40 40 40 40 40 40 40 40 40 40 40 40 40 40 40 40 40 40 40 30 30 30 30 30 30 30 30 30 30 90 90 90 30 30 30 60 80 80 80 80 80 80 80 80 80 80 80 80 80 80 80 80 80 80 80 80 80 80 80 80 80 80 80 80 80 80 80 80 80 80 80 80 80 80 80 80 80 80 80 30 30 40 40 40 40 40 40 40 40 40 40 40 40 40
40 40 40 40 40 40 40 40 40 40 40 40 40 40 40 40 40 40 40 40 40 30 30 30 40 40 40 40 40 40 40 40 40 40 40 40 40 40 40 40 40 40 40 40 40 40 40 40 40 40 40 40 40 40 40 40 40 30 30 30 30 30 40 40 40 40 40 40 40 90 30 30 50 40 40 40 40 40 40 40 40 40 40 40 40 40 40 40 40 40 40 40 40 40 40 40 40 40 40 40 40 40 40 40 40 40 40 40 40 40 40 40 40 40 30 30 30 30 30 30 30 30 30 30 30 30 30 30 40 40 40 40 40 40 40 40 40 40 40 40 40 40 40 40 40 40 40 40 40 40 40 40 40 40 40 40 40 40 40 40 40 40 40 40 40 40 40 40 40 40 40 40 30 40 40 40 40 30 30 30 30 10 10 10 30 30 30 40 40 40 40 40 40 40 40 40 40 40 30 30 30 80 80 80 80 80 80 80 80 80 80 80 80 80 80 80 80 80 80 80 80 80 80 80 80 80 80 80 80 80 80 80 80 80 80 80 80 80 80 80 80 80 80 80 80 80 80 80 80 80 80 30 30 30 30 30 40 40 40 40 40 40 40 40 30 30 30 30 30 30 30 30 30 30 30 30 40 40 40 40 30 90 30 40 40 30 30 40 40 40 40 40 40 40 40 40 40 40 40 40 40 40 40 40 40 40 40 40 40 40 40 40 40 40 40 40 40 40 40 40 40 40 40 40 40 30 30 30 30 30 30 30 30 30 30 30 90 30 40 40 30 30 80 80 80 80 80 80 80 80 80 80 80 80 80 80 80 80 80 80 90 80 80 80 80 80 80 80 80 80 80 80 80 80 80 80 80 80 80 80 80 80 80 80 80 60 30 30 40 40 40 40 40 40 40 40 40 40 40 40
40 40 40 40 40 40 40 40 40 40 40 40 40 40 40 40 40 40 40 40 40 40 30 90 90 40 40 40 40 40 40 40 40 40 40 40 90 90 40 40 40 40 40 40 40 40 40 40 40 40 40 40 40 40 40 40 40 30 30 30 30 30 90 40 40 40 90 40 40 40 40 30 50 30 40 40 40 40 40 40 40 40 40 40 40 40 40 40 40 40 40 40 40 40 40 40 40 40 40 40 40 40 40 40 40 30 40 40 40 40 40 40 40 40 30 30 30 30 30 30 30 30 30 30 30 40 40 40 40 40 40 40 40 40 40 40 40 40 40 40 40 40 40 40 40 40 40 40 40 40 40 40 40 40 40 40 40 40 40 40 40 40 40 40 40 40 40 40 40 40 40 40 40 40 40 40 40 30 30 30 30 30 30 30 30 30 30 40 40 40 40 40 40 40 40 40 40 40 40 30 30 80 80 80 80 80 80 80 80 80 80 80 80 80 80 80 80 80 80 80 80 80 80 80 80 80 80 80 80 80 80 80 80 80 80 80 80 80 80 80 80 80 80 80 80 80 80 80 80 80 80 80 30 30 30 30 40 40 40 40 40 40 40 30 30 30 30 90 30 30 30 30 30 30 30 90 90 30 40 90 90 30 30 30 40 40 40 40 40 40 40 40 40 40 40 40 40 40 40 40 40 40 40 40 40 40 40 40 40 40 40 40 40 40 40 40 40 40 40 40 40 40 40 40 30 30 30 30 30 30 30 30 30 30 30 30 30 40 30 30 30 30 30 80 80 80 80 80 80 80 80 80 80 80 80 80 80 80 80 80 80 80 80 80 80 80 80 80 80 80 80 80 80 80 80 80 80 80 80 80 80 80 80 80 80 80 30 30 40 40 40 40 40 40 40 40 40 40 40 40
40 40 40 40 40 40 40 40 40 40 40 40 40 40 40 40 40 40 40 40 40 40 30 30 30 40 40 40 40 40 40 40 40 40 40 40 40 40 40 40 40 40 40 40 40 40 40 40 40 40 40 40 40 40 40 40 40 40 30 90 30 30 30 90 90 40 40 40 40 40 40 30 50 30 40 40 40 40 40 40 40 40 40 40 40 40 40 40 40 40 40 40 40 40 40 40 40 40 40 40 40 40 40 40 40 30 40 40 40 40 40 40 40 40 30 30 30 30 30 30 30 30 30 40 40 40 40 40 40 40 40 40 40 40 40 40 40 40 40 40 40 40 40 40 40 40 40 40 40 40 40 40 40 40 40 40 40 40 40 40 40 40 40 40 40 40 40 40 40 40 40 40 40 40 40 40 40 30 30 30 30 30 10 30 30 30 30 40 40 40 40 40 40 40 40 40 40 40 30 30 30 80 80 80 80 80 80 80 80 80 80 80 80 80 80 80 80 80 80 80 80 80 80 80 80 80 80 80 80 80 80 80 80 80 80 80 80 80 80 80 80 80 80 80 80 80 80 80 80 80 80 80 30 30 30 30 30 40 40 40 40 40 40 30 30 30 30 90 90 30 30 30 30 90 90 90 90 30 30 30 30 30 30 30 40 40 40 40 40 40 40 40 40 40 40 40 40 40 40 40 40 40 40 40 40 40 40 40 40 40 40 40 40 40 40 40 40 40 40 40 40 40 40 40 30 30 30 30 30 30 30 30 30 30 30 30 30 30 30 30 30 30 30 80 80 80 80 80 80 80 80 80 80 80 80 80 80 80 80 80 80 80 80 80 80 80 80 80 80 80 80 80 80 80 80 80 80 80 80 80 80 80 80 80 80 80 80 90 90 40 40 40 40 40 40 40 40 40 40 40
40 40 40 40 40 40 40 40 40 40 40 40 40 40 40 40 40 40 40 40 40 40 40 30 30 40 40 40 40 40 40 40 40 40 40 40 40 40 40 40 40 40 40 40 40 40 40 40 40 40 40 40 40 40 40 40 40 30 30 30 30 30 30 90 40 40 40 40 40 40 40 40 30 30 40 40 40 40 40 40 40 40 40 40 40 40 40 40 40 40 40 40 40 40 40 40 40 40 40 40 40 40 40 40 40 30 40 40 40 40 40 40 40 40 30 40 40 40 40 40 40 40 40 40 40 40 40 40 40 40 40 40 40 40 40 40 40 40 40 40 40 40 40 40 40 40 40 40 40 40 40 40 40 40 40 40 40 40 40 40 40 40 40 40 40 40 40 30 30 40 40 40 40 40 40 40 40 30 30 30 30 10 10 30 30 30 30 30 40 40 40 40 40 40 40 40 40 40 40 30 30 80 80 80 80 80 80 80 80 80 80 80 80 80 80 80 80 80 80 80 80 80 80 80 80 80 80 80 80 80 80 80 80 80 80 80 80 80 80 80 80 80 80 80 80 80 80 80 80 80 80 80 60 30 30 30 30 30 40 40 40 40 30 30 30 30 90 90 90 90 90 90 40 90 90 90 90 90 90 30 30 30 30 40 40 40 40 40 40 40 40 40 40 40 40 40 40 40 40 40 40 40 40 40 40 40 40 40 40 40 40 40 40 40 40 40 40 40 40 40 40 40 40 30 30 30 30 30 30 30 30 30 30 30 30 30 30 30 30 30 30 30 30 60 80 80 80 80 80 80 80 80 80 80 80 80 80 80 80 80 80 80 80 80 80 80 80 80 80 80 80 80 80 80 80 80 80 80 80 80 80 80 80 80 80 80 80 30 90 40 40 40 40 40 40 40 40 40 40 40
40 40 40 40 40 40 40 40 40 40 40 40 40 40 40 40 40 40 40 40 40 40 40 30 30 40 40 40 40 40 40 40 40 40 40 40 40 40 40 40 40 40 40 40 40 40 40 40 40 40 40 40 40 40 40 40 40 40 30 30 30 30 30 90 40 40 40 40 40 40 90 40 30 30 40 40 40 40 40 40 40 40 40 40 40 40 40 40 40 40 40 40 40 40 40 40 40 40 40 40 30 40 40 40 40 40 40 40 40 40 40 40 40 40 30 40 40 40 40 40 40 40 40 40 40 40 40 40 40 40 40 40 40 40 40 40 40 40 40 40 40 30 40 40 40 40 40 40 40 40 40 40 40 40 40 40 40 40 40 40 40 40 40 40 40 40 40 40 40 40 40 40 40 40 40 40 40 30 30 30 30 10 10 30 30 10 30 30 40 40 40 40 40 40 40 40 40 40 40 40 30 80 80 80 80 80 80 80 80 80 80 80 80 80 80 80 80 80 80 80 80 80 80 80 80 80 80 80 80 80 80 80 80 80 80 80 80 80 80 80 80 80 80 80 80 80 80 80 80 80 80 80 80 30 30 30 30 30 30 30 40 30 30 30 30 30 90 90 90 90 90 90 90 90 90 90 90 30 30 30 30 30 40 40 40 40 40 40 40 40 40 40 40 40 40 40 40 40 40 40 40 40 40 40 40 40 40 40 40 40 40 40 40 40 40 40 40 40 40 40 40 40 30 30 30 30 30 30 30 30 30 30 30 30 30 30 30 30 30 30 30 30 30 60 80 80 80 80 80 80 80 80 80 80 80 80 80 80 80 80 80 80 80 80 80 80 80 80 80 80 80 80 80 80 80 80 80 80 80 80 80 80 80 80 80 80 80 30 90 30 40 40 40 40 40 40 40 40 40 40
40 40 40 40 40 40 40 40 40 40 40 40 40 40 40 40 40 40 40 40 40 40 40 30 30 30 40 40 40 40 40 40 40 40 40 40 40 40 40 40 40 40 40 40 40 40 40 40 40 40 40 40 40 40 40 40 40 40 40 30 30 30 30 90 90 40 40 90 90 40 40 40 40 30 30 40 40 40 40 40 40 40 40 40 40 40 40 40 40 40 40 40 40 40 40 40 40 40 40 40 30 40 40 40 40 40 40 40 40 40 40 40 40 40 30 40 40 40 40 40 40 40 40 40 40 40 40 40 40 40 40 40 40 40 40 40 40 40 40 40 40 40 40 40 40 40 40 40 40 40 40 40 40 40 40 40 40 40 40 40 40 40 40 40 40 40 40 40 40 40 40 40 40 40 40 40 40 30 40 40 40 10 10 10 30 10 30 30 40 40 40 40 40 40 40 40 40 40 40 40 30 30 80 80 80 80 80 80 80 80 80 80 80 80 80 80 80 80 80 80 80 80 80 80 80 80 80 80 80 80 80 80 80 80 80 80 80 80 80 80 80 80 80 80 80 80 80 80 80 80 80 80 80 30 30 30 30 30 30 30 30 30 30 30 30 30 90 90 90 90 90 90 90 90 90 90 30 30 30 30 30 40 40 40 40 40 40 40 40 40 40 40 40 40 40 40 40 40 40 40 40 40 40 40 40 40 40 40 40 40 40 40 40 40 40 40 40 40 40 40 40 40 30 30 40 30 30 30 30 30 30 30 30 30 30 30 30 30 30 30 30 30 30 30 80 80 80 80 80 80 80 80 80 80 80 80 80 80 80 80 80 80 80 80 80 80 80 80 80 80 80 80 80 80 80 80 80 80 80 80 80 80 80 80 80 80 80 80 30 30 40 40 40 40 40 40 40 40 40 40
40 40 40 40 40 40 40 40 40 40 40 40 40 40 40 40 40 40 40 40 40 40 40 40 30 30 40 40 40 40 40 40 40 40 40 40 40 40 40 40 40 40 40 40 40 40 40 40 40 40 40 40 40 40 40 40 40 40 40 30 30 30 30 90 90 40 40 40 40 40 40 40 40 30 30 40 40 40 40 40 40 40 40 40 40 40 40 40 40 40 40 40 40 40 40 40 40 40 40 40 30 40 40 40 40 40 40 40 40 40 40 40 40 40 40 40 40 40 40 40 40 40 40 40 40 40 40 40 40 40 40 40 40 40 40 40 40 40 40 40 40 40 40 40 40 40 40 40 40 40 40 40 40 40 40 40 40 40 40 40 40 40 40 40 40 40 40 40 40 40 40 40 40 40 40 40 40 30 40 40 40 30 10 10 30 30 30 30 40 40 40 40 40 40 40 40 40 40 40 40 30 30 80 80 80 80 80 80 80 80 80 80 80 80 80 80 80 80 80 80 80 80 80 80 80 80 80 80 80 80 80 80 80 80 80 80 80 80 80 80 80 80 80 80 80 80 80 80 80 80 80 80 80 30 30 30 30 30 30 30 30 30 30 30 30 90 90 80 80 90 90 90 90 90 90 90 30 30 30 40 40 40 40 40 40 40 40 40 40 40 40 40 40 40 40 40 40 40 40 40 40 40 40 40 40 40 40 40 40 40 40 40 40 40 40 40 40 40 40 40 40 40 40 40 40 30 30 30 30 30 30 30 30 30 30 30 30 30 30 30 30 30 30 30 80 80 80 80 80 80 80 80 80 80 80 80 80 80 80 80 80 80 80 80 80 80 80 80 80 80 80 80 80 80 80 80 80 80 80 80 80 80 80 80 80 80 80 80 30 30 40 40 40 40 40 40 40 40 40 40
40 40 40 40 40 40 40 40 40 40 40 40 40 40 40 40 40 40 40 40 40 40 40 40 30 30 30 40 40 40 40 40 40 40 40 40 40 40 40 40 40 40 40 40 40 40 40 40 40 40 40 40 40 40 40 40 40 40 40 30 30 30 30 30 90 40 40 40 40 40 40 40 40 30 50 30 40 40 40 40 40 40 40 40 40 40 40 40 40 40 40 40 40 40 40 40 40 40 40 40 40 40 40 40 40 30 40 40 40 40 40 40 40 40 30 40 40 40 40 30 40 40 40 40 40 40 40 40 40 40 40 40 40 40 40 40 40 40 40 40 40 40 40 40 40 40 40 40 40 40 40 40 40 40 40 40 40 40 40 40 40 40 40 40 40 40 40 40 40 40 40 40 40 40 40 40 40 30 40 40 40 40 10 10 10 30 30 30 40 40 40 40 40 40 40 40 40 40 40 40 40 30 80 80 80 80 80 80 80 80 80 80 80 80 80 80 80 80 80 80 80 80 80 80 80 80 80 80 80 80 80 80 80 80 80 80 80 80 80 80 80 80 80 80 80 80 80 80 80 80 80 80 80 80 90 90 30 30 30 30 30 30 30 30 30 90 90 80 90 90 90 90 90 90 30 30 40 40 40 40 40 40 40 40 40 40 40 40 40 40 40 40 40 40 40 40 40 40 40 40 40 40 40 40 40 40 40 40 40 40 40 40 40 40 40 40 40 40 30 40 40 30 30 30 40 30 30 30 30 30 30 30 30 30 30 90 90 30 30 30 30 30 30 30 80 80 80 80 80 80 80 80 80 80 80 80 80 80 80 80 80 80 80 80 80 80 80 80 80 80 80 80 80 80 80 80 80 80 80 80 80 80 80 80 80 80 80 80 60 30 40 40 40 40 40 40 40 40 40 40
40 40 40 40 40 40 40 40 40 40 40 40 40 40 40 40 40 40 40 40 40 40 40 40 40 30 30 40 40 40 40 40 40 40 40 40 40 40 40 40 40 40 40 40 40 40 40 40 40 40 40 40 40 40 40 40 40 40 40 40 30 30 30 30 30 90 40 40 40 40 40 40 40 30 30 30 40 40 40 40 40 40 40 40 40 40 40 40 40 40 40 40 40 40 40 40 40 40 40 40 40 40 40 40 40 30 40 40 40 40 40 40 40 40 30 40 40 40 40 40 40 40 40 40 40 40 40 40 40 40 40 40 40 40 40 40 40 40 40 40 40 30 30 30 40 40 30 40 40 40 40 40 40 40 30 40 30 30 30 30 30 30 40 40 40 40 40 40 40 30 40 40 40 40 40 40 40 30 40 40 40 40 30 10 10 30 30 30 40 40 40 40 40 40 40 40 40 40 40 40 40 30 30 80 80 80 80 80 80 80 80 80 80 80 80 80 80 80 80 80 80 80 80 80 80 80 80 80 80 80 80 80 80 80 80 80 80 80 80 80 80 80 80 80 80 80 80 80 80 80 80 80 80 80 80 90 90 30 30 30 30 30 30 30 90 90 80 80 90 90 90 30 30 30 40 40 40 40 40 40 40 40 40 40 40 40 40 40 40 40 40 40 40 40 40 40 40 40 40 40 40 40 40 40 40 40 40 40 40 40 40 40 40 40 40 40 40 30 30 30 30 30 30 30 30 30 30 30 30 30 30 30 30 30 90 90 90 90 30 30 30 30 30 30 80 80 80 80 80 80 80 80 80 80 80 80 80 80 80 80 80 80 80 80 80 80 80 80 80 80 80 80 80 80 80 80 80 80 80 80 80 80 80 80 80 80 80 80 60 30 30 40 40 40 40 40 40 40 40 40
40 40 40 40 40 40 40 40 40 40 40 40 40 40 40 40 40 40 40 40 40 40 40 40 40 30 30 30 40 40 40 40 40 40 40 40 40 40 40 40 40 40 40 40 40 40 40 40 40 40 40 40 40 40 40 40 40 40 40 40 30 30 90 30 30 90 40 40 40 40 40 40 40 30 30 30 40 40 40 40 40 40 40 40 40 40 40 40 40 40 40 40 40 40 40 40 40 40 40 40 40 40 40 40 40 30 40 40 40 40 40 40 40 40 30 40 40 40 40 40 40 40 40 40 40 40 40 40 40 40 40 40 40 40 40 40 40 40 40 40 40 30 40 40 40 40 40 40 40 40 40 40 40 40 40 40 40 40 40 40 40 40 40 40 40 40 40 40 40 40 40 40 40 40 40 40 40 30 40 40 40 40 40 10 10 30 10 10 30 40 40 40 40 40 40 40 40 40 40 40 40 30 30 80 80 80 80 80 80 80 80 80 80 80 80 80 80 80 80 80 80 80 80 80 80 80 80 80 80 80 80 80 80 80 80 80 80 80 80 80 80 80 80 80 80 80 80 80 80 80 80 80 80 80 80 80 90 90 30 30 30 30 30 30 90 80 80 90 90 90 90 30 90 40 40 40 40 40 40 40 40 40 40 40 40 40 40 40 40 40 40 40 40 40 40 40 40 40 40 40 40 40 40 40 40 40 40 40 40 40 40 40 40 40 40 40 40 30 30 90 40 30 30 30 30 30 30 30 30 30 30 30 30 90 90 90 90 90 90 30 30 30 30 30 80 80 80 80 80 80 80 80 80 80 80 80 80 80 80 80 80 80 80 80 80 80 80 80 80 80 80 80 80 80 80 80 80 80 80 80 80 80 80 80 80 80 80 80 80 30 30 40 40 40 40 40 40 40 40 40
40 40 40 40 40 40 40 40 40 40 40 40 40 40 40 40 40 40 40 40 40 40 40 40 40 30 30 40 40 40 40 40 40 40 40 40 40 40 40 40 40 40 40 40 40 40 40 40 40 40 40 40 40 40 40 40 40 40 40 40 40 30 90 30 10 30 90 40 40 40 40 40 40 40 30 30 30 40 40 40 40 40 40 40 40 40 40 40 40 40 40 40 40 40 40 40 40 40 40 40 40 40 40 40 40 30 40 40 40 40 40 40 40 40 30 40 40 40 40 40 40 40 40 40 40 40 40 40 40 40 40 40 40 40 40 40 40 40 40 40 40 40 40 30 40 40 40 40 40 40 40 40 40 40 40 40 40 40 40 40 40 40 40 40 40 40 40 40 40 40 40 40 40 40 40 40 40 30 40 40 40 40 40 10 10 10 30 10 30 40 40 40 40 40 40 40 40 40 40 40 40 30 30 80 80 80 80 80 80 80 80 80 80 80 80 80 80 80 80 80 80 80 80 80 80 80 80 80 80 80 80 80 80 80 80 80 80 80 80 80 80 80 80 80 80 80 80 80 80 80 80 80 80 80 80 80 90 90 30 30 90 90 90 80 80 80 80 90 90 90 30 30 30 40 40 40 40 40 40 40 40 40 40 40 40 40 40 40 40 40 40 40 40 40 40 40 40 40 40 40 40 40 40 40 40 40 40 40 40 40 40 40 40 40 40 40 30 30 30 90 90 90 90 90 30 30 30 30 30 30 30 30 30 90 90 90 90 90 90 90 30 30 30 30 50 10 80 80 80 80 80 80 80 80 80 80 80 80 80 80 80 80 80 80 80 80 80 80 80 80 80 80 80 80 80 80 80 80 80 80 80 80 80 80 80 80 80 80 80 60 30 30 40 40 40 40 40 40 40 40
40 40 40 40 40 40 40 40 40 40 40 40 40 40 40 40 40 40 40 40 40 40 40 40 40 40 30 30 40 40 40 40 40 40 40 40 30 40 40 40 40 40 40 40 40 40 40 40 40 40 40 40 40 40 40 40 40 40 40 40 40 30 30 30 10 30 30 40 40 40 40 40 40 40 30 30 30 40 40 40 40 40 40 40 40 40 40 40 40 40 40 40 40 40 40 40 40 40 40 40 40 40 40 40 40 40 40 40 40 40 40 40 40 40 30 40 40 40 40 40 40 40 40 40 40 40 40 40 40 40 40 40 40 40 40 40 40 40 40 40 40 40 40 40 40 40 40 40 40 40 40 40 40 40 40 40 40 40 40 40 40 40 40 40 40 40 40 40 40 40 40 40 40 40 40 40 40 40 40 40 40 40 40 30 10 10 30 10 30 30 40 40 40 40 40 40 40 40 40 40 40 30 30 80 80 80 80 80 80 80 80 80 80 80 80 80 80 80 80 80 80 80 80 80 80 80 80 80 80 80 80 80 80 80 80 80 80 80 80 80 80 80 80 80 80 80 80 80 80 80 80 80 80 80 80 80 90 90 80 90 90 90 80 80 80 80 90 90 90 30 30 40 40 40 40 40 40 40 40 40 40 40 40 40 40 40 40 40 40 40 40 40 40 40 40 40 40 40 40 40 40 40 40 40 40 40 40 40 40 40 40 40 40 40 40 30 30 30 30 90 90 90 90 90 90 90 30 30 30 30 30 30 30 90 30 90 90 30 90 90 30 30 30 80 80 80 80 80 30 80 80 80 80 80 80 80 80 80 80 80 80 80 80 80 80 80 80 80 80 80 80 80 80 80 80 80 80 80 80 80 80 80 80 80 80 80 80 80 80 80 30 30 40 40 40 40 40 40 40 40
40 40 40 40 40 40 40 40 40 40 40 40 40 40 40 40 40 40 40 40 40 40 40 40 40 40 30 30 30 40 40 40 40 40 30 30 30 40 40 40 40 40 40 40 40 40 40 40 40 40 40 40 40 40 40 40 40 40 40 40 40 30 30 30 30 30 30 40 40 40 40 40 40 90 40 30 30 40 40 40 40 40 40 40 40 40 40 30 40 40 40 40 40 40 40 40 40 40 40 40 40 40 40 40 40 40 40 40 40 40 40 40 40 40 30 40 40 40 40 40 40 40 40 40 40 40 40 40 40 40 40 40 40 40 40 40 40 40 40 40 40 40 40 40 40 40 40 40 40 40 40 40 40 40 40 40 40 40 40 30 30 30 30 40 40 40 40 40 30 40 40 40 40 40 40 40 40 30 40 40 40 40 40 40 10 10 10 10 10 30 40 40 40 40 40 40 40 40 40 40 40 40 30 80 80 80 80 80 80 80 80 80 80 80 80 80 80 80 80 80 80 80 80 80 80 80 80 80 80 80 80 80 80 80 80 80 80 80 80 80 80 80 80 80 80 80 80 80 80 80 80 80 80 80 80 80 80 80 80 80 80 80 80 80 90 90 90 90 30 30 30 40 40 40 40 40 40 40 40 40 40 40 40 40 40 40 40 40 40 40 40 40 40 40 40 40 40 40 40 40 40 40 40 40 40 40 40 40 40 40 40 40 40 40 40 30 30 30 30 90 90 90 90 90 90 90 90 30 30 30 30 30 90 90 90 30 30 30 30 30 30 30 80 80 80 80 80 80 80 90 50 50 30 30 30 80 80 80 80 80 80 80 80 80 80 80 80 80 80 80 80 80 80 80 80 80 80 80 80 80 80 80 80 80 80 80 80 80 80 80 30 30 30 40 40 40 40 40 40 40
40 40 40 40 40 40 40 40 40 40 40 40 40 40 40 40 40 40 40 40 40 40 40 40 40 40 30 30 30 40 40 40 30 40 40 40 30 40 40 40 40 40 40 40 40 40 40 40 40 40 40 40 40 40 40 40 40 40 40 40 40 40 30 30 90 30 90 90 40 40 90 40 40 40 40 30 30 40 40 40 40 40 40 40 40 40 40 40 40 40 40 40 40 40 40 40 40 40 40 40 40 40 40 40 40 40 40 40 40 40 40 40 40 40 30 40 40 40 30 40 30 40 30 40 40 40 40 40 40 40 40 40 40 40 40 40 40 40 40 40 40 40 40 40 40 40 40 40 40 40 40 40 40 40 40 40 40 40 30 30 30 30 30 40 40 40 40 40 40 40 40 40 40 40 40 40 40 30 40 40 40 40 40 40 30 10 10 10 10 30 40 40 40 40 40 40 40 40 40 40 40 40 40 30 80 80 80 80 80 80 80 80 80 80 80 80 80 80 80 80 80 80 80 80 80 80 80 80 80 80 80 80 80 80 80 80 80 80 80 80 80 80 80 80 80 80 80 80 80 80 80 80 80 80 80 80 80 80 80 80 80 80 80 80 90 90 90 90 30 30 40 40 40 40 40 40 40 40 40 40 40 40 40 40 40 40 40 40 40 40 40 40 40 40 40 40 40 40 40 40 40 40 40 40 40 40 40 40 40 40 40 40 40 40 30 30 30 30 30 30 30 90 60 30 30 90 90 90 90 90 90 30 30 30 30 30 30 30 30 30 30 80 80 80 80 80 80 80 80 90 90 90 30 30 30 30 30 80 80 80 80 80 80 80 80 80 80 80 80 80 80 80 80 80 80 80 80 80 80 80 80 80 80 80 80 80 80 80 80 80 60 60 30 40 40 40 40 40 40 40
40 40 40 40 40 40 40 40 40 40 40 40 40 40 40 40 40 40 40 40 40 40 40 40 40 40 40 30 30 30 40 40 40 40 40 40 30 30 40 40 40 40 40 40 40 40 40 40 40 40 40 40 40 40 40 40 40 40 40 40 40 40 30 30 30 90 90 90 40 40 40 40 40 40 40 40 30 30 40 40 40 40 40 40 40 40 40 40 40 40 40 40 40 40 40 40 40 40 40 40 40 40 40 40 40 40 40 40 40 40 40 40 40 40 30 40 40 40 40 40 40 40 40 40 40 40 40 40 40 40 40 40 40 40 40 40 40 40 40 40 40 40 40 40 40 40 40 40 40 40 40 40 40 40 40 40 40 40 40 40 30 30 40 40 40 40 40 40 40 30 40 40 40 40 40 40 40 30 40 40 40 40 40 40 30 10 10 30 10 10 30 40 40 40 40 40 40 40 40 40 40 40 40 30 80 80 80 80 80 80 80 80 80 80 80 80 80 80 80 80 80 80 80 80 80 80 80 80 80 80 80 80 80 80 80 80 80 80 80 80 80 80 80 80 80 80 80 80 80 80 80 80 80 80 80 80 80 80 80 80 80 80 80 80 90 30 30 40 40 40 40 40 40 40 40 40 40 40 40 40 40 40 40 40 40 40 40 40 40 40 40 40 40 40 40 40 40 40 40 40 40 40 40 40 40 40 40 40 40 40 40 40 40 30 30 30 30 30 30 30 60 80 80 90 90 30 30 30 90 90 90 90 90 90 30 30 30 30 30 80 80 80 80 80 80 80 80 80 90 90 90 90 30 30 30 30 30 30 80 80 80 80 80 80 80 80 80 80 80 80 80 80 80 80 80 80 80 80 80 80 80 80 80 80 80 80 80 80 80 80 80 60 90 30 40 40 40 40 40 40
40 40 40 40 40 40 40 40 40 40 40 40 40 40 40 40 40 40 40 40 40 40 40 40 40 40 40 30 30 30 40 40 40 40 30 40 30 30 40 40 40 40 40 40 40 40 40 40 40 40 40 30 40 40 40 40 40 40 40 40 40 40 30 30 90 90 90 30 40 40 40 40 40 40 40 40 30 30 40 40 40 40 40 40 40 40 40 40 40 40 40 40 40 40 40 40 40 40 40 40 40 40 40 40 40 40 40 40 40 40 40 40 40 40 30 40 40 40 40 40 40 40 40 40 40 40 40 40 40 40 40 40 40 40 40 40 40 40 40 40 40 40 40 40 40 40 40 40 40 40 40 40 40 40 40 30 40 40 30 40 40 40 40 40 40 40 40 40 40 40 40 40 40 40 40 40 40 30 40 40 40 40 40 40 40 10 10 10 30 10 30 30 40 40 40 40 40 40 40 40 40 40 40 40 30 80 80 80 80 80 80 80 80 80 80 80 80 80 80 80 80 80 80 80 80 80 80 80 80 80 80 80 80 80 80 80 80 80 80 80 80 80 80 80 80 80 80 80 80 80 80 80 80 80 80 80 80 80 80 80 80 80 80 90 90 30 40 40 40 40 40 40 40 40 40 40 40 40 40 40 40 40 40 40 40 40 40 40 40 40 40 40 40 40 40 40 40 40 40 40 40 40 40 40 40 40 40 40 40 40 40 40 40 30 30 30 30 30 30 30 80 80 80 80 80 90 30 30 30 30 90 90 90 60 90 30 30 30 80 80 80 80 80 80 80 80 80 80 30 30 90 90 60 30 30 30 30 30 60 80 80 80 80 80 80 80 80 80 80 80 80 80 80 80 80 80 80 80 80 80 80 80 80 80 80 80 80 80 80 80 80 30 80 90 40 40 40 40 40 40
40 40 40 40 40 40 40 40 40 40 40 40 40 40 40 40 40 40 40 40 40 40 40 40 40 40 40 40 30 30 40 40 40 40 40 40 30 40 40 40 40 40 40 40 40 40 40 40 90 40 40 40 40 40 40 40 40 40 40 40 40 40 40 30 30 30 30 90 30 40 40 40 40 40 40 40 30 30 40 40 40 40 40 40 40 40 40 40 40 40 40 40 40 40 40 40 40 40 40 40 40 40 40 40 40 40 40 40 40 40 40 40 40 40 40 40 40 40 40 30 40 40 30 40 40 40 40 40 40 40 40 40 40 40 40 40 40 40 40 40 40 40 40 40 40 40 40 40 40 40 40 40 40 40 40 40 40 40 40 30 40 40 40 40 40 40 40 40 30 40 40 40 40 40 40 40 40 40 40 40 40 40 40 40 40 30 10 10 30 10 30 30 40 40 40 40 40 40 40 40 40 40 40 40 30 80 80 80 80 80 80 80 80 80 80 80 80 80 80 80 80 80 80 80 80 80 80 80 80 80 80 80 80 80 80 80 80 80 80 80 80 80 80 80 80 80 80 80 80 80 80 80 80 80 80 80 80 80 80 80 80 80 30 30 30 30 40 40 40 40 40 40 40 40 40 40 40 40 40 40 40 40 40 40 40 40 40 40 40 40 40 40 40 40 40 40 40 40 40 40 40 40 40 40 40 40 40 40 40 40 40 40 30 30 30 30 30 30 30 30 80 80 80 80 80 80 80 90 30 30 30 30 90 90 90 30 30 80 80 80 80 80 80 80 80 80 80 30 30 30 30 90 30 30 30 30 30 30 30 60 80 80 80 80 80 80 80 80 80 80 80 80 80 80 80 80 80 80 80 80 80 80 80 80 80 80 80 80 80 80 80 60 80 80 30 40 40 40 40 40
40 40 40 40 40 40 40 40 40 40 40 40 40 40 40 40 40 40 40 40 40 40 40 40 40 40 40 40 30 30 30 40 40 40 40 40 40 40 40 40 40 40 40 40 40 40 40 40 40 40 40 40 40 40 40 40 40 40 40 40 40 40 40 30 30 30 30 30 30 40 40 40 40 40 40 40 30 30 40 40 40 40 40 40 40 40 40 40 40 40 40 40 40 40 40 40 40 40 40 40 40 40 40 40 40 40 40 40 40 40 40 40 40 40 30 40 40 40 40 40 40 40 40 40 40 40 40 40 40 40 40 40 40 40 40 40 40 40 40 40 40 40 40 40 40 40 40 40 40 40 40 40 40 40 40 40 40 40 40 40 40 40 40 40 40 40 40 40 40 40 40 40 40 40 40 40 40 30 40 40 40 40 40 40 40 40 10 10 10 90 10 30 30 40 40 40 40 40 40 40 40 40 40 40 30 80 80 80 80 80 80 80 80 80 80 80 80 80 80 80 80 80 80 80 80 80 80 80 80 80 80 80 80 80 80 80 80 80 80 80 80 80 80 80 80 80 80 80 80 80 80 80 80 80 80 80 80 80 80 80 80 30 30 30 30 30 40 40 40 40 40 40 40 40 40 40 40 40 40 40 40 40 40 40 40 40 40 40 40 40 40 40 40 40 40 40 40 40 40 40 40 40 40 40 40 40 40 40 40 40 40 30 30 30 30 30 30 30 30 30 80 80 80 80 80 80 80 80 90 30 30 30 90 90 30 30 80 80 80 80 80 80 80 80 80 80 80 30 30 30 30 90 30 30 30 30 30 30 30 30 80 80 80 80 80 80 80 80 80 80 80 80 80 80 80 80 80 80 80 80 80 80 80 80 80 80 80 80 80 80 80 80 30 80 80 40 40 40 40 40
40 40 40 40 40 40 40 40 40 40 40 40 40 40 40 40 40 40 40 40 40 40 40 40 40 40 40 40 30 30 30 40 40 40 40 40 40 40 40 40 40 40 40 40 40 40 40 40 40 40 40 40 40 40 40 40 40 40 40 40 40 40 40 40 30 30 30 30 90 40 40 40 40 40 40 40 30 30 30 40 40 40 40 40 40 40 40 40 40 40 40 40 40 40 40 40 40 40 40 40 40 40 40 40 40 40 40 40 40 40 40 40 40 40 30 40 40 40 40 40 40 40 40 40 40 40 40 40 40 40 40 40 40 40 40 40 40 40 40 40 40 40 40 40 40 40 40 40 40 40 40 40 40 40 40 40 40 40 40 40 40 40 40 40 40 40 40 40 40 40 40 40 40 40 40 40 40 30 40 40 40 40 40 40 40 40 30 10 10 30 30 30 30 40 40 40 40 40 40 40 40 40 40 40 40 30 80 80 80 80 80 80 80 80 80 80 80 80 80 80 80 80 80 80 80 80 80 80 80 80 80 80 80 80 80 80 80 80 80 80 80 80 80 80 80 80 80 80 80 80 80 80 80 80 80 80 80 80 80 80 30 30 30 30 30 30 30 40 40 40 40 40 40 40 40 40 40 40 40 40 40 40 40 40 40 40 40 40 40 40 40 40 40 40 40 40 40 40 40 40 40 40 40 40 40 40 40 40 40 40 30 30 30 30 30 30 30 30 30 30 80 80 80 80 80 80 80 80 80 60 30 30 30 30 30 80 80 80 80 80 80 80 80 80 80 80 80 30 30 30 90 90 30 30 30 30 30 30 30 30 30 80 80 80 80 80 80 80 80 80 80 80 80 80 80 80 80 80 80 80 80 80 80 80 80 80 80 80 80 80 80 80 60 80 80 30 40 40 40 40
40 40 40 40 40 40 40 40 40 40 40 40 40 40 40 40 40 40 40 40 40 40 40 40 40 40 40 40 30 30 30 40 40 40 40 40 40 40 40 40 30 40 40 40 40 40 40 40 40 40 40 40 40 40 40 40 40 40 40 40 40 40 40 40 30 30 30 90 30 30 40 40 40 40 40 40 30 30 30 40 40 40 40 40 40 40 40 40 40 40 40 40 40 40 40 40 40 40 40 40 40 40 40 40 40 40 40 40 40 40 40 40 40 40 40 40 40 40 40 40 40 40 40 40 40 40 40 40 40 40 40 40 40 40 40 40 40 40 40 40 40 40 40 40 40 40 40 40 40 40 40 40 40 40 40 40 40 40 40 40 40 40 40 40 40 40 40 40 40 40 40 40 40 40 40 40 40 30 40 40 40 40 40 40 40 40 40 10 10 30 30 10 30 30 40 40 40 40 40 40 40 40 40 40 40 30 80 80 80 80 80 80 80 80 80 80 80 80 80 80 80 80 80 80 80 80 80 80 80 80 80 80 80 80 80 80 80 80 80 80 80 80 80 80 80 80 80 80 80 80 80 80 80 80 80 80 80 80 90 30 30 30 30 30 30 30 30 30 40 40 40 40 40 40 40 40 40 40 40 40 40 40 40 40 40 40 40 40 40 40 40 40 40 40 40 40 40 40 40 40 40 40 40 40 40 40 40 40 40 30 30 30 30 90 30 30 30 30 30 30 30 80 80 80 80 80 80 80 80 80 80 80 80 80 80 80 80 80 80 80 80 80 80 80 80 80 80 30 30 30 90 90 30 30 30 30 30 30 30 30 30 30 80 80 80 80 80 80 80 80 80 80 80 80 80 80 80 80 80 80 80 80 80 80 80 80 80 80 80 80 80 80 60 60 80 80 40 40 40 40
40 40 40 40 40 40 40 40 40 40 40 40 40 40 40 40 40 40 40 40 40 40 40 40 40 40 40 40 40 30 30 30 40 40 40 40 40 40 30 40 40 40 40 40 40 40 40 40 40 40 40 40 40 40 40 40 40 40 40 40 40 40 40 90 30 30 30 30 90 30 40 40 40 40 40 40 40 30 30 40 40 40 40 40 40 40 40 40 40 40 40 40 40 40 40 40 40 40 40 40 40 40 40 40 40 30 40 40 40 40 40 40 40 40 30 40 40 40 40 40 40 40 40 40 40 40 40 40 40 40 40 40 40 40 40 40 40 40 40 40 40 40 40 40 40 40 40 40 40 40 40 40 40 40 40 40 40 40 40 40 40 40 40 40 40 40 40 40 40 40 40 40 40 40 40 40 40 30 40 40 40 40 40 40 40 40 40 30 10 10 30 30 30 30 40 40 40 40 40 40 40 40 40 40 40 40 80 80 80 80 80 80 80 80 80 80 80 80 80 80 80 80 80 80 80 80 80 80 80 80 80 80 80 80 80 80 80 80 80 80 80 80 80 80 80 80 80 80 80 80 80 80 80 80 80 80 80 90 30 30 30 30 30 30 30 30 30 30 30 40 40 40 40 40 40 40 40 40 40 40 40 40 40 40 40 40 40 40 40 40 40 40 40 40 40 40 40 40 40 40 40 40 40 40 40 40 40 40 30 30 30 30 30 30 30 30 30 30 30 30 30 80 80 80 80 80 80 80 80 80 80 80 80 80 80 80 80 80 80 80 80 80 80 80 80 80 80 80 30 30 90 90 30 30 30 30 30 30 30 30 30 30 30 80 80 80 80 80 80 80 80 80 80 80 80 80 80 80 80 80 80 80 80 80 80 80 80 80 80 80 80 80 30 60 80 80 40 40 40 40
40 40 40 40 40 40 40 40 40 40 40 40 40 40 40 40 40 40 40 40 40 40 40 40 40 40 40 40 40 40 30 30 40 40 40 30 30 40 40 40 40 40 40 40 40 40 40 40 40 40 40 40 40 40 40 40 40 40 40 40 90 30 40 40 40 30 30 30 30 30 40 40 40 40 40 40 40 30 30 30 40 40 40 40 40 40 40 40 40 40 40 40 40 40 40 40 40 40 40 40 40 40 40 40 40 30 40 40 40 40 40 40 40 40 30 40 40 40 40 40 40 40 40 40 40 40 40 40 40 40 40 40 40 40 40 40 40 40 40 40 40 40 40 40 40 40 40 40 40 40 40 40 40 40 40 40 40 40 40 40 40 40 40 40 40 40 40 40 40 40 40 40 40 40 40 40 40 30 40 40 40 40 40 40 40 40 40 30 10 10 10 30 30 30 40 40 40 40 40 40 40 40 40 40 40 40 30 80 80 80 80 80 80 80 80 80 80 80 80 80 80 80 80 80 80 80 80 80 80 80 80 80 80 80 80 80 80 80 80 80 80 80 80 80 80 80 80 80 80 80 80 80 80 80 80 80 90 30 30 30 30 30 30 30 30 30 30 30 30 40 40 40 40 40 40 40 40 40 40 40 40 40 40 40 40 40 40 40 40 40 40 40 40 40 40 40 40 40 40 40 40 40 40 40 40 40 40 40 40 30 30 30 30 30 90 30 30 30 30 30 30 80 80 80 80 80 80 80 80 80 80 80 80 80 80 80 80 80 80 80 80 80 80 80 80 80 80 30 30 90 90 30 30 30 30 30 30 30 30 30 30 30 30 30 80 80 80 80 80 80 80 80 80 80 80 80 80 80 80 80 80 80 80 80 80 80 80 80 80 80 80 80 80 90 80 90 30 40 40 40
40 40 40 40 40 40 40 40 40 40 40 40 40 40 40 40 40 40 40 40 40 40 40 40 40 40 40 40 40 40 30 30 40 30 40 40 40 40 40 40 40 40 40 40 40 40 40 40 40 40 40 40 40 40 40 40 40 40 30 40 40 40 40 40 40 30 30 30 90 90 30 40 40 40 40 40 40 30 30 30 40 40 40 40 40 40 40 30 40 40 40 40 40 40 40 40 40 40 40 40 40 40 40 40 40 40 40 40 40 40 40 40 40 40 30 40 40 40 40 40 40 40 40 40 40 40 40 40 40 40 40 40 40 40 40 40 40 40 40 40 40 40 40 40 40 40 40 40 40 40 40 40 40 40 40 40 40 40 40 40 40 40 40 40 40 40 40 40 40 40 40 40 40 40 40 40 40 30 40 40 40 40 40 40 40 40 40 40 10 10 10 30 30 30 30 30 30 40 40 40 40 40 40 40 30 40 30 80 80 80 80 80 80 80 80 80 80 80 80 80 80 80 80 80 80 80 80 80 80 80 80 80 80 80 80 80 80 80 80 80 80 80 80 80 80 80 80 80 80 80 80 80 80 80 80 80 30 30 30 30 30 30 30 30 30 30 30 30 30 30 40 40 40 40 40 40 40 40 40 40 40 40 40 40 40 40 40 40 40 40 40 40 40 40 40 40 40 40 40 40 40 40 40 40 40 40 40 40 40 40 30 30 30 30 30 30 30 30 30 30 30 30 80 80 80 80 80 80 80 80 80 80 80 80 80 80 80 80 80 80 80 80 80 80 80 80 80 30 30 90 30 30 30 30 30 30 30 30 30 30 30 30 30 30 30 80 80 80 80 80 80 80 80 80 80 80 80 80 80 80 80 80 80 80 80 80 80 80 80 80 80 30 80 80 30 30 30 40 40 40
40 40 40 40 40 40 40 40 40 40 40 40 40 40 40 40 40 40 40 40 40 40 40 40 40 40 40 40 40 40 30 30 30 40 40 40 40 40 40 40 40 40 40 40 40 40 40 40 40 40 40 40 40 40 40 40 30 40 40 40 40 40 40 40 40 40 30 30 30 30 40 40 40 40 40 40 40 40 30 30 40 40 40 40 40 40 40 40 40 40 40 40 40 40 40 40 40 40 40 40 40 40 40 40 40 30 40 40 40 40 40 40 40 40 40 40 40 40 30 40 40 40 40 40 40 40 40 40 40 40 40 40 40 40 40 40 40 40 40 40 40 40 40 40 40 40 40 40 40 40 40 40 40 40 40 40 40 40 40 40 40 40 40 40 40 40 40 40 40 40 40 40 40 40 40 40 40 30 40 40 40 40 40 40 40 40 40 40 30 10 10 30 30 30 30 30 40 40 40 40 40 40 40 40 40 30 30 80 80 80 80 80 80 80 80 80 80 80 80 80 80 80 80 80 80 80 80 80 80 80 80 80 80 80 80 80 80 80 80 80 80 80 80 80 80 80 80 80 80 80 80 80 80 80 80 80 80 80 30 30 30 30 30 30 30 30 30 30 30 30 30 40 40 40 40 40 40 40 40 40 40 40 40 40 40 40 40 40 40 40 40 40 40 40 40 40 40 40 40 40 40 40 40 40 40 40 40 40 40 40 30 30 30 30 30 30 90 30 30 30 30 30 80 80 80 80 80 80 80 80 80 80 80 80 80 80 80 80 80 80 80 80 80 80 80 80 30 30 90 30 30 30 30 30 30 30 30 30 30 30 30 30 30 30 30 60 80 80 80 80 80 80 80 80 80 80 80 80 80 80 80 80 80 80 80 80 80 80 80 80 30 80 80 30 30 30 30 30 40 40
40 40 40 40 40 40 40 40 40 40 40 40 40 40 40 40 40 40 40 40 40 40 40 40 40 40 40 40 40 40 40 30 30 40 40 40 40 40 40 40 40 40 40 40 40 40 40 40 40 40 40 40 40 40 40 40 40 40 40 40 40 40 40 40 40 40 30 30 90 90 30 40 40 40 40 40 40 40 30 50 30 40 40 40 40 40 40 40 40 40 40 40 40 40 40 40 40 40 40 40 40 40 40 40 40 40 40 40 40 40 40 40 40 40 40 40 40 40 40 40 40 40 40 40 40 40 40 40 40 40 40 40 40 40 40 40 40 40 40 40 40 40 40 40 40 40 40 40 40 40 40 40 40 40 40 40 40 40 40 40 40 40 40 40 40 40 40 40 40 40 40 40 40 40 40 40 40 30 40 40 40 40 40 40 40 40 40 40 40 10 10 10 30 30 30 30 40 40 40 40 40 40 40 40 40 40 30 80 80 80 80 80 80 80 80 80 80 80 80 80 80 80 80 80 80 80 80 80 80 80 80 80 80 80 80 80 80 80 80 80 80 80 80 80 80 80 80 80 80 80 80 80 80 80 80 80 80 80 80 30 30 30 30 30 30 30 30 30 30 30 30 40 40 40 40 40 40 40 40 40 40 40 40 40 40 40 40 40 40 40 40 40 40 40 40 40 40 40 40 40 40 40 40 40 40 40 40 40 40 40 30 40 40 30 30 30 30 30 30 30 30 30 30 30 80 80 80 80 80 80 80 80 80 80 80 80 80 80 80 80 80 80 80 80 80 80 30 30 30 30 30 30 30 30 30 30 30 30 30 30 30 30 30 30 30 30 30 80 80 80 80 80 80 80 80 80 80 80 80 80 80 80 80 80 80 80 80 80 80 30 50 50 30 30 30 30 30 30 40 40
40 40 40 40 40 40 40 40 40 40 40 40 40 40 40 40 40 40 40 40 40 40 40 40 40 40 40 40 40 40 40 30 30 40 40 40 40 40 40 40 40 40 40 40 40 40 40 40 40 40 40 40 40 40 40 40 40 40 40 40 40 40 40 40 40 40 30 30 30 90 30 40 40 40 40 40 40 40 30 30 30 40 40 40 40 40 40 40 40 40 40 40 40 40 40 40 40 40 40 40 40 40 40 40 40 40 40 40 40 40 40 40 40 40 40 40 40 40 40 40 40 40 40 40 40 40 40 40 40 40 40 40 40 40 40 40 40 40 40 40 40 40 40 40 40 40 40 40 40 40 40 40 40 40 40 40 40 40 40 40 40 40 40 40 40 40 40 40 40 40 40 40 40 40 40 40 40 30 40 40 40 40 40 40 40 40 40 40 40 30 30 10 30 30 30 30 40 40 40 40 40 40 40 40 40 30 30 30 80 80 80 80 80 80 80 80 80 80 80 80 80 80 80 80 80 80 80 80 80 80 80 80 80 80 80 80 80 80 80 80 80 80 80 80 80 80 80 80 80 80 80 80 80 80 80 80 80 80 80 30 30 30 30 30 30 30 30 30 30 30 30 30 40 40 40 40 40 40 40 40 40 40 40 40 40 40 40 40 40 40 40 40 40 40 40 40 40 40 40 40 40 40 40 40 40 40 40 40 40 40 30 40 40 40 30 30 30 30 30 30 30 30 30 30 80 80 80 80 80 80 80 80 80 80 80 80 80 80 80 80 80 80 80 80 80 30 30 30 30 30 30 30 30 30 30 30 30 30 30 30 30 30 30 30 30 30 40 60 80 80 80 80 80 80 80 80 80 80 80 80 80 80 80 80 80 80 80 80 80 60 30 30 30 30 30 30 30 30 40 40
40 40 40 40 40 40 40 40 40 40 40 40 40 40 40 40 40 40 40 40 40 40 40 40 40 40 40 40 40 40 40 40 30 30 40 40 40 40 40 40 40 40 40 40 40 40 40 90 90 40 40 40 40 40 40 40 40 40 40 40 40 40 40 40 40 40 40 30 30 30 90 30 40 40 40 40 40 40 40 30 30 40 40 40 40 40 40 40 40 40 40 40 40 40 40 40 40 40 40 40 40 40 40 40 40 40 40 40 40 40 40 40 40 40 40 40 40 40 30 40 40 40 40 40 40 40 40 40 40 40 40 40 40 40 40 40 40 40 40 40 40 40 40 40 40 40 40 40 40 40 40 40 40 40 40 40 40 40 40 40 40 40 40 40 40 40 40 40 40 40 40 40 40 40 40 40 40 30 40 40 40 40 40 40 40 40 40 40 40 30 30 10 30 30 30 30 40 40 40 40 40 40 40 40 40 40 40 30 80 80 80 80 80 80 80 80 80 80 80 80 80 80 80 80 80 80 80 80 80 80 80 80 80 80 80 80 80 80 80 80 80 80 80 80 80 80 80 80 80 80 80 80 80 80 80 80 80 80 80 80 80 30 30 30 30 30 30 30 30 30 30 30 30 40 40 40 40 40 40 40 40 40 40 40 40 40 40 40 40 40 40 40 40 40 40 40 40 40 40 40 40 40 40 40 40 40 40 40 40 40 40 40 40 40 40 30 30 30 30 30 30 30 30 30 30 80 80 80 80 80 80 80 80 80 80 80 80 80 80 80 80 80 80 80 30 30 30 30 30 30 30 30 30 30 30 30 30 30 30 30 30 30 30 30 30 30 30 30 80 80 80 80 80 80 80 80 80 80 80 80 80 80 80 80 80 80 80 80 30 60 30 30 30 30 30 30 30 30 30 40
40 40 40 40 40 40 40 40 40 40 40 40 40 40 40 40 40 40 40 40 40 40 40 40 40 40 40 40 40 40 40 40 30 30 40 40 40 40 40 40 40 40 40 40 40 30 40 40 40 40 40 40 40 40 40 40 40 40 40 40 40 40 40 40 40 40 40 30 30 90 90 40 40 40 40 40 40 40 40 30 50 30 40 40 40 40 40 40 40 40 40 40 40 40 40 40 40 40 40 40 40 40 40 40 40 40 40 40 40 40 40 40 40 40 40 40 40 40 30 40 40 40 40 40 40 40 40 40 40 40 40 40 40 40 40 40 40 40 40 40 40 40 40 40 40 40 40 40 40 40 40 40 40 40 40 40 40 40 40 40 40 40 40 40 40 40 40 40 40 40 40 40 40 40 40 40 40 30 40 40 40 40 40 40 40 40 40 40 40 40 30 10 10 30 30 30 30 40 40 40 40 40 40 40 40 40 40 40 80 80 80 80 80 80 80 80 80 80 80 80 80 80 80 80 80 80 80 80 80 80 80 80 80 80 80 80 80 80 80 80 80 80 80 80 80 80 80 80 80 80 80 80 80 80 80 80 80 80 80 80 80 80 30 30 30 30 30 30 30 30 30 30 30 30 30 40 40 40 40 40 40 40 40 40 40 40 40 40 40 40 40 40 40 40 40 40 40 40 40 40 40 40 40 40 40 40 40 40 40 40 40 40 40 40 40 40 40 40 40 30 30 30 30 30 30 30 80 80 80 80 80 80 80 80 80 80 80 80 80 80 80 80 80 30 30 30 30 30 30 30 30 30 30 30 30 30 30 30 30 30 30 30 30 30 30 30 30 30 60 80 80 80 80 80 80 80 80 80 80 80 80 80 80 80 80 80 80 80 30 30 30 30 30 30 30 30 30 30 30 40
40 40 40 40 40 40 40 40 40 40 40 40 40 40 40 40 40 40 40 40 40 40 40 40 40 40 40 40 40 40 40 40 30 30 30 40 40 40 40 40 40 30 30 40 40 40 40 40 40 40 40 40 40 40 40 40 40 40 40 40 40 40 40 40 40 40 40 30 30 30 30 30 40 40 40 40 40 40 40 30 30 30 40 40 40 40 40 40 40 40 40 40 40 40 40 40 40 40 40 40 40 40 40 40 40 40 40 40 40 40 40 40 40 40 40 40 40 40 40 40 40 40 40 40 40 40 40 40 40 40 40 40 40 40 40 40 40 40 40 40 40 40 40 40 40 40 40 40 40 40 40 40 40 40 40 40 40 40 40 40 40 40 40 40 40 40 40 40 40 40 40 40 40 40 40 40 40 30 30 30 40 40 40 40 40 40 40 40 40 40 30 30 10 30 30 30 30 40 40 40 40 40 40 40 40 40 40 40 80 80 80 80 80 80 80 80 80 80 80 80 80 80 80 80 80 80 80 80 80 80 80 80 80 80 80 80 80 80 80 80 80 80 80 80 80 80 80 80 80 80 80 80 80 80 80 80 80 80 80 80 80 80 80 80 80 30 30 30 30 30 30 30 30 30 30 30 40 40 40 40 40 40 40 40 40 40 40 40 40 40 40 40 40 40 40 40 40 40 40 40 40 40 40 40 40 40 40 40 40 40 40 40 40 40 40 40 40 40 30 40 30 30 30 30 30 30 30 80 80 80 80 80 80 80 80 80 80 80 80 80 80 80 30 30 30 30 30 30 30 30 30 30 30 30 30 30 30 30 30 30 30 30 30 30 30 30 30 30 60 80 80 80 80 80 80 80 80 80 80 80 80 80 80 80 80 80 80 80 30 30 30 30 30 30 30 30 40 40 40 40
40 40 40 40 40 40 40 40 40 40 40 40 40 40 40 40 40 40 40 40 40 40 40 40 40 40 40 40 40 40 40 40 40 30 30 40 40 40 40 30 30 40 40 40 40 40 40 40 40 40 40 40 40 40 40 40 40 40 40 40 40 40 40 40 40 40 40 40 30 30 30 30 30 40 40 40 40 40 40 40 30 30 40 40 40 40 40 40 40 40 40 40 40 40 40 40 40 40 40 40 40 40 40 40 40 40 40 40 40 40 40 40 40 40 40 40 40 40 40 40 40 40 40 40 40 40 40 40 40 40 40 40 40 40 40 40 40 40 40 40 40 40 40 40 40 40 40 40 40 40 40 40 40 40 40 40 40 40 40 40 40 40 40 40 40 40 40 40 40 30 40 40 40 40 40 40 40 40 40 40 40 40 40 40 40 40 40 40 40 40 40 10 10 10 30 30 30 40 40 40 40 40 40 40 40 40 40 40 80 80 80 80 80 80 80 80 80 80 80 80 80 80 80 80 80 80 80 80 80 80 80 80 80 80 80 80 80 80 80 80 80 80 80 80 80 80 80 80 80 80 80 80 80 80 80 80 80 80 80 80 80 80 80 80 80 80 80 80 30 30 30 30 30 30 30 30 30 30 30 40 40 40 40 40 40 40 40 40 40 40 40 40 40 40 40 40 40 40 40 40 40 40 40 40 40 40 40 40 40 40 40 40 40 40 40 40 40 40 40 40 40 40 30 30 30 30 30 30 80 80 80 80 80 80 80 80 80 80 80 80 80 80 30 90 30 30 30 30 30 30 30 30 30 30 30 30 30 30 30 30 30 30 30 30 30 30 30 30 30 80 80 80 80 80 80 80 80 80 80 80 80 80 80 80 80 80 80 80 30 30 30 30 30 30 40 40 40 40 40 40
40 40 40 40 40 40 40 40 40 40 40 40 40 40 40 40 40 40 40 40 40 40 40 40 40 40 40 40 40 40 40 40 40 30 30 40 40 40 40 40 40 40 40 40 40 40 40 40 40 40 40 40 40 40 40 40 40 40 40 40 40 40 40 40 40 40 40 40 30 30 30 90 30 30 30 40 40 40 40 40 30 50 30 40 40 40 40 40 30 40 40 40 40 40 40 40 40 40 40 40 40 40 40 40 40 30 40 40 40 40 30 40 40 40 40 30 30 40 40 30 30 30 30 40 40 40 40 40 40 40 40 40 40 40 40 40 40 40 40 40 40 30 40 40 40 40 40 40 40 90 40 30 30 40 40 40 40 30 30 30 40 40 30 30 30 30 30 30 30 30 30 30 40 30 30 30 30 30 40 40 40 40 40 40 40 40 40 40 40 40 40 30 30 10 30 30 30 40 40 40 40 40 40 40 40 40 40 30 30 80 80 80 80 80 80 80 80 80 80 80 80 80 80 80 80 80 80 80 80 80 80 80 80 80 80 80 80 80 80 80 80 80 80 80 80 80 80 80 80 80 80 80 80 80 80 80 80 80 80 80 80 80 80 80 80 80 80 80 80 80 80 30 30 30 30 30 30 30 30 30 40 40 40 40 40 40 40 40 40 40 40 40 40 40 40 40 40 40 40 40 40 40 40 40 40 40 40 40 40 40 40 40 40 40 40 40 40 40 40 40 40 40 40 40 30 30 30 30 80 80 80 80 80 80 80 80 80 80 80 80 80 30 30 90 30 30 30 30 30 30 30 30 30 30 30 30 30 30 30 30 30 30 30 30 30 30 30 30 30 60 80 80 80 80 80 80 80 80 80 80 80 80 80 80 80 80 80 80 60 30 30 30 40 40 40 40 40 40 40 40
40 40 40 40 40 40 40 40 40 40 40 40 40 40 40 40 40 40 40 40 40 40 40 40 40 40 40 40 40 40 40 40 40 30 30 30 40 40 40 40 40 40 40 40 40 40 40 40 40 40 40 40 40 40 40 40 40 40 40 40 40 40 40 40 40 40 40 40 40 40 30 30 30 40 40 40 40 40 40 40 30 30 30 30 30 30 30 40 40 40 40 40 30 40 40 40 40 40 40 40 40 40 40 40 40 40 40 40 40 40 40 40 40 40 40 40 40 40 40 40 40 40 40 40 40 40 40 40 40 40 40 40 40 40 40 40 40 40 40 40 40 40 40 40 40 40 40 40 40 40 40 40 40 40 40 40 40 40 40 40 40 40 40 40 40 40 40 40 40 40 40 40 40 40 40 40 40 40 40 40 40 40 40 40 40 40 40 40 40 40 40 40 10 10 30 30 30 30 40 40 40 40 40 40 40 40 40 40 40 80 80 80 80 80 80 80 80 80 80 80 80 80 80 80 80 80 80 80 80 80 80 80 80 80 80 80 80 80 80 80 80 80 80 80 80 80 80 80 80 80 80 80 80 80 80 80 80 80 80 80 80 80 80 80 80 80 80 80 80 80 80 80 80 80 80 30 30 30 30 30 30 30 40 40 40 40 40 40 40 40 40 40 40 40 40 40 40 40 40 40 40 40 40 40 40 40 40 40 40 40 40 40 40 40 40 40 40 40 40 40 40 40 40 40 40 30 30 30 30 80 80 80 80 80 80 80 80 80 80 80 80 30 90 90 30 30 30 30 30 30 30 30 30 30 30 30 30 30 30 30 30 30 30 30 30 30 30 30 30 30 30 30 80 80 80 80 80 80 80 80 80 80 80 80 80 80 80 30 30 30 30 30 40 40 40 40 40 40 40 40
30 30 30 30 40 30 30 30 30 30 30 90 30 30 30 30 30 30 30 30 30 30 30 30 30 30 30 40 30 30 30 30 30 30 30 30 40 40 40 40 40 40 40 40 40 40 40 40 40 40 40 40 40 40 40 40 40 40 40 40 40 40 40 40 40 40 40 40 40 40 30 30 90 30 40 40 40 40 40 40 30 30 30 40 40 40 40 40 40 40 40 40 40 40 40 40 40 40 40 40 40 40 40 40 40 40 40 40 40 40 40 40 40 40 40 40 40 40 40 40 40 40 40 40 40 40 40 40 40 40 40 40 40 40 40 40 40 40 40 40 40 40 40 40 40 40 40 40 40 40 40 40 40 40 40 40 40 40 40 40 40 40 40 40 40 40 40 40 40 40 40 40 40 40 40 40 40 40 40 40 40 40 40 40 40 40 40 40 40 40 40 40 30 30 30 30 30 30 30 40 40 40 40 40 40 40 40 40 40 30 80 80 80 80 80 80 80 80 80 80 80 80 80 80 80 80 80 80 80 80 80 80 80 80 80 80 80 80 80 80 80 80 80 80 80 80 80 80 80 80 80 80 80 80 80 80 80 80 80 80 80 80 80 80 80 80 80 80 80 80 80 80 80 80 80 80 80 80 80 30 30 30 30 40 40 40 40 40 40 40 40 40 40 40 40 40 40 40 40 40 40 40 40 40 40 40 40 40 40 40 40 40 40 40 40 40 40 40 40 40 40 40 40 40 40 40 30 30 30 30 80 80 80 80 80 80 80 80 80 80 80 30 90 30 30 30 30 30 30 30 30 30 30 30 30 30 30 30 30 30 30 30 30 30 30 30 30 30 30 30 30 30 30 80 80 80 80 80 80 80 80 80 80 80 80 80 30 50 30 30 30 30 30 40 40 40 40 40 40 40
30 30 30 50 30 30 30 30 50 50 50 50 30 30 30 30 30 30 30 30 30 30 30 30 30 30 30 30 30 30 30 30 30 30 30 30 30 40 40 40 40 40 40 40 40 40 40 40 40 40 30 40 40 40 40 40 40 40 40 40 40 40 40 40 40 40 40 40 40 40 30 30 30 30 40 40 40 40 40 40 30 30 50 40 40 40 40 40 40 40 40 40 40 40 40 40 40 40 40 40 40 40 40 40 40 40 40 40 40 40 40 40 40 40 40 40 40 40 40 40 40 40 40 40 40 40 40 40 40 40 40 40 40 40 40 40 40 40 40 40 40 40 40 40 40 40 40 40 40 40 40 40 40 40 40 40 40 40 40 40 40 40 40 40 40 40 40 40 40 40 40 40 40 40 40 40 40 40 40 40 40 40 40 40 40 40 40 40 40 40 40 40 40 30 10 30 30 30 30 40 40 40 40 40 40 40 40 40 40 30 80 80 80 80 80 80 80 80 80 80 80 80 80 80 80 80 80 80 80 80 80 80 80 80 80 80 80 80 80 80 80 80 80 80 80 80 80 80 80 80 80 80 80 80 80 80 80 80 80 80 80 80 80 80 80 80 80 80 80 80 80 80 80 80 80 80 80 80 80 80 80 80 80 90 30 40 40 40 40 40 40 40 40 40 40 40 40 40 40 40 40 40 40 40 40 40 40 40 40 40 40 40 40 40 40 40 40 40 40 40 40 40 40 40 40 40 40 30 30 30 30 80 80 80 80 80 80 80 80 80 30 30 90 30 30 30 30 30 30 30 30 30 30 30 30 30 30 30 30 30 30 30 30 30 30 30 30 30 30 30 30 30 30 80 80 80 80 80 80 80 80 80 80 30 30 30 30 30 30 30 30 30 30 30 40 40 40 40 40 40
30 30 50 50 50 50 50 50 30 30 50 30 50 50 50 30 30 30 30 30 30 30 30 30 40 30 40 30 30 30 40 40 40 30 30 30 30 40 40 40 40 40 40 40 40 40 40 40 40 40 30 30 30 40 40 40 40 40 40 40 40 40 40 40 40 40 40 40 40 40 40 30 30 30 30 90 90 40 40 40 40 30 50 30 40 40 40 40 40 40 40 40 40 40 40 40 40 40 40 40 40 40 40 40 40 40 40 40 40 40 40 40 40 40 40 40 40 40 40 40 40 40 40 40 40 40 40 40 40 40 40 40 40 40 40 40 40 40 40 40 40 40 40 40 40 40 40 40 40 40 40 40 40 40 40 40 40 40 40 40 40 40 40 40 40 40 40 40 40 40 40 40 40 40 40 40 40 40 40 40 40 40 40 40 40 40 40 40 40 40 40 40 40 30 10 30 30 30 30 30 40 40 40 40 40 40 40 40 30 30 80 80 80 80 80 80 80 80 80 80 80 80 80 80 80 80 80 80 80 80 80 80 80 80 80 80 80 80 80 80 80 80 80 80 80 80 80 80 80 80 80 80 80 80 80 80 80 80 80 80 80 80 80 80 80 80 80 80 80 80 80 80 80 80 80 80 80 80 80 80 80 80 80 80 30 30 40 40 40 40 40 40 40 40 40 40 40 40 40 40 40 40 40 40 40 40 40 40 40 40 40 40 40 40 40 40 40 40 40 40 40 40 40 40 40 40 40 40 30 30 30 30 80 80 80 80 80 80 80 80 30 90 90 30 30 30 30 30 30 30 30 30 30 30 30 30 30 30 30 30 30 30 30 30 30 30 30 30 30 30 30 30 30 30 80 80 80 80 80 80 80 60 30 60 60 60 90 30 30 30 30 30 30 30 40 40 40 40 40 40
30 30 50 50 30 50 30 50 30 50 50 30 30 50 50 30 30 30 30 30 30 30 30 30 30 40 40 30 30 40 40 40 40 40 30 30 30 30 40 40 40 40 40 40 40 40 40 40 40 40 30 40 40 40 40 40 40 40 40 40 40 40 30 40 40 40 40 40 40 40 40 30 30 30 30 90 40 40 40 40 40 40 30 30 40 40 40 40 40 40 40 40 40 40 40 40 40 40 40 40 40 40 40 40 40 40 40 40 40 40 40 40 40 40 40 40 40 40 40 40 40 40 40 40 40 40 40 40 40 40 40 40 40 40 40 40 40 40 40 40 40 40 40 40 40 40 40 40 40 40 40 40 40 40 40 40 40 40 40 40 40 40 40 40 40 40 40 40 40 40 40 40 40 40 40 40 40 40 40 40 40 40 40 40 40 40 40 40 40 40 40 40 40 30 10 10 30 30 30 30 40 40 40 40 40 40 40 30 30 30 30 80 80 80 80 80 80 80 80 80 80 80 80 80 80 80 80 80 80 80 80 80 80 80 80 80 80 80 80 80 80 80 80 80 80 80 80 80 80 80 80 80 80 80 80 80 80 80 80 80 80 80 80 80 80 80 80 80 80 80 80 80 80 80 80 80 80 80 80 80 80 80 80 60 30 30 40 40 40 40 40 40 40 40 40 40 40 40 40 40 40 40 40 40 40 40 40 40 40 40 40 40 40 40 40 40 40 40 40 40 40 40 40 40 40 40 40 30 30 30 30 30 30 30 80 80 80 90 90 30 90 30 30 30 30 30 30 30 30 30 30 30 30 30 30 30 30 30 30 30 30 30 30 30 30 30 30 30 30 30 30 30 30 30 30 80 80 80 30 80 80 80 90 90 90 60 60 30 90 30 30 90 30 90 90 40 40 40 40 40
30 30 50 30 50 50 50 50 30 30 30 30 50 50 30 30 30 30 30 30 30 30 30 30 30 30 40 40 40 40 40 40 40 40 40 30 30 30 40 40 40 40 40 40 40 40 40 30 30 40 40 40 40 40 40 40 40 40 40 40 40 40 30 40 40 40 40 40 40 40 40 30 30 30 30 40 40 40 40 40 40 40 30 30 40 40 40 40 40 40 40 40 40 40 40 40 40 40 40 40 40 40 40 40 40 40 40 40 40 40 40 40 40 40 40 40 40 40 40 40 40 40 40 40 40 40 40 40 40 40 40 40 40 40 40 40 40 40 40 40 40 40 40 40 40 40 40 40 40 40 40 40 40 40 40 40 40 40 40 40 40 40 40 40 40 40 40 40 40 40 40 40 40 40 40 40 40 40 40 40 40 40 40 40 40 40 40 40 40 40 40 40 40 40 10 10 30 30 30 30 40 40 40 40 40 40 40 40 30 30 30 30 80 80 80 80 80 80 80 80 80 80 80 80 80 80 80 80 80 80 80 80 80 80 80 80 80 80 80 80 80 80 80 80 80 80 80 80 80 80 80 80 80 80 80 80 80 80 80 80 80 80 80 80 80 80 80 80 80 80 80 80 80 80 80 80 80 80 80 80 80 80 80 80 90 30 30 40 40 40 40 40 40 40 40 40 40 40 40 40 40 40 40 30 40 40 40 40 40 40 40 40 40 40 40 40 40 40 40 40 40 40 40 40 40 40 40 30 30 30 30 30 30 30 30 90 90 90 30 30 30 30 30 30 30 30 30 30 30 30 30 30 30 30 30 30 30 30 30 30 30 30 30 30 30 30 30 30 30 30 30 30 30 30 30 30 60 80 80 80 80 80 90 60 60 80 60 90 90 90 90 90 90 90 90 40 40 40 40 40
30 30 50 30 50 50 30 50 30 50 50 50 50 50 30 30 30 30 30 30 30 30 30 30 40 40 40 40 40 40 40 40 40 40 40 30 30 30 30 40 40 40 40 40 30 40 40 40 40 40 40 40 40 40 40 40 40 40 40 40 40 40 40 40 40 40 40 40 40 40 40 40 30 30 30 30 40 40 40 40 40 40 30 50 30 40 40 40 40 40 40 40 40 40 40 40 40 40 40 40 40 40 40 40 40 40 40 40 40 40 40 40 40 40 40 40 40 40 40 40 40 40 40 40 40 40 40 40 40 40 40 40 40 40 40 40 40 40 40 40 40 40 40 40 40 40 40 40 40 40 40 40 40 40 40 40 40 40 40 40 40 40 40 40 40 40 40 40 40 40 40 40 40 40 40 40 40 40 40 40 40 40 40 40 40 40 40 40 40 40 40 40 40 40 30 10 30 30 30 30 30 40 40 40 40 40 40 40 30 30 30 30 80 80 80 80 80 80 80 80 80 80 80 80 80 80 80 80 80 80 80 80 80 80 80 80 80 80 80 80 80 80 80 80 80 80 80 80 80 80 80 80 80 80 80 80 80 80 80 80 80 80 80 80 80 80 80 80 80 80 80 80 80 80 80 80 80 80 80 80 80 80 80 80 60 90 30 30 40 40 40 40 40 40 40 40 40 40 40 40 40 30 40 40 40 40 40 40 40 40 40 40 40 40 40 40 40 40 40 40 40 40 40 40 40 40 30 30 30 30 30 30 30 30 60 60 30 30 30 30 30 30 30 30 30 30 30 30 30 30 30 30 30 30 30 30 30 30 30 30 30 30 30 30 30 30 30 30 30 30 30 30 30 30 30 30 30 80 80 80 80 80 60 90 60 80 80 90 80 80 80 90 90 90 90 30 40 40 40 40
30 30 50 30 30 50 50 50 10 50 50 50 30 50 50 30 30 30 30 30 30 30 30 30 30 30 30 30 40 40 30 40 30 30 30 30 30 30 30 40 40 30 30 40 40 40 40 40 40 40 40 40 40 40 40 30 40 40 40 40 40 40 40 40 40 40 40 40 40 40 40 40 40 30 30 30 90 40 40 40 40 40 30 50 30 40 40 40 40 40 40 40 40 40 40 40 40 40 40 40 40 40 40 40 40 40 40 40 40 40 40 40 40 40 40 40 40 40 40 40 40 40 40 40 40 40 40 40 40 40 40 40 40 40 40 40 40 40 40 40 40 40 40 40 40 40 40 40 40 40 40 40 40 40 40 40 40 40 40 40 40 40 40 40 40 40 40 40 40 40 40 40 40 40 40 40 40 40 30 40 40 40 40 40 40 40 40 40 40 40 40 40 40 40 40 10 30 30 30 30 30 40 40 40 40 40 40 40 40 30 30 30 80 80 80 80 80 80 80 80 80 80 80 80 80 80 80 80 80 80 80 80 80 80 80 80 80 80 80 80 80 80 80 80 80 80 80 80 80 80 80 80 80 80 80 80 80 80 80 80 80 80 80 80 80 80 80 80 80 80 80 80 80 80 80 80 80 80 80 80 80 80 80 80 60 60 30 30 30 30 40 40 40 40 40 40 40 40 40 40 30 40 40 40 40 40 40 40 40 40 40 40 40 40 40 40 40 40 40 40 40 40 40 40 40 40 30 30 30 30 30 30 30 30 30 30 30 30 30 30 30 30 30 30 30 30 30 30 30 30 30 30 30 30 30 30 30 30 30 30 30 30 30 30 30 30 30 30 30 30 30 30 30 30 30 30 30 80 80 80 80 80 90 90 80 80 80 80 80 80 80 80 80 90 90 90 40 40 40 40
30 30 30 30 30 30 10 50 50 50 50 50 50 50 50 30 30 30 30 30 30 40 40 40 40 40 40 40 40 40 40 40 40 40 40 40 30 30 30 30 30 40 40 40 40 40 40 40 40 40 40 40 40 40 40 40 30 30 40 40 40 40 40 30 40 40 40 40 40 40 40 40 40 30 90 30 30 40 40 40 40 40 40 30 30 40 40 40 40 40 40 40 40 40 40 40 40 40 40 40 40 40 40 40 40 40 40 40 40 40 40 40 40 40 40 40 40 40 40 40 40 40 40 40 40 40 40 30 40 40 40 40 40 40 40 40 40 40 40 40 40 40 40 40 30 40 40 40 40 40 40 30 40 40 40 40 40 40 40 40 40 40 40 40 40 40 40 40 40 40 40 40 40 40 40 40 40 40 40 40 40 40 40 40 40 40 40 40 40 40 40 40 40 40 40 30 10 30 30 30 30 30 40 40 40 40 40 40 40 40 30 30 30 80 80 80 80 80 80 80 80 80 80 80 80 80 80 80 80 80 80 80 80 80 80 80 80 80 80 80 80 80 80 80 80 80 80 80 80 80 80 80 80 80 80 80 80 80 80 80 80 80 80 80 80 80 80 80 80 80 80 80 80 80 80 80 80 80 80 80 80 80 80 80 80 80 80 30 30 90 90 30 90 40 40 40 40 40 40 30 40 40 40 40 40 40 40 40 40 40 40 40 40 40 40 40 40 40 40 40 40 40 40 40 40 40 40 40 40 40 30 30 30 30 30 30 30 30 30 30 30 30 30 30 30 30 30 30 30 30 30 30 30 30 30 30 30 30 30 30 30 30 30 30 30 30 30 30 30 30 90 90 90 90 60 30 30 80 80 80 80 80 60 90 60 80 60 80 80 80 80 80 80 80 80 90 40 40 40 40
30 30 30 30 30 30 50 50 30 30 50 50 50 50 40 30 30 30 30 30 30 40 40 30 40 40 40 40 40 40 40 40 40 40 40 40 40 30 30 30 40 40 40 40 40 40 40 40 40 40 40 40 40 40 40 40 30 30 40 40 40 40 40 40 40 40 40 40 40 40 40 40 40 30 30 30 30 40 40 40 40 40 40 30 50 40 40 40 40 40 40 40 40 40 40 40 40 40 40 40 40 40 40 40 40 40 40 40 40 40 40 40 40 40 40 40 40 40 40 40 40 40 40 40 40 40 40 40 40 40 40 40 40 40 40 40 40 40 40 40 40 40 40 40 40 40 40 40 40 40 40 40 40 40 40 40 40 40 40 40 40 40 40 40 40 40 40 40 40 40 40 40 40 40 40 40 40 40 40 40 40 40 40 40 40 40 40 40 40 40 40 40 40 40 40 30 30 30 30 30 30 30 40 40 40 40 40 40 40 40 30 30 30 30 80 80 80 80 80 80 80 80 80 80 80 80 80 80 80 80 80 80 80 80 80 80 80 80 80 80 80 80 80 80 80 80 80 80 80 80 80 80 80 80 80 80 80 80 80 80 80 80 80 80 80 80 80 80 80 80 80 80 80 80 80 80 80 80 80 80 80 80 80 80 80 80 60 30 30 90 90 90 90 90 90 90 30 30 30 40 40 40 40 40 40 40 40 40 40 40 40 40 40 40 40 40 40 40 40 40 40 40 40 40 40 40 40 40 40 40 40 40 30 40 40 40 40 40 40 30 30 30 30 30 30 30 30 30 30 30 30 30 30 30 30 30 30 30 30 30 30 30 30 30 30 30 30 30 30 90 90 80 80 80 90 30 30 30 80 80 80 80 60 90 60 80 80 80 80 80 80 80 80 80 80 90 30 40 40 40
30 30 50 30 10 50 50 30 50 30 30 50 30 50 30 30 30 30 30 30 30 30 40 40 40 40 40 40 40 40 40 40 30 30 30 40 40 30 30 30 30 40 40 40 40 40 40 40 40 40 40 40 40 40 40 40 40 30 30 40 40 40 40 40 40 40 40 40 40 40 40 40 40 40 30 30 30 40 40 40 40 40 40 30 50 30 40 40 40 40 40 40 40 40 40 40 40 40 40 40 40 40 40 40 40 40 40 40 40 40 40 40 40 40 40 40 40 40 40 40 40 40 40 40 40 40 40 40 40 40 40 40 40 40 40 40 40 40 40 40 40 40 40 40 40 40 40 40 40 40 40 40 40 40 40 40 40 40 40 40 40 40 40 40 40 40 40 40 40 40 40 40 40 40 40 40 40 40 40 40 40 40 40 40 40 40 40 40 40 40 40 40 40 40 40 40 30 30 30 30 30 30 30 40 40 40 40 40 40 40 40 40 40 30 80 80 80 80 80 80 80 80 80 80 80 80 80 80 80 80 80 80 80 80 80 80 80 80 80 80 80 80 80 80 80 80 80 80 80 80 80 80 80 80 80 80 80 80 80 80 80 80 80 80 80 80 80 80 80 80 80 80 80 80 80 80 80 80 80 80 80 80 80 80 80 80 30 30 90 90 90 90 90 90 90 90 90 90 40 40 40 40 40 40 40 40 40 40 40 40 40 40 40 40 40 40 40 40 40 40 40 40 40 40 40 40 40 40 40 40 40 40 40 40 40 40 40 40 40 40 40 40 30 30 30 30 30 30 30 30 30 30 30 30 30 30 30 30 30 30 30 30 30 30 30 30 30 30 30 90 80 80 80 80 90 30 30 30 80 80 80 80 90 60 60 80 80 80 80 80 80 80 80 80 80 90 30 40 40 40
30 30 30 30 10 30 50 50 30 10 50 50 50 50 30 30 30 30 30 30 30 30 30 30 30 40 30 40 90 40 40 40 40 30 30 40 40 30 30 30 30 40 40 40 40 40 40 40 40 40 40 40 40 40 40 40 40 40 40 40 40 40 40 40 40 40 40 40 40 40 40 40 40 40 30 30 30 30 40 40 40 40 40 30 30 30 40 40 40 40 40 40 40 40 40 40 40 40 40 40 40 40 40 40 40 40 40 40 40 40 40 40 40 40 40 40 40 40 40 40 40 40 40 40 40 40 40 40 40 40 40 40 40 40 40 40 40 40 40 40 40 40 40 40 40 40 40 40 40 40 40 40 40 40 40 40 40 40 40 40 40 40 40 40 40 40 40 40 40 40 40 40 40 40 40 40 40 40 40 40 40 40 40 40 40 40 40 40 40 40 40 40 40 40 40 40 30 10 30 30 30 30 30 40 40 40 40 40 40 40 40 40 40 30 80 80 80 80 80 80 80 80 80 80 80 80 80 80 80 80 80 80 80 80 80 80 80 80 80 80 80 80 80 80 80 80 80 80 80 80 80 80 80 80 80 80 80 80 80 80 80 80 80 80 80 80 80 80 80 80 80 80 80 80 80 80 80 80 80 80 80 80 80 80 80 50 80 60 30 30 90 80 80 80 80 90 90 90 90 40 40 40 40 40 40 40 40 40 40 40 40 40 40 40 40 40 40 40 40 40 40 40 40 40 40 40 40 40 40 40 40 30 40 40 40 40 40 40 40 40 40 40 30 40 40 30 30 30 30 30 30 30 30 30 30 30 30 30 30 30 30 30 30 30 30 30 30 30 30 30 80 80 80 80 80 90 30 30 80 80 80 80 60 90 30 80 80 80 80 80 80 80 80 80 80 90 30 40 40 40
30 30 50 30 30 30 50 30 30 10 10 50 50 50 30 30 30 30 30 30 30 30 30 30 30 30 30 90 90 40 40 30 40 30 30 30 40 30 30 30 30 30 40 40 40 40 40 40 40 40 40 40 40 40 40 40 40 30 40 40 40 40 40 40 40 40 30 40 40 40 40 40 40 40 30 30 30 30 40 40 40 40 40 40 30 50 40 40 40 40 40 40 40 40 40 40 40 40 40 40 40 40 40 40 40 40 40 40 40 40 40 40 40 40 40 40 40 40 40 40 40 40 40 40 40 40 40 40 40 40 40 40 40 40 40 40 40 40 40 40 40 40 40 40 40 40 40 40 40 40 40 40 40 40 40 40 40 40 40 40 40 40 40 40 40 40 40 40 40 40 40 40 40 40 40 40 40 30 40 40 40 40 40 40 40 40 40 40 40 40 40 40 40 40 40 10 10 10 10 30 30 30 30 40 40 40 40 40 40 40 40 40 40 40 30 80 80 80 80 80 80 80 80 80 80 80 80 80 80 80 80 80 80 80 80 80 80 80 80 80 80 80 80 80 80 80 80 80 80 80 80 80 80 80 80 80 80 80 80 80 80 80 80 80 80 80 80 80 80 80 80 80 80 80 80 80 80 80 80 80 80 80 80 80 80 80 80 80 60 60 80 80 80 80 80 90 90 90 30 30 40 40 40 40 40 40 40 40 40 40 40 40 40 40 40 40 40 40 40 40 40 40 40 40 40 40 40 40 40 40 40 30 40 40 40 40 40 40 40 40 40 40 30 40 40 40 40 30 30 30 30 30 30 30 30 30 30 30 30 30 30 30 30 30 30 30 30 30 30 30 80 80 80 80 80 90 30 30 80 80 80 80 60 90 90 60 80 80 80 80 80 80 80 80 90 90 30 30 40 40
30 30 50 30 50 30 50 30 50 50 10 50 30 50 30 30 30 30 30 30 30 30 30 40 40 40 30 40 40 40 90 90 40 40 40 40 40 40 30 30 30 40 40 40 40 40 40 40 40 40 40 40 40 40 40 40 40 30 40 40 40 40 40 40 40 30 30 30 40 40 40 40 40 40 30 30 30 30 40 40 40 40 40 40 30 50 30 40 30 30 30 30 30 30 30 30 30 30 30 40 30 30 30 30 30 30 30 30 30 30 30 30 30 30 30 40 40 40 30 30 30 30 30 30 30 30 30 30 30 30 30 30 30 40 40 40 40 40 40 40 30 30 30 30 40 40 40 40 40 30 30 40 40 40 40 40 40 40 40 40 40 40 40 40 40 40 40 40 40 40 40 40 40 40 40 40 40 30 40 40 40 40 40 40 40 40 40 40 40 40 40 40 10 10 30 10 30 10 10 30 30 10 30 30 40 40 40 40 40 40 40 40 40 40 40 30 80 80 80 80 80 80 80 80 80 80 80 80 80 80 80 80 80 80 80 80 80 80 80 80 80 80 80 80 80 80 80 80 80 80 80 80 80 80 80 80 80 80 80 80 80 80 80 80 80 80 80 80 80 80 80 80 80 80 80 80 80 80 80 80 80 80 80 80 80 80 80 80 80 80 80 80 80 80 80 90 90 90 30 30 30 40 40 40 40 40 40 40 40 40 40 40 40 40 40 40 40 40 40 40 40 40 40 40 40 40 40 40 40 40 40 40 40 40 40 40 40 40 40 40 40 40 40 40 40 40 40 40 40 40 30 30 30 30 30 30 30 30 30 30 30 30 30 30 30 30 30 30 30 30 80 80 80 80 80 90 30 90 80 80 80 80 60 80 90 60 80 80 80 80 80 80 80 30 30 30 30 30 40 40
40 40 30 50 50 30 30 30 30 50 30 50 50 50 40 30 30 30 30 30 30 40 40 40 40 40 40 40 40 40 40 40 40 40 40 40 40 40 40 30 30 40 40 40 40 40 40 40 40 40 40 40 40 40 40 40 40 40 40 40 40 40 40 40 40 40 30 30 40 40 40 40 90 40 40 30 30 30 30 40 40 40 40 40 30 30 30 40 40 40 40 40 40 40 40 40 40 40 40 40 40 40 40 40 40 40 40 40 40 40 40 40 40 40 40 40 40 40 40 40 40 40 40 40 40 40 40 40 40 40 40 40 40 40 40 40 40 40 40 40 40 40 40 30 40 40 40 40 40 30 30 30 30 30 30 30 30 40 30 30 30 30 30 30 30 30 30 30 30 30 40 40 30 30 30 30 40 40 40 40 40 40 40 40 40 40 40 40 40 40 40 30 10 30 40 40 40 30 10 30 30 30 30 30 40 40 40 40 40 40 40 40 40 40 40 30 30 80 80 80 80 80 80 80 80 80 80 80 80 80 80 80 80 80 80 80 80 80 80 80 80 80 80 80 80 80 80 80 80 80 80 80 80 80 80 80 80 80 80 80 80 80 80 80 80 80 80 80 80 80 80 80 80 80 80 80 80 80 80 80 80 80 80 80 80 80 80 80 80 80 80 80 80 80 80 80 90 90 90 30 30 30 40 40 40 40 40 40 40 40 40 40 40 40 40 40 40 40 40 40 40 40 40 40 40 40 40 40 40 40 30 40 40 40 40 40 40 40 40 40 40 40 40 40 40 40 40 40 40 40 40 30 30 30 30 30 30 30 30 30 30 30 30 30 30 30 30 30 30 90 80 80 80 80 90 90 30 30 80 80 80 80 80 80 60 60 60 80 80 80 30 30 30 30 30 30 30 30 30 40
50 50 50 50 50 30 30 30 50 50 50 50 50 50 50 50 30 30 30 30 30 40 40 40 40 40 40 40 40 40 40 40 40 40 40 40 40 40 40 30 30 30 40 40 90 30 30 40 40 40 40 40 40 40 40 40 40 40 40 40 40 40 40 40 40 40 30 30 30 30 40 40 40 40 40 40 30 30 30 40 40 40 40 40 40 30 50 40 40 40 40 40 40 40 40 40 40 40 40 40 40 40 40 40 40 40 40 40 40 40 40 40 40 40 40 40 40 40 40 40 40 40 40 40 40 40 40 40 40 40 40 40 40 40 40 40 40 40 40 40 40 40 40 40 40 40 40 40 40 40 40 40 40 40 40 40 40 40 40 40 40 40 40 40 40 40 40 40 40 40 40 40 40 40 40 30 40 40 40 40 40 40 40 40 40 40 40 40 40 40 40 40 40 40 40 40 40 30 10 10 30 30 30 30 30 40 40 40 40 40 40 40 40 40 40 40 40 80 80 80 80 80 80 80 80 80 80 80 80 80 80 80 80 80 80 80 80 80 80 80 80 80 80 80 80 80 80 80 80 80 80 80 80 80 80 80 80 80 80 80 80 80 80 80 80 80 80 80 80 80 80 80 80 80 80 80 80 80 80 80 80 80 80 80 80 80 80 80 80 80 80 80 80 80 80 80 90 90 90 30 30 30 30 40 40 40 40 40 40 40 40 40 40 40 40 40 40 40 40 40 40 40 40 40 40 40 40 40 40 40 40 40 40 40 40 40 40 40 40 40 40 40 40 40 40 40 40 40 40 40 30 40 40 30 30 30 30 30 30 30 30 30 30 30 30 30 30 30 90 90 80 80 80 80 90 90 30 80 80 80 80 80 80 90 30 30 30 30 30 30 30 30 30 30 30 30 30 30 30 40
50 50 50 50 30 30 30 30 30 30 10 50 50 50 50 50 30 50 30 30 30 40 40 40 40 40 40 40 40 40 40 40 40 40 40 40 40 40 40 40 30 30 30 30 90 30 30 40 40 30 30 40 40 40 40 40 40 40 40 40 40 40 40 40 40 40 30 90 40 40 40 40 40 40 40 40 30 90 30 30 90 30 40 40 40 30 50 30 40 40 40 40 40 40 40 40 40 40 40 40 40 40 40 40 40 40 40 40 40 40 40 40 40 40 40 40 40 40 40 40 40 40 40 40 40 40 40 40 40 40 40 40 40 40 40 40 40 40 40 40 40 40 40 40 40 40 40 40 40 40 40 40 40 40 40 40 40 40 40 40 40 40 40 40 40 40 40 40 40 40 40 40 40 40 40 40 40 40 40 40 40 40 40 40 40 40 40 40 40 40 40 40 40 40 40 30 30 30 30 30 30 30 30 30 30 30 40 40 40 40 40 40 40 40 40 40 40 30 80 80 80 80 80 80 80 80 80 80 80 80 80 80 80 80 80 80 80 80 80 80 80 80 80 80 80 80 80 80 80 80 80 80 80 80 80 80 80 80 80 80 80 80 80 80 80 80 80 80 80 80 80 80 80 80 80 80 80 80 80 80 80 80 80 80 50 80 80 80 80 80 80 80 80 80 80 80 90 90 90 30 30 30 30 30 30 40 40 40 40 40 40 40 40 40 40 40 40 40 40 40 40 40 40 40 40 40 40 40 40 30 40 40 40 40 40 40 40 40 40 40 40 40 40 40 40 40 40 40 40 40 40 40 40 40 40 30 30 30 30 30 30 30 30 30 30 30 30 30 90 80 80 80 60 90 90 30 80 80 80 80 80 80 90 90 30 30 30 30 30 30 30 30 30 30 30 30 30 30 30 40
40 30 30 30 30 30 30 30 50 50 30 50 50 30 50 30 30 30 30 30 30 90 40 90 90 40 90 90 90 40 40 40 40 40 40 40 40 40 40 40 30 30 30 30 90 30 30 40 40 40 40 40 40 40 40 40 40 40 40 40 40 40 40 30 40 40 40 40 40 40 40 40 40 40 40 40 30 30 30 30 30 90 40 40 40 30 30 30 40 40 40 40 40 40 40 40 40 40 40 40 40 40 40 40 40 40 40 40 40 40 40 40 40 40 40 40 40 40 40 40 40 40 40 40 40 40 40 40 40 40 40 40 40 40 40 40 40 40 40 40 40 40 40 40 40 40 40 40 40 40 40 40 40 40 40 40 40 40 40 40 40 40 40 40 40 40 40 40 40 40 40 40 40 40 40 40 40 40 40 40 40 40 40 40 30 40 40 40 40 40 40 40 40 30 30 30 40 40 30 10 10 30 30 30 30 30 40 40 40 40 40 40 40 40 40 40 40 40 30 80 80 80 80 80 80 80 80 80 80 80 80 80 80 80 80 80 80 80 80 80 80 80 80 80 80 80 80 80 80 80 80 80 80 80 80 80 80 80 80 80 80 80 80 80 80 80 80 80 80 80 80 80 80 80 80 80 80 80 80 80 80 80 80 80 60 80 80 80 80 80 80 80 80 80 80 80 30 90 30 30 30 30 30 30 30 30 40 40 40 40 40 40 40 40 40 40 40 40 40 40 40 40 40 40 40 40 40 40 40 40 40 40 40 40 40 40 40 40 40 40 40 40 40 40 40 40 40 40 40 30 40 40 40 40 40 40 40 40 30 30 30 30 30 30 30 30 30 90 80 80 80 80 60 90 30 80 80 80 80 80 80 90 90 90 30 30 30 30 30 30 30 30 30 30 30 30 30 30 30 30
30 50 30 30 30 30 30 30 30 30 10 50 30 30 30 30 30 50 50 30 30 90 90 90 90 90 90 90 30 30 30 30 30 30 30 90 90 90 90 40 30 30 30 30 30 30 30 30 40 40 40 40 40 40 40 40 40 40 40 40 30 40 40 40 40 40 40 40 40 40 40 40 40 40 40 40 40 30 30 30 30 90 30 40 40 30 30 30 40 40 40 40 40 40 40 40 40 40 40 40 40 40 40 40 40 40 40 40 40 40 40 40 40 40 40 40 40 40 40 40 40 40 40 40 40 40 40 40 40 40 40 40 40 40 40 40 40 40 40 40 40 40 40 40 40 40 40 40 40 40 40 40 40 40 40 40 40 40 40 40 40 40 40 40 40 40 40 40 40 40 40 40 40 40 40 30 40 40 40 40 40 40 40 40 30 30 40 40 40 30 30 30 30 30 40 40 40 40 40 30 10 10 30 30 30 30 30 40 40 40 40 40 40 40 40 40 40 30 30 30 30 80 80 80 80 80 80 80 80 80 80 80 80 80 80 80 80 80 80 80 80 80 80 80 80 80 80 80 80 80 80 80 80 80 80 80 80 80 80 80 80 80 80 80 80 80 80 80 80 80 80 80 80 80 80 80 80 80 80 80 80 80 80 80 80 80 80 80 80 80 80 80 80 80 30 30 30 30 30 30 30 30 30 30 30 30 30 30 40 40 40 40 40 40 40 40 40 40 40 40 40 40 40 40 40 40 40 40 30 40 40 40 40 40 40 40 40 40 40 40 40 40 40 40 40 40 40 40 40 40 40 40 40 40 40 40 40 40 40 30 30 30 30 30 30 30 30 30 80 80 80 80 60 30 60 80 90 80 80 80 80 90 30 30 30 30 30 30 30 30 30 30 30 30 30 30 30 30 30 30
60 30 30 30 30 30 30 50 50 50 30 50 30 30 30 30 30 50 30 50 30 40 40 40 40 40 40 40 40 40 40 40 40 40 40 40 40 40 40 40 40 30 30 30 90 30 30 40 40 40 40 40 40 40 40 40 40 40 30 40 40 40 40 40 40 40 40 40 40 40 40 40 40 40 40 40 40 30 30 30 30 90 30 40 40 30 30 30 40 40 40 40 40 40 40 40 40 40 40 40 40 40 40 40 40 40 40 40 40 40 40 40 40 40 40 40 40 40 40 40 40 40 40 40 40 40 40 40 40 40 40 40 40 40 40 40 40 40 40 40 40 40 40 40 40 40 40 40 40 30 40 40 40 40 40 40 40 40 40 40 40 40 40 40 40 40 40 40 40 40 40 40 40 40 40 30 40 40 40 40 40 40 40 40 40 40 30 30 10 30 30 30 40 40 40 40 40 40 40 40 10 10 10 30 30 30 30 30 40 40 40 40 40 40 40 40 30 30 30 30 30 30 80 80 80 80 80 80 80 80 80 80 80 80 80 80 80 80 80 80 80 80 80 80 80 80 80 80 80 80 80 80 80 80 80 80 80 80 80 80 80 80 80 80 80 80 80 80 80 80 80 80 80 80 80 80 80 80 80 80 80 80 80 80 60 80 90 90 90 90 90 90 90 30 30 30 30 30 30 30 30 30 30 30 30 30 30 30 90 90 30 30 40 40 40 40 40 40 40 40 40 40 40 40 40 40 40 40 40 40 40 40 40 40 40 40 40 40 40 40 40 40 40 40 40 40 40 40 30 40 40 40 40 40 40 40 40 40 40 40 40 40 30 30 30 30 30 30 80 80 80 60 60 60 90 90 80 80 80 90 90 30 30 30 30 30 30 30 30 30 30 30 30 30 30 30 30 30 30 30
30 50 30 50 50 30 30 30 30 50 50 50 30 30 30 30 30 50 30 50 50 40 40 40 40 40 40 40 40 40 40 40 40 40 40 40 40 40 40 40 40 30 30 30 30 30 40 40 40 40 40 40 40 40 90 90 90 40 40 40 40 40 40 40 40 40 40 40 40 40 40 40 40 40 40 40 40 30 30 30 90 30 90 40 40 40 30 50 30 40 40 40 40 40 40 40 40 40 40 40 40 40 40 40 40 40 40 40 40 40 40 40 40 40 40 40 40 40 40 40 40 40 40 40 40 40 40 40 40 40 40 40 40 40 40 40 40 40 40 40 40 40 40 40 40 40 40 40 40 30 40 40 40 40 40 40 40 40 40 40 40 40 40 40 40 40 40 40 40 40 40 40 40 40 40 30 40 40 40 40 40 40 40 40 30 30 30 30 40 40 40 40 40 40 40 40 40 40 40 40 40 10 10 30 30 30 30 30 40 40 40 40 40 40 40 30 30 40 40 30 30 30 30 80 80 80 80 80 80 80 80 80 80 80 80 80 80 80 80 80 80 80 80 80 80 80 80 80 80 80 80 80 80 80 80 80 80 80 80 80 80 80 80 80 80 80 80 80 80 80 80 80 80 80 80 80 80 80 80 80 80 80 80 60 30 90 90 90 90 30 30 30 30 30 30 30 80 80 80 80 80 80 80 80 30 30 90 90 90 90 90 90 30 90 30 40 40 40 40 40 40 40 40 40 40 40 40 30 40 40 40 40 40 40 40 40 40 40 40 40 40 40 40 40 40 40 40 40 40 40 40 40 40 40 40 40 40 40 40 40 40 40 40 30 30 30 30 30 90 60 60 60 90 90 90 80 80 80 90 90 30 30 30 30 30 30 30 30 30 30 30 30 30 30 30 30 30 30 30 30
30 30 30 30 30 30 30 30 30 30 30 30 30 30 30 30 30 30 30 10 30 30 40 40 40 40 40 40 40 40 40 40 40 40 40 40 40 40 40 40 40 40 30 30 90 30 40 40 40 40 40 40 40 90 40 40 40 40 40 40 40 40 40 40 40 40 40 40 40 40 40 40 40 40 40 40 40 30 30 30 30 30 40 40 40 40 30 30 30 40 40 40 40 40 40 40 40 40 40 40 40 40 40 40 40 40 40 40 40 40 40 40 40 40 40 40 40 40 40 40 40 40 40 40 40 40 40 40 40 40 40 40 40 40 40 40 40 40 40 40 40 40 40 40 40 40 40 40 40 30 40 40 40 40 40 40 40 40 40 40 40 40 40 40 40 40 40 40 40 40 40 40 40 40 40 30 40 40 40 40 40 40 30 10 30 40 40 40 40 40 40 40 40 40 40 40 40 40 40 40 40 30 10 10 30 30 10 30 30 40 40 40 40 40 30 40 40 40 40 30 30 30 30 80 80 80 80 80 80 80 80 80 80 80 80 80 80 80 80 80 80 80 80 80 80 80 80 80 80 80 80 80 80 80 80 80 80 80 80 80 80 80 80 80 80 80 80 80 80 80 80 80 80 80 80 80 80 80 80 80 80 80 80 60 30 90 30 30 30 30 30 30 30 30 30 80 80 80 80 80 80 80 80 80 80 80 80 90 90 90 90 90 90 90 90 30 40 30 40 40 40 40 40 40 40 40 40 40 40 40 40 40 40 40 40 40 40 40 40 40 40 40 40 40 40 40 40 30 40 40 40 40 40 40 40 40 30 40 40 40 40 40 40 40 40 30 30 30 60 60 90 90 90 90 90 90 90 60 90 30 30 30 30 30 30 30 30 30 30 30 30 30 30 30 30 30 30 30 30 30
40 40 40 40 40 40 40 40 40 40 40 40 40 40 40 40 40 40 40 40 30 30 40 40 40 40 40 40 40 40 40 40 40 40 40 40 40 40 40 40 40 40 30 30 90 40 40 40 40 90 90 90 40 40 40 40 40 40 40 40 40 40 40 40 40 40 40 40 40 40 40 40 40 30 30 30 40 40 40 30 30 30 30 40 40 40 40 30 30 30 30 30 40 40 30 40 40 40 40 30 40 40 40 40 40 40 40 40 40 40 40 40 40 40 40 40 40 40 40 40 40 40 40 40 30 40 40 40 40 40 40 40 40 40 40 40 40 40 40 40 40 40 40 40 40 40 40 40 40 40 40 40 40 40 40 40 40 40 40 40 40 40 40 40 40 40 40 40 40 40 40 40 40 40 40 40 40 40 40 30 30 30 40 40 40 40 40 40 40 40 40 40 40 40 40 40 40 40 40 40 40 40 30 10 10 30 30 10 30 30 40 40 40 30 40 40 40 40 40 40 30 30 30 30 30 80 80 80 80 80 80 80 80 80 80 80 80 80 80 80 80 80 80 80 80 80 80 80 80 80 80 80 80 80 80 80 80 80 80 80 80 80 80 80 80 80 80 80 80 80 80 80 80 80 80 80 80 80 80 80 80 80 80 30 30 30 30 30 30 30 30 30 30 30 80 80 80 80 80 80 80 80 80 80 80 80 80 80 80 80 90 90 90 90 90 90 30 40 40 40 40 40 40 40 40 40 30 40 40 40 40 40 40 40 40 40 40 40 40 40 40 40 40 40 40 40 40 40 40 40 40 40 40 40 40 40 40 40 40 40 40 40 40 40 30 40 30 90 90 30 90 90 90 90 90 60 30 30 30 30 30 30 30 30 30 30 30 30 30 30 30 30 30 30 30 30 30 30 30 30
40 40 40 40 40 40 40 40 40 40 40 40 40 40 40 40 40 40 40 40 30 50 40 90 90 90 90 90 90 30 30 30 30 30 90 30 90 40 90 30 30 40 30 30 30 40 30 30 90 90 90 40 40 90 40 40 40 40 40 40 40 40 40 40 40 40 40 40 40 40 90 90 90 40 40 40 40 40 40 30 30 30 30 40 40 40 40 30 50 30 40 40 40 40 40 40 40 40 40 40 40 40 40 40 40 40 40 40 40 40 40 40 40 40 40 40 40 40 40 40 40 40 40 40 30 30 40 40 40 40 30 30 40 40 40 40 40 40 40 40 40 40 40 40 40 40 40 40 40 40 40 40 40 40 40 40 40 40 40 40 40 40 40 40 40 40 40 40 40 40 40 40 40 40 40 40 40 40 40 40 40 40 40 40 40 40 40 40 40 40 40 40 40 40 40 40 40 40 40 40 40 40 30 10 10 30 30 30 30 30 30 40 30 40 40 40 40 40 40 40 40 40 40 30 30 80 80 80 80 80 80 80 80 80 80 80 80 80 80 80 80 80 80 80 80 80 80 80 80 80 80 80 80 80 80 80 80 80 80 80 80 80 80 80 80 80 80 80 80 80 80 80 80 80 80 80 80 80 80 80 80 80 80 30 30 30 30 30 30 30 30 30 30 30 80 80 80 80 80 80 80 80 80 80 80 80 80 80 80 80 80 90 90 90 90 90 90 40 40 40 40 40 40 40 40 40 40 40 40 40 40 40 40 40 40 40 30 40 40 40 40 40 40 40 40 40 30 40 40 40 40 40 40 40 40 30 40 40 40 40 40 40 40 40 40 40 40 40 90 90 30 60 60 30 30 30 30 30 30 30 30 30 30 30 30 30 30 30 30 30 30 30 30 30 30 30 30 30 30 30
40 40 40 40 40 40 40 40 40 40 40 40 40 40 40 40 40 40 40 40 30 30 40 40 40 40 40 40 40 40 40 40 40 40 40 40 40 40 40 40 40 40 40 30 30 30 30 40 40 40 40 40 40 40 40 40 40 40 40 40 40 40 40 40 40 40 40 40 40 30 30 40 40 40 40 40 40 40 40 30 30 30 30 40 40 40 40 30 30 30 40 40 40 40 40 40 40 40 40 40 40 40 40 40 40 40 40 40 40 40 40 40 40 40 40 40 40 40 40 40 40 40 40 40 40 40 40 40 40 40 40 40 40 40 40 40 40 40 40 40 40 40 40 40 40 40 40 40 40 40 40 40 40 40 40 40 40 40 40 40 40 40 40 40 40 40 40 40 40 40 40 40 40 40 40 40 40 40 40 40 40 40 40 40 40 40 40 40 40 40 40 40 40 40 40 40 40 40 40 40 40 40 40 30 10 10 30 30 30 30 30 30 40 40 40 40 40 40 40 40 40 40 40 40 30 30 80 80 80 80 80 80 80 80 80 80 80 80 80 80 80 80 80 80 80 80 80 80 80 80 80 80 80 80 80 80 80 80 80 80 80 80 80 80 80 80 80 80 80 80 80 80 80 80 80 80 80 80 80 80 80 80 80 30 30 30 30 30 30 30 30 30 30 30 80 80 80 80 80 80 80 80 80 80 80 80 80 80 80 80 80 80 90 90 90 90 90 40 40 40 40 40 40 40 40 30 40 40 40 40 40 40 40 40 40 40 40 40 40 40 40 40 40 40 40 40 40 40 40 40 40 40 40 40 30 40 40 40 40 40 40 40 40 40 40 40 40 40 40 40 30 30 30 30 30 30 30 30 30 30 30 30 30 30 30 30 30 30 30 30 30 30 30 30 30 30 30 30 30 30
40 40 40 40 40 40 40 40 30 40 30 40 40 40 40 40 40 40 40 40 30 50 40 40 40 40 40 40 40 40 40 40 40 40 40 40 40 40 40 40 40 40 40 30 30 30 40 40 40 40 40 40 40 40 40 40 40 40 40 40 40 40 40 40 40 40 90 90 40 40 40 40 40 40 40 40 40 40 40 40 30 30 30 30 40 40 40 30 30 30 40 40 40 40 40 40 40 40 40 40 40 40 40 40 40 40 40 40 40 40 40 40 40 40 40 40 40 40 40 40 40 40 40 40 40 40 40 40 40 40 40 40 40 40 40 40 40 40 40 40 40 40 40 40 90 40 40 40 90 40 40 40 40 40 40 40 40 40 40 40 40 40 40 40 40 40 40 40 40 40 40 40 40 40 40 40 40 40 40 40 40 40 40 40 40 40 40 40 40 40 40 40 40 40 40 40 40 40 40 40 40 40 40 40 30 10 10 30 30 30 30 30 40 40 40 40 40 40 40 40 40 40 40 40 30 30 30 80 80 80 80 80 80 80 80 80 80 80 80 80 80 80 80 80 80 80 80 80 80 80 80 80 80 80 80 80 80 80 80 80 80 80 80 80 80 80 80 80 80 80 80 80 80 80 80 80 80 80 80 80 80 80 80 30 30 30 30 30 30 30 30 30 30 30 80 80 80 80 80 80 80 80 80 80 80 80 80 80 80 80 80 80 80 90 80 90 90 30 40 40 40 40 40 40 40 40 40 40 40 40 40 40 40 40 40 30 40 40 40 40 40 40 40 40 40 30 40 40 40 40 40 40 40 40 40 40 40 40 40 40 40 40 40 40 40 40 40 40 40 40 40 40 30 30 30 30 30 30 30 30 30 30 30 30 30 30 30 30 30 30 30 30 30 30 30 30 30 30 30 30
40 40 40 40 40 40 40 40 40 40 40 40 40 40 40 40 40 40 40 40 30 50 40 40 40 40 40 40 40 40 40 40 40 40 40 40 40 40 40 40 40 40 40 40 30 30 40 40 40 40 40 40 40 40 40 40 40 40 40 40 40 40 40 30 90 40 40 40 40 40 40 40 40 40 40 40 40 40 40 40 30 30 30 40 40 40 40 40 30 50 40 40 40 40 40 40 40 40 40 40 40 40 40 40 40 40 40 40 40 40 40 40 40 40 40 40 40 40 40 40 40 40 40 40 40 40 40 40 40 40 40 40 40 40 40 40 40 40 40 40 40 40 40 40 40 40 40 40 40 40 40 40 40 40 40 40 40 40 40 40 40 40 40 40 40 40 40 40 40 40 40 40 40 40 40 40 40 40 40 30 40 40 40 40 40 40 40 40 40 40 40 40 40 40 40 40 40 40 40 40 40 40 40 40 30 10 10 10 30 30 30 30 30 40 40 40 40 40 40 40 40 40 40 40 40 30 30 80 80 80 80 80 80 80 80 80 80 80 80 80 80 80 80 80 80 80 80 80 80 80 80 80 80 80 80 80 80 80 80 80 80 80 80 80 80 80 80 80 80 80 80 80 80 80 80 80 80 80 80 80 80 80 80 30 30 30 30 30 30 30 30 30 30 30 80 80 80 80 80 80 80 80 80 80 80 80 80 80 80 80 80 80 80 80 80 90 90 90 30 40 40 40 40 40 30 40 40 40 40 40 40 40 40 40 40 40 40 40 40 40 40 40 40 40 40 40 40 40 40 40 40 40 40 30 40 40 40 40 40 40 40 40 30 40 40 40 40 40 40 40 40 30 30 30 30 30 30 30 30 30 30 30 30 30 30 30 30 30 30 30 30 30 30 30 30 30 30 30 30 30
40 40 40 40 40 40 40 40 40 40 40 40 40 40 40 40 40 40 40 40 30 50 90 90 90 90 90 30 90 90 40 40 40 40 40 30 40 90 30 40 40 40 90 40 30 30 40 40 40 40 40 30 40 40 40 40 40 40 40 40 40 30 90 40 40 40 40 40 40 40 40 40 40 40 40 40 40 40 40 40 30 30 30 30 40 40 40 40 30 30 40 40 40 40 40 40 40 40 40 40 40 40 40 40 40 30 40 40 40 40 40 40 40 40 40 40 40 40 40 40 40 40 40 40 40 40 40 40 40 40 40 40 40 40 40 40 40 40 40 40 40 40 40 40 40 40 40 40 40 40 40 40 40 40 40 40 40 40 40 40 40 40 40 40 40 40 40 40 40 40 40 40 40 40 40 40 40 40 30 30 40 40 40 40 40 40 40 40 40 40 40 40 40 40 40 40 40 40 40 40 40 40 30 40 40 30 10 10 30 30 30 30 30 30 40 40 40 40 40 40 40 40 40 40 40 40 30 30 80 80 80 80 80 80 80 80 80 80 80 80 80 80 80 80 80 80 80 80 80 80 80 80 80 80 80 80 80 80 80 80 80 80 80 80 80 80 80 80 80 80 80 80 80 80 80 80 80 80 80 80 80 80 80 30 30 30 30 30 30 30 30 30 30 30 80 80 80 80 80 80 80 80 80 80 80 80 80 80 80 80 80 80 80 80 80 90 90 90 90 30 30 40 40 40 40 40 40 40 40 40 40 40 40 40 30 40 40 40 40 40 40 40 40 40 30 40 40 40 40 40 40 40 40 40 40 40 40 40 40 40 40 30 40 40 40 40 40 40 40 40 30 30 30 30 30 30 30 30 30 30 30 30 30 30 30 30 30 30 30 30 30 30 30 30 30 30 30 30 30 30
40 40 40 40 40 40 40 40 40 40 40 40 40 40 40 40 40 40 40 40 30 50 40 40 40 40 40 40 40 40 40 40 40 40 40 40 40 40 40 40 40 40 40 40 30 30 30 40 40 40 40 40 90 90 40 40 40 40 30 90 30 40 40 40 40 40 40 40 40 40 40 40 40 90 40 40 40 40 40 40 40 30 50 30 40 40 40 40 30 30 50 40 40 40 40 40 40 40 40 40 40 40 40 40 40 40 40 40 40 40 40 40 40 40 40 40 40 40 40 40 40 40 40 40 40 40 40 40 40 40 40 40 40 40 40 40 40 40 40 40 40 40 40 40 40 40 40 40 40 30 40 40 40 40 40 40 40 40 40 40 40 40 40 40 30 40 40 40 40 40 40 40 40 40 40 30 40 40 30 30 30 30 30 40 40 40 40 40 40 40 40 40 40 40 40 40 40 40 40 40 40 40 40 40 40 40 10 10 10 30 30 30 30 30 40 40 40 40 40 40 40 40 40 40 40 40 40 30 80 80 80 80 80 80 80 80 80 80 80 80 80 80 80 80 80 80 80 80 80 80 80 80 80 80 80 80 80 80 80 80 80 80 80 80 80 80 80 80 80 80 80 80 80 80 80 80 80 80 80 80 80 80 80 30 30 30 30 30 30 30 30 30 30 30 80 80 80 80 80 80 80 80 80 80 80 80 80 80 80 80 80 80 80 80 80 90 90 90 90 90 30 30 30 40 40 40 40 40 40 40 40 40 40 40 40 40 40 40 40 40 40 40 40 40 40 40 40 40 40 40 40 40 30 40 40 40 40 40 40 40 40 40 40 40 40 40 40 40 40 30 30 30 30 30 30 30 30 30 30 30 30 30 30 30 30 30 30 30 30 30 30 30 30 30 30 30 30 30 30 30
40 40 40 40 40 40 40 40 40 40 40 40 40 40 40 40 40 40 40 40 30 50 40 40 40 40 40 40 40 40 40 40 40 40 40 40 40 40 40 40 40 40 40 40 40 30 30 40 40 40 40 40 90 90 40 40 30 90 40 40 40 40 40 40 40 40 40 40 40 40 40 40 40 40 40 40 40 40 40 40 40 30 30 30 40 40 40 40 40 30 50 40 40 40 40 40 40 40 40 40 40 40 40 40 40 40 40 40 40 40 40 40 40 40 40 40 40 40 40 40 40 40 40 40 40 40 40 40 40 40 40 40 40 40 40 40 40 40 40 40 40 40 40 40 40 40 40 40 40 40 40 40 40 40 40 40 40 40 40 40 40 40 40 40 40 40 40 40 40 40 40 40 40 40 40 40 30 30 30 30 80 80 30 30 30 30 40 40 40 40 40 40 40 40 40 40 40 40 40 40 40 40 40 40 40 40 30 10 10 30 30 30 30 30 30 30 40 40 40 40 40 40 40 40 40 40 40 30 30 80 80 80 80 80 80 80 80 80 80 80 80 80 80 80 80 80 80 80 80 80 80 80 80 80 80 80 80 80 80 80 80 80 80 80 80 80 80 80 80 80 80 80 80 80 80 80 80 80 80 80 80 80 80 80 30 30 30 30 30 30 30 30 90 30 80 80 80 80 80 80 80 80 80 80 80 80 80 80 80 80 80 80 80 80 80 80 80 80 90 90 90 30 30 30 40 40 40 40 40 40 40 40 40 30 40 40 40 40 40 40 40 40 40 30 40 40 40 40 40 40 40 30 40 40 40 40 40 40 40 40 40 40 40 40 40 40 40 40 40 30 30 30 30 30 30 30 30 30 30 30 30 30 30 30 30 30 30 30 30 30 30 30 30 30 30 30 30 30 30 30
40 40 40 40 40 40 40 40 40 40 40 40 40 40 40 40 40 40 40 40 30 50 40 40 40 40 40 40 40 40 40 40 40 40 40 40 40 40 40 40 40 40 40 40 40 30 30 90 40 40 90 90 90 30 30 40 40 40 40 40 40 40 40 40 40 40 40 40 40 40 40 40 40 40 40 40 40 90 30 90 40 40 30 30 30 40 40 40 40 30 30 40 40 40 40 40 40 40 40 40 40 40 40 40 40 40 40 40 40 40 40 40 40 40 40 40 40 40 40 40 40 40 40 40 40 40 40 40 40 40 40 40 40 40 40 40 40 40 40 40 40 40 40 40 40 40 40 40 40 30 40 40 40 40 40 40 40 40 40 40 40 40 40 40 40 40 40 40 40 40 40 40 40 40 40 30 30 80 80 80 80 80 80 80 80 80 80 30 30 30 40 40 40 40 40 40 40 40 40 40 40 40 40 40 40 40 40 30 10 10 30 30 30 30 30 30 40 40 40 40 40 40 40 40 40 40 40 40 30 30 80 80 80 80 80 80 80 80 80 80 80 80 80 80 80 80 80 80 80 80 80 80 80 80 80 80 80 80 80 80 80 80 80 80 80 80 80 80 80 80 80 80 80 80 80 80 80 80 80 80 80 80 80 80 80 30 30 30 30 30 30 30 30 30 80 80 80 80 80 80 80 80 80 80 80 80 80 80 80 80 80 80 80 80 80 80 80 80 80 80 90 90 30 30 30 30 40 40 40 40 40 40 40 40 40 40 40 40 40 40 40 40 30 40 40 40 40 40 40 40 40 40 40 40 40 40 40 40 40 40 40 40 40 40 40 40 40 40 30 30 30 30 30 30 30 30 30 30 30 30 30 30 30 30 30 30 30 30 30 30 30 30 30 30 30 30 30 30 30 30
40 40 40 40 40 40 40 40 40 40 40 40 40 40 40 40 40 40 40 40 30 50 90 90 90 90 90 90 90 40 40 40 40 40 40 40 40 40 40 40 40 40 40 40 40 40 30 30 40 90 90 30 30 40 40 40 40 40 40 40 40 40 40 40 40 40 40 40 40 40 40 40 40 40 40 90 90 90 40 40 40 40 30 30 30 40 40 40 40 30 30 30 40 40 40 40 40 40 40 40 40 40 90 40 40 30 40 40 40 40 40 40 40 40 40 40 40 40 40 40 40 40 40 40 40 40 40 40 40 40 40 40 40 40 40 40 40 40 40 40 40 40 40 40 40 40 40 40 40 40 40 40 40 40 40 40 40 40 40 40 40 40 40 40 40 40 40 40 40 40 40 40 40 40 40 30 80 80 80 80 80 80 80 80 80 80 80 80 80 80 30 30 40 40 40 40 40 40 40 40 40 40 40 40 40 40 40 40 10 10 10 30 30 30 30 30 30 40 40 40 40 40 40 40 40 40 40 40 30 30 80 80 80 80 80 80 80 80 80 80 80 80 80 80 80 80 80 80 80 80 80 80 80 80 80 80 80 80 80 80 80 80 80 80 80 80 80 80 80 80 80 80 80 80 80 80 80 80 80 80 80 80 80 80 80 30 30 30 30 30 30 30 90 30 30 80 80 80 80 80 80 80 80 80 80 80 80 80 80 80 80 80 80 80 80 80 80 80 80 80 80 80 80 30 30 30 30 30 40 40 40 40 30 40 40 40 40 40 40 40 40 40 30 40 40 40 40 40 40 40 30 40 40 40 40 40 40 40 40 30 40 40 40 40 40 40 40 30 30 30 30 30 30 30 30 30 30 30 30 30 30 30 30 30 30 30 30 30 30 30 30 30 30 30 30 30 30 30 30 30
40 40 40 40 40 40 40 40 40 40 40 40 40 40 40 40 40 40 30 40 30 30 40 40 40 40 40 40 40 40 40 40 40 40 40 40 40 40 40 40 40 40 40 40 40 40 30 30 30 40 40 40 40 40 40 40 40 40 40 40 40 40 40 40 40 40 40 40 40 40 40 40 90 90 90 90 40 40 40 40 40 40 30 30 30 30 40 40 40 30 30 50 40 40 40 40 40 40 40 40 40 40 40 40 40 40 40 40 40 40 40 40 40 40 40 40 40 40 40 40 40 40 40 30 30 30 30 40 40 40 30 40 40 40 40 40 40 40 30 40 40 40 30 40 40 40 40 40 30 40 40 40 40 40 40 40 40 40 40 40 40 40 40 40 40 40 40 40 40 40 40 40 40 40 30 80 80 80 80 80 80 80 80 80 80 80 80 80 80 80 80 80 30 40 40 40 40 40 40 40 40 40 40 40 40 40 40 40 30 10 10 10 30 30 30 30 30 30 40 40 40 40 40 40 40 40 40 40 40 30 30 80 80 80 80 80 80 80 80 80 80 80 80 80 80 80 80 80 80 80 80 80 80 80 80 80 80 80 80 80 80 80 80 80 80 80 80 80 80 80 80 80 80 80 80 80 80 80 80 80 80 80 80 80 80 80 30 30 30 30 30 30 30 30 30 80 80 80 80 80 80 80 80 80 80 80 80 80 80 80 80 80 80 80 80 80 80 80 80 80 80 80 80 30 30 30 30 30 30 40 40 40 40 40 40 40 40 40 40 40 40 40 40 40 40 40 40 40 40 40 40 40 40 40 40 40 40 40 40 40 40 40 40 40 40 40 30 30 30 30 30 30 30 90 90 90 90 90 90 30 30 30 30 30 30 30 30 30 30 30 30 30 30 30 30 30 30 30 30 30
40 40 40 40 40 40 40 40 40 40 40 40 40 40 40 40 40 40 40 40 30 50 40 40 40 40 40 40 40 40 40 40 40 40 40 40 40 40 40 40 40 40 40 40 40 40 30 30 30 40 40 40 40 40 40 40 40 40 40 40 40 40 40 40 40 40 40 40 40 40 90 90 90 90 40 40 40 40 40 40 40 40 40 30 30 30 30 40 40 40 30 50 40 40 40 40 40 40 40 40 40 40 40 40 40 40 40 40 40 40 40 40 40 40 40 40 40 40 40 40 40 40 40 30 40 40 40 40 40 40 40 40 40 40 40 40 40 40 40 40 40 40 40 40 40 40 40 40 40 40 40 40 40 40 40 40 40 40 40 40 40 40 40 40 40 40 40 40 40 40 40 40 40 40 30 80 80 80 80 80 80 80 80 80 80 80 80 80 80 80 80 80 80 80 30 40 40 40 40 40 40 40 40 40 40 40 40 40 40 30 10 10 30 30 30 10 30 30 40 40 40 40 40 40 40 40 40 40 40 40 30 80 80 80 80 80 80 80 80 80 80 80 80 80 80 80 80 80 80 80 80 80 80 80 80 80 80 80 80 80 80 80 80 80 80 80 80 80 80 80 80 80 80 80 80 80 80 80 80 80 80 80 80 80 80 80 80 80 30 30 30 30 90 90 30 80 80 80 80 80 80 80 80 80 80 80 80 80 80 80 80 80 80 80 80 80 80 80 80 80 80 80 80 80 80 30 30 30 30 30 30 40 40 40 40 40 40 40 40 40 40 30 40 40 40 40 40 40 40 40 40 40 40 40 40 40 40 40 30 40 40 40 40 40 40 40 30 30 30 30 30 90 90 80 80 80 80 80 80 90 90 60 30 30 30 30 30 30 30 30 30 30 30 30 30 30 30 30 30 30
40 40 40 40 40 40 40 40 40 40 40 40 40 40 40 40 40 40 40 40 30 30 40 40 40 40 40 40 40 40 40 40 40 40 40 40 40 40 40 40 40 40 40 40 40 40 40 30 30 40 40 40 40 40 40 40 40 40 40 40 40 40 40 40 40 40 40 90 90 90 40 40 40 40 40 40 40 40 40 40 40 40 40 30 30 30 30 40 40 40 30 30 40 40 40 40 40 40 40 40 40 40 40 40 40 40 40 40 40 40 40 40 40 40 40 40 40 40 40 40 40 40 40 40 40 40 40 40 40 40 40 40 40 40 40 40 40 40 40 40 40 40 40 40 40 40 40 30 40 40 40 40 40 40 40 40 40 40 40 40 40 40 40 40 40 40 40 40 40 40 40 40 40 30 80 80 80 80 80 80 80 80 80 80 80 80 80 80 80 80 80 80 80 80 80 80 30 30 30 30 30 40 40 40 40 40 40 40 40 40 30 10 10 30 30 30 30 30 30 40 40 40 40 40 40 40 40 40 40 40 40 30 80 80 80 80 80 80 80 80 80 80 80 80 80 80 80 80 80 80 80 80 80 80 80 80 80 80 80 80 80 80 80 80 80 80 80 80 80 80 80 80 80 80 80 80 80 80 80 80 80 80 80 80 80 80 80 80 80 80 30 30 90 90 30 30 80 80 80 80 80 80 80 80 80 80 80 80 80 80 80 80 80 80 80 80 80 80 80 80 80 80 80 80 80 80 80 80 30 30 30 30 30 40 40 40 40 40 40 40 30 40 40 40 40 40 40 40 40 40 40 40 40 40 40 40 40 40 40 40 40 40 40 40 40 30 30 30 30 30 90 80 80 80 80 80 80 80 80 80 80 80 90 30 30 30 30 30 30 30 30 30 30 30 30 30 30 30 30 30
40 40 40 40 40 40 40 40 40 40 40 40 40 40 40 40 40 40 40 40 30 30 90 90 40 90 90 90 90 90 40 90 90 40 40 40 90 90 90 40 40 40 40 40 40 40 40 30 30 30 40 40 40 40 40 40 40 40 90 90 40 40 40 40 90 40 90 90 90 40 40 40 40 40 40 40 40 40 40 40 40 40 40 30 30 30 30 40 30 40 30 30 30 40 40 40 40 40 40 40 40 40 40 40 40 40 40 40 40 40 40 40 40 40 40 40 40 40 40 40 40 40 40 30 40 40 40 40 40 40 40 40 40 40 40 40 40 40 40 40 40 40 40 40 40 40 40 30 40 40 40 40 40 40 40 40 40 40 40 40 40 40 40 40 40 40 40 40 40 40 40 40 40 30 80 80 80 80 80 80 80 80 80 80 80 80 80 80 80 80 80 80 80 80 80 80 80 80 30 30 30 40 40 40 40 40 40 40 40 40 40 30 10 10 30 30 10 30 30 40 40 40 40 40 40 40 40 40 40 40 40 30 30 80 80 80 80 80 80 80 80 80 80 80 80 80 80 80 80 80 80 80 80 80 80 80 80 80 80 80 80 80 80 80 80 80 80 80 80 80 80 80 80 80 80 80 80 80 80 80 80 80 80 80 80 80 80 80 80 80 80 30 30 30 30 30 80 80 80 80 80 80 80 80 80 80 80 80 80 80 80 80 80 80 80 80 80 80 80 80 80 80 80 80 80 80 80 80 80 80 30 30 30 30 40 40 40 40 40 40 30 40 40 40 40 40 40 40 30 40 40 40 40 40 40 40 40 30 40 40 40 40 40 40 30 30 30 30 90 90 80 80 80 80 80 80 80 80 80 80 80 80 80 80 90 90 30 30 30 30 30 30 30 30 30 30 30 30 30 30
40 40 40 40 40 40 40 40 40 40 40 40 30 40 40 40 40 40 40 40 30 30 40 40 40 40 40 40 40 40 40 40 40 40 40 40 40 40 40 40 40 40 40 40 40 40 40 30 30 30 40 40 40 40 40 40 40 40 40 40 40 40 90 90 90 40 40 40 40 90 40 40 40 40 40 40 40 40 40 40 40 40 40 40 30 30 30 40 40 40 30 30 50 40 40 40 40 40 40 40 40 40 40 40 40 40 40 40 40 40 40 40 40 40 40 40 40 40 40 40 40 40 40 30 40 40 40 40 40 40 40 40 40 40 40 40 40 40 40 40 40 40 40 40 40 40 30 40 40 40 40 40 40 40 40 40 40 40 40 40 40 40 40 40 40 40 40 40 40 40 40 40 40 30 80 80 80 80 80 80 80 80 80 80 80 80 80 80 80 80 80 80 80 80 80 80 80 80 80 80 30 30 40 40 40 40 40 40 40 40 40 40 30 30 30 30 30 30 30 30 40 40 40 40 40 40 40 40 40 40 40 40 30 30 80 80 80 80 80 80 80 80 80 80 80 80 80 80 80 80 80 80 80 80 80 80 80 80 80 80 80 80 80 80 80 80 80 80 80 80 80 80 80 80 80 80 80 80 80 80 80 80 80 80 80 80 80 80 80 80 80 80 60 30 30 90 30 80 80 80 80 80 80 80 80 80 80 80 80 80 80 80 80 80 80 80 80 80 80 80 80 80 80 80 80 80 80 80 80 80 80 80 30 30 30 30 40 40 40 40 40 40 40 40 40 40 40 40 40 40 40 40 40 40 40 40 40 40 40 40 40 40 40 30 30 30 30 30 90 80 80 80 80 80 80 80 80 80 80 80 80 80 80 80 80 90 90 30 30 30 30 30 30 90 30 30 30 30 30 30
40 40 40 40 40 40 40 40 40 40 40 40 40 40 40 40 40 40 40 40 30 30 40 40 40 40 40 40 40 40 40 40 40 40 40 40 40 40 40 40 40 40 40 40 40 40 40 40 30 30 30 40 40 40 40 40 40 40 40 40 90 90 30 40 40 40 40 40 40 40 40 40 40 40 40 40 40 40 40 40 40 40 40 40 30 30 30 40 40 40 40 30 30 30 40 40 40 40 40 40 40 40 40 40 40 40 40 40 40 40 40 40 40 40 40 40 40 40 40 40 40 40 40 40 40 40 40 40 40 40 40 40 40 40 40 40 40 40 40 40 40 40 40 40 40 40 30 40 40 40 40 40 40 40 40 40 40 40 40 40 40 40 40 40 40 40 40 40 40 40 40 40 40 30 80 80 80 80 80 80 80 80 80 80 80 80 80 80 80 80 80 80 80 80 80 80 80 80 80 80 80 30 30 40 30 40 40 40 40 40 40 40 30 30 30 30 30 30 30 30 30 40 40 40 40 40 40 40 40 40 40 40 40 30 80 80 80 80 80 80 80 80 80 80 80 80 80 80 80 80 80 80 80 80 80 80 80 80 80 80 80 80 80 80 80 80 80 80 80 80 80 80 80 80 80 80 80 80 80 80 80 80 80 80 80 80 80 80 80 80 80 80 80 80 90 90 30 60 30 80 80 80 80 80 80 80 80 80 80 80 80 80 80 80 80 80 80 80 80 80 80 80 80 80 80 80 80 80 80 80 80 80 80 80 30 30 30 30 40 30 40 40 40 40 40 40 40 30 40 40 40 40 40 40 40 40 40 40 40 40 40 40 40 30 30 30 30 90 90 80 80 80 80 80 80 80 80 80 80 80 80 80 80 80 80 80 80 90 90 80 90 90 60 30 30 30 30 30 30 30
40 40 40 40 40 40 40 40 40 40 40 40 40 40 40 40 40 40 40 40 30 30 40 40 40 40 40 40 40 40 40 40 40 40 40 40 40 40 40 40 40 40 40 40 40 40 40 40 30 30 30 40 40 40 40 40 40 40 90 40 40 40 40 40 40 40 40 40 40 40 40 40 40 40 40 40 40 40 40 40 40 40 40 40 40 30 30 30 40 40 40 30 30 30 40 40 40 40 40 40 40 40 40 40 40 40 40 40 40 40 40 40 40 40 40 40 40 40 40 40 40 40 40 40 40 40 40 40 40 40 40 40 40 40 40 40 40 40 40 40 40 40 40 40 40 30 40 40 40 40 40 40 40 40 40 40 40 40 40 40 40 40 40 40 40 40 40 40 40 40 40 40 40 30 80 80 80 80 80 80 80 80 80 80 80 80 80 80 80 80 80 80 80 80 80 80 80 80 80 80 80 80 30 30 40 40 40 40 40 40 40 40 40 40 30 30 30 30 30 30 30 40 40 40 40 40 40 40 40 40 40 40 40 40 30 80 80 80 80 80 80 80 80 80 80 80 80 80 80 80 80 80 80 80 80 80 80 80 80 80 80 80 80 80 80 80 80 80 80 80 80 80 80 80 80 80 80 80 80 80 80 80 80 80 80 80 80 80 80 80 80 80 80 80 80 80 60 90 30 90 30 80 80 80 80 80 80 80 80 80 80 80 80 80 80 80 80 80 80 80 80 80 80 80 80 80 80 80 80 80 80 80 80 80 80 80 80 30 30 40 40 40 40 40 40 40 30 40 40 40 40 40 40 40 40 40 40 40 40 40 40 40 30 30 30 30 90 90 80 80 80 80 80 80 80 80 80 80 80 80 80 80 80 80 80 80 80 80 90 90 90 80 90 30 30 30 30 30 30 30
40 40 40 40 40 40 40 40 40 40 40 40 40 40 40 40 40 40 40 40 30 30 40 40 40 40 40 40 40 40 40 40 40 40 40 40 40 40 40 40 40 40 40 40 40 40 40 40 30 30 30 30 40 40 40 90 90 40 40 40 40 40 40 40 40 40 40 40 40 40 40 40 40 40 40 40 40 40 40 40 40 40 40 40 40 30 30 30 40 40 40 30 30 50 40 40 40 40 40 40 40 40 40 40 40 30 40 40 40 40 40 40 40 40 40 40 40 40 40 40 40 40 40 40 40 40 40 40 40 40 40 40 40 40 40 40 40 40 40 40 40 40 40 40 40 30 40 40 40 40 40 40 40 40 40 40 40 40 40 40 40 40 40 40 40 40 40 40 40 40 40 40 30 80 80 80 80 80 80 80 80 80 80 80 80 80 80 80 80 80 80 80 80 80 80 80 80 80 80 80 80 80 80 30 40 40 30 30 30 30 30 40 40 40 40 30 30 30 30 30 30 30 40 40 40 40 40 40 40 40 40 40 40 40 30 80 80 80 80 80 80 80 80 80 80 80 80 80 80 80 80 80 80 80 80 80 80 80 80 80 80 80 80 80 80 80 80 80 80 80 80 80 80 80 80 80 80 80 80 80 80 80 80 80 80 80 80 80 80 80 80 80 80 80 80 80 80 60 30 30 30 30 80 80 80 80 80 80 80 80 80 80 80 80 80 80 80 80 80 80 80 80 80 80 80 80 80 80 80 80 80 80 80 80 80 80 80 80 80 30 30 40 40 40 40 40 40 40 40 40 40 40 40 40 40 40 40 40 40 40 40 30 30 30 30 30 90 80 80 80 80 80 80 80 80 80 80 80 80 80 80 80 80 80 80 80 80 80 90 90 80 90 90 30 30 30 30 30 30 30
40 40 40 40 40 40 40 40 40 40 40 40 40 40 40 40 40 40 30 30 30 30 30 40 40 40 30 30 40 30 30 30 30 30 30 30 30 40 30 30 30 30 30 40 40 40 90 40 30 30 30 30 40 90 40 40 40 40 40 40 40 40 40 40 40 40 40 40 40 40 40 40 40 40 40 40 40 40 40 40 40 40 40 40 40 40 30 30 40 40 40 30 30 30 30 40 40 40 40 90 90 30 90 90 90 30 40 40 40 40 40 40 40 40 40 40 40 40 40 40 40 40 40 30 40 40 40 40 40 90 40 40 40 90 40 40 40 40 40 40 40 40 40 40 40 40 40 40 40 40 40 40 40 40 40 40 40 40 40 40 40 40 40 40 40 40 40 40 40 40 40 40 80 80 80 80 80 80 80 80 80 80 80 80 80 80 80 80 80 80 80 80 80 80 80 80 80 80 80 80 80 80 80 80 30 30 30 30 40 30 30 40 40 40 40 30 30 30 30 30 30 30 30 40 40 40 40 40 40 40 40 40 30 30 30 80 80 80 80 80 80 80 80 80 80 80 80 80 80 80 80 80 80 80 80 80 80 80 80 80 80 80 80 80 80 80 80 80 80 80 80 80 80 80 80 80 80 80 80 80 80 80 80 80 80 80 80 80 80 80 80 80 80 80 80 80 80 80 30 30 30 30 30 80 80 80 80 80 80 80 80 80 80 80 80 80 80 80 80 80 80 80 80 80 80 80 80 80 80 80 80 80 80 80 80 80 80 80 80 80 80 40 40 40 40 40 40 40 40 40 40 40 40 40 40 40 40 40 40 40 30 30 30 30 30 90 90 80 80 80 80 80 80 80 80 80 80 80 80 80 80 80 80 80 80 80 80 80 80 80 80 90 90 90 30 30 30 30 30 30
40 40 40 40 40 40 40 40 40 40 40 40 40 40 40 40 40 40 40 40 40 50 40 40 40 40 40 40 40 40 40 40 40 40 40 40 40 40 40 40 40 40 40 40 40 40 40 40 40 40 30 30 40 40 40 40 40 40 40 40 40 40 40 40 40 40 40 40 40 40 40 40 40 40 40 40 40 40 40 40 40 40 40 40 40 40 30 30 30 40 40 30 30 30 30 40 40 40 40 40 40 40 40 40 40 40 40 40 40 40 40 40 40 40 40 40 30 30 30 30 30 30 30 30 30 30 30 30 90 30 30 30 30 30 30 30 30 30 30 30 30 30 30 30 30 40 40 40 40 40 40 40 40 40 40 40 40 40 40 40 40 40 40 30 40 40 40 40 40 40 40 30 80 80 80 80 80 80 80 80 80 80 80 80 80 80 80 80 80 80 80 80 80 80 80 80 80 80 80 80 80 80 80 80 80 30 30 30 30 30 30 30 40 40 40 40 30 30 30 90 30 30 30 30 40 40 40 40 40 40 40 30 30 30 30 80 80 80 80 80 80 80 80 80 80 80 80 80 80 80 80 80 80 80 80 80 80 80 80 80 80 80 80 80 80 80 80 80 80 80 80 80 80 80 80 80 80 80 80 80 80 80 80 80 80 80 80 80 80 80 80 80 80 80 80 80 80 80 30 30 30 30 30 30 80 80 80 80 80 80 80 80 80 80 80 80 80 80 80 80 80 80 80 80 80 80 80 80 80 80 80 80 80 80 80 80 80 80 80 80 80 80 80 40 40 40 40 40 40 40 40 40 40 40 40 40 40 40 40 30 30 30 30 30 30 90 90 80 80 80 80 80 80 80 80 80 80 80 80 80 80 80 80 80 80 80 80 80 80 80 80 80 90 30 30 30 30 30 30 30
40 40 40 40 40 40 40 40 40 40 40 40 40 40 40 40 40 40 40 40 40 50 40 40 40 40 40 40 40 40 40 40 40 40 40 40 40 40 40 40 40 40 40 40 40 40 40 40 40 40 30 30 40 40 40 40 40 40 40 40 40 40 40 40 40 40 40 40 40 40 40 40 40 40 40 40 40 40 40 40 40 40 40 40 40 40 30 30 30 40 40 40 30 30 50 40 40 40 40 40 40 40 40 40 40 40 40 40 40 40 40 40 40 40 40 40 40 40 40 40 40 40 40 40 40 40 40 40 40 40 40 40 40 40 40 40 40 40 40 40 40 40 40 40 40 40 30 30 30 30 30 30 30 30 30 40 40 40 30 30 40 40 40 30 30 30 40 40 40 40 30 80 80 80 80 80 80 80 80 80 80 80 80 80 80 80 80 80 80 80 80 80 80 80 80 80 80 80 80 80 80 80 80 80 80 80 30 30 30 30 30 30 30 40 40 40 30 30 30 30 30 30 30 30 40 40 40 40 40 40 30 30 30 30 90 80 80 80 80 80 80 80 80 80 80 80 80 80 80 80 80 80 80 80 80 80 80 80 80 80 80 80 80 80 80 80 80 80 80 80 80 80 80 80 80 80 80 80 80 80 80 80 80 80 80 80 80 80 80 80 80 80 80 80 80 80 80 80 50 30 30 30 30 30 30 30 80 80 80 80 80 80 80 80 80 80 80 80 80 80 80 80 80 80 80 80 80 80 80 80 80 80 80 80 80 80 80 80 80 80 80 80 80 80 30 40 40 40 40 40 40 40 40 30 40 40 40 40 30 30 30 30 30 30 30 90 80 80 80 80 80 80 80 80 80 80 80 80 80 80 80 80 80 80 80 80 80 80 80 80 80 80 90 30 30 30 30 30 30 30
40 40 40 40 40 40 40 40 40 40 40 40 40 40 40 40 40 40 40 40 40 50 40 40 40 40 40 40 40 40 40 40 40 40 40 40 40 40 40 40 40 40 40 40 40 40 40 40 40 40 40 30 30 40 40 40 40 30 40 40 40 40 40 40 40 40 40 40 40 40 40 40 40 40 40 40 40 40 40 40 40 40 40 40 40 40 40 30 30 30 40 40 40 30 50 40 40 40 40 40 40 40 40 40 40 40 40 40 40 40 40 40 40 40 40 40 40 40 40 40 40 40 40 40 40 40 40 40 40 40 30 40 40 40 40 40 40 40 40 40 40 40 40 40 40 40 40 40 40 40 40 40 40 40 40 40 40 40 40 40 40 40 30 30 30 30 30 40 30 40 30 80 80 80 80 80 80 80 80 80 80 80 80 80 80 80 80 80 80 80 80 80 80 80 80 80 80 80 80 80 80 80 80 80 80 80 80 80 30 30 30 30 30 30 30 40 40 30 30 30 30 30 30 30 30 40 40 40 40 40 40 40 40 40 40 30 80 80 80 80 80 80 80 80 80 80 80 80 80 80 80 80 80 80 80 80 80 80 80 80 80 80 80 80 80 80 80 80 80 80 80 80 80 80 80 80 80 80 80 80 80 80 80 80 80 80 80 80 80 80 80 80 80 80 80 80 80 80 80 30 30 30 30 30 30 30 30 80 80 80 80 80 80 80 80 80 80 80 80 80 80 80 80 80 80 80 80 80 80 80 80 80 80 80 80 80 80 80 80 80 80 80 80 80 30 30 40 40 40 40 40 40 40 40 40 40 40 30 30 30 30 30 30 30 90 90 80 80 80 80 80 80 80 80 80 80 80 80 80 80 80 80 80 80 80 80 80 80 80 80 80 80 80 90 30 30 30 30 30 30
40 40 40 40 40 40 40 40 40 40 40 40 40 40 40 40 40 40 40 40 40 50 40 40 40 40 40 40 40 40 40 40 40 40 40 40 40 40 40 40 40 40 40 40 40 40 40 40 40 40 40 30 30 40 40 40 40 40 40 40 40 40 40 40 40 40 40 40 40 40 40 40 40 40 40 40 40 40 40 40 40 40 40 40 40 40 40 30 30 30 40 40 40 30 30 30 40 40 40 40 40 40 40 40 40 40 40 40 40 40 40 40 40 40 40 40 40 30 40 40 40 40 40 40 40 40 40 40 40 40 40 40 40 40 40 40 40 40 40 40 40 40 40 40 40 40 40 40 40 40 40 40 40 40 40 40 40 40 40 40 40 30 30 30 30 30 40 30 40 40 30 80 80 80 80 80 80 80 80 80 80 80 80 80 80 80 80 80 80 80 80 80 80 80 80 80 80 80 80 80 80 80 80 80 80 80 80 80 80 30 30 30 30 30 30 30 40 40 30 30 30 30 30 30 30 30 40 40 40 40 40 40 40 40 40 40 30 80 80 80 80 80 80 80 80 80 80 80 80 80 80 80 80 80 80 80 80 80 80 80 80 80 80 80 80 80 80 80 80 80 80 80 80 80 80 80 80 80 80 80 80 80 80 80 80 80 80 80 80 80 80 80 80 80 80 80 80 80 80 80 30 30 30 90 30 30 30 30 80 80 80 80 80 80 80 80 80 80 80 80 80 80 80 80 80 80 80 80 80 80 80 80 80 80 80 80 80 80 80 80 80 80 80 80 80 30 40 40 40 40 40 40 40 40 40 40 30 30 40 40 40 40 40 30 90 90 80 80 80 80 80 80 80 80 80 80 80 80 80 80 80 80 80 80 80 80 80 80 80 80 80 80 80 80 90 30 30 30 30 30
40 40 40 40 40 40 40 40 40 40 40 40 40 40 40 40 40 40 40 40 40 50 40 40 40 40 40 40 40 40 40 40 40 40 40 40 40 40 40 40 40 40 40 40 40 40 40 40 40 40 40 30 30 30 40 40 40 40 40 40 40 40 40 40 40 40 40 40 40 40 40 40 40 40 40 40 40 40 40 40 40 40 40 40 40 40 40 30 30 30 30 40 40 30 30 30 40 40 40 40 40 40 40 40 40 40 40 40 40 40 40 40 40 40 40 40 40 30 40 40 40 40 40 40 30 40 40 40 40 40 40 40 40 40 40 40 40 40 40 40 40 40 40 40 40 40 40 40 40 40 40 40 40 40 40 40 40 40 40 40 40 30 30 30 30 40 40 30 40 40 30 80 80 80 80 80 80 80 80 80 80 80 80 80 80 80 80 80 80 80 80 80 80 80 80 80 80 80 80 80 80 80 80 80 80 80 80 80 80 80 80 30 30 30 30 30 30 40 40 30 30 30 30 30 30 30 30 40 40 40 40 40 40 40 40 40 30 80 80 80 80 80 80 80 80 80 80 80 80 80 80 80 80 80 80 80 80 80 80 80 80 80 80 80 80 80 80 80 80 80 80 80 80 80 80 80 80 80 80 80 80 80 80 80 80 80 80 80 80 80 80 80 80 80 80 80 80 80 80 80 60 30 30 30 30 30 30 30 80 80 80 80 80 80 80 80 80 80 80 80 80 80 80 80 80 80 80 80 80 80 80 80 80 80 80 80 80 80 80 80 80 80 80 80 80 30 30 40 40 40 40 40 40 40 40 30 30 40 40 40 40 40 40 30 90 90 80 80 80 80 80 80 80 80 80 80 80 80 80 80 80 80 80 80 80 80 80 80 80 80 80 80 80 80 80 90 30 30 30 30
40 40 40 40 40 40 40 40 40 40 40 40 40 40 40 40 40 40 40 40 40 50 40 40 40 40 40 40 40 40 40 40 40 40 40 40 40 40 40 40 40 40 40 40 40 40 40 40 40 40 40 40 30 30 40 40 40 40 40 40 40 40 40 40 40 40 40 40 40 40 40 40 40 40 40 40 40 40 40 40 40 40 40 40 40 40 40 30 30 30 90 40 40 40 30 50 40 40 40 40 40 40 40 40 40 40 40 40 40 40 40 40 40 40 40 40 40 40 40 40 40 40 40 40 40 40 40 40 40 40 40 90 40 40 40 40 40 40 40 40 40 40 40 40 40 40 40 40 40 40 40 40 40 40 40 40 40 40 40 40 40 30 30 30 30 30 40 30 30 30 80 80 80 80 80 80 80 80 80 80 80 80 80 80 80 80 80 80 80 80 80 80 80 80 80 80 80 80 80 80 80 80 80 80 80 80 80 80 80 80 80 30 30 30 30 30 30 30 30 30 30 30 30 30 30 30 30 30 40 40 40 40 40 40 40 40 40 80 80 80 80 80 80 80 80 80 80 80 80 80 80 80 80 80 80 80 80 80 80 80 80 80 80 80 80 80 80 80 80 80 80 80 80 80 80 80 80 80 80 80 80 80 80 80 80 80 80 80 80 80 80 80 80 80 80 80 80 80 80 80 80 60 30 30 30 90 90 30 30 80 80 80 80 80 80 80 80 80 80 80 80 80 80 80 80 80 80 80 80 80 80 80 80 80 80 80 80 80 80 80 80 80 80 80 80 80 30 30 40 40 40 30 40 40 40 30 40 40 40 40 40 40 40 30 90 90 80 80 80 80 80 80 80 80 80 80 80 80 80 80 80 80 80 80 80 80 80 80 80 80 80 80 80 80 80 80 90 30 30 30
90 90 90 40 40 40 40 40 40 90 40 40 40 40 40 30 40 40 40 40 40 50 40 40 40 40 40 40 40 40 40 40 40 40 40 40 40 40 40 40 40 40 40 40 40 40 40 40 40 40 40 40 30 30 40 40 40 40 40 40 40 40 40 40 40 40 40 40 40 40 40 40 40 40 40 40 40 40 40 40 40 40 40 40 40 40 40 40 30 90 90 30 40 40 30 30 30 40 40 40 40 40 40 40 40 40 40 40 40 40 40 40 40 40 40 40 40 40 40 40 40 40 40 40 40 40 40 40 40 40 40 90 40 40 40 40 40 40 40 40 40 40 40 40 40 40 40 40 40 40 40 40 40 40 40 40 40 40 40 40 30 30 30 40 40 40 40 30 30 30 80 80 80 80 80 80 80 80 80 80 80 80 80 80 80 80 80 80 80 80 80 80 80 80 80 80 80 80 80 80 80 80 80 80 80 80 80 80 80 80 80 80 30 30 30 30 30 30 30 30 30 30 30 30 30 30 30 30 40 40 40 40 40 40 40 40 40 30 80 80 80 80 80 80 80 80 80 80 80 80 80 80 80 80 80 80 80 80 80 80 80 80 80 80 80 80 80 80 80 80 80 80 80 80 80 80 80 80 80 80 80 80 80 80 80 80 80 80 80 80 80 80 80 80 80 80 80 80 80 80 80 80 60 30 30 90 90 30 30 30 80 80 80 80 80 80 80 80 80 80 80 80 80 80 80 80 80 80 80 80 80 80 80 80 80 80 80 80 80 80 80 80 80 80 80 80 90 30 30 30 40 40 40 30 30 40 40 40 40 40 40 40 40 30 90 90 80 80 80 80 80 80 80 80 80 80 80 80 80 80 80 80 80 80 80 80 80 80 80 80 80 80 80 80 80 80 90 30 30 30
40 40 40 40 40 40 40 40 40 40 40 40 40 40 40 40 40 40 40 40 40 50 40 40 40 40 40 40 40 40 40 40 40 40 40 40 40 40 40 40 40 40 40 40 40 40 40 40 40 40 40 40 30 30 30 40 40 40 40 40 40 40 40 40 40 40 40 40 40 40 40 40 40 40 40 40 40 40 40 40 40 40 40 40 90 40 40 40 40 30 30 30 40 40 30 30 30 40 40 40 40 40 40 40 40 40 40 40 40 40 40 40 40 40 40 40 40 40 40 40 40 40 40 40 40 40 40 40 40 40 40 90 40 40 40 40 40 40 40 40 40 40 40 40 40 40 40 40 40 40 40 40 40 40 40 40 40 40 40 40 30 30 40 40 40 40 30 30 30 90 80 80 80 80 80 80 80 80 80 80 80 80 80 80 80 80 80 80 80 80 80 80 80 80 80 80 80 80 80 80 80 80 80 80 80 80 80 80 80 80 80 80 80 30 30 30 30 30 30 30 30 30 30 30 30 30 30 30 30 40 40 40 40 40 40 40 40 30 30 80 80 80 80 80 80 80 80 80 80 80 80 80 80 80 80 80 80 80 80 80 80 80 80 80 80 80 80 80 80 80 80 80 80 80 80 80 80 80 80 80 80 80 80 80 80 80 80 80 80 80 80 80 80 80 80 80 80 80 80 80 80 80 80 60 30 90 90 90 90 30 30 80 80 80 80 80 80 80 80 80 80 80 80 80 80 80 80 80 80 80 80 80 80 80 80 80 80 80 80 80 80 80 80 80 80 80 90 30 30 30 30 30 30 30 40 40 40 40 40 40 40 40 40 30 30 90 80 80 80 80 80 80 80 80 80 80 80 80 80 80 80 80 80 80 80 80 80 80 80 80 80 80 80 80 80 80 80 90 30 30
40 40 40 40 40 40 40 40 40 40 40 40 40 40 40 40 40 40 40 40 40 50 40 40 40 40 40 40 40 40 40 40 40 40 40 40 40 40 40 40 40 40 40 40 40 40 40 40 40 40 40 40 40 30 90 40 40 40 40 40 40 40 40 40 40 40 40 40 40 40 40 40 40 40 40 40 40 40 40 30 40 40 40 40 40 40 40 40 90 30 30 30 40 40 30 30 50 40 40 40 40 40 40 40 40 40 40 40 40 40 40 40 40 40 40 40 40 40 40 40 40 40 40 40 40 40 40 40 40 40 40 40 40 40 40 40 40 40 40 40 40 40 40 40 40 40 40 40 40 40 40 40 40 40 40 40 40 40 40 30 30 30 30 40 40 40 30 30 30 30 80 80 80 80 80 80 80 80 80 80 80 80 80 80 80 80 80 80 80 80 80 80 80 80 80 80 80 80 80 80 80 80 80 80 80 80 80 80 80 80 80 80 80 80 80 30 30 30 30 30 30 30 30 30 30 30 30 30 30 30 40 40 40 40 40 40 40 40 40 80 80 80 80 80 80 80 80 80 80 80 80 80 80 80 80 80 80 80 80 80 80 80 80 80 80 80 80 80 80 80 80 80 80 80 80 80 80 80 80 80 80 80 80 80 80 80 80 80 80 80 80 80 80 80 80 80 80 80 80 80 80 80 80 80 80 30 90 90 90 90 30 30 80 80 80 80 80 80 80 80 80 80 80 80 80 80 80 80 80 80 80 80 80 80 80 80 80 80 80 80 80 80 80 80 80 80 90 30 30 30 30 30 30 40 40 40 40 40 40 40 40 40 40 30 30 90 80 80 80 80 80 80 80 80 80 80 80 80 80 80 80 80 80 80 80 80 80 80 80 80 80 80 80 80 80 80 80 80 60 30
40 40 40 40 40 40 40 40 40 40 40 40 40 40 40 40 40 40 40 40 40 50 40 40 40 40 40 40 40 40 40 40 40 40 40 40 40 40 40 40 40 40 40 40 40 40 40 40 40 40 40 40 40 30 30 30 40 40 40 40 40 40 40 40 40 40 40 40 40 40 40 40 40 40 40 40 30 40 90 90 40 40 40 40 40 40 90 90 90 30 30 30 40 40 30 30 50 30 40 40 40 40 40 40 40 40 40 40 40 40 40 40 40 40 30 30 40 40 30 30 40 40 40 40 40 40 40 40 40 40 40 40 40 40 40 40 40 40 40 40 40 40 40 40 40 40 40 40 40 40 40 40 40 40 40 40 40 40 30 30 30 30 40 40 40 40 40 40 30 30 80 80 80 80 80 80 80 80 80 80 80 80 80 80 80 80 80 80 80 80 80 80 80 80 80 80 80 80 80 80 80 80 80 80 80 80 80 80 80 80 80 80 80 80 80 80 90 30 30 30 30 30 30 30 30 30 30 30 30 30 40 40 40 40 40 40 40 40 40 30 80 80 80 80 80 80 80 80 80 80 80 80 80 80 80 80 80 80 80 80 80 80 80 80 80 80 80 80 80 80 80 80 80 80 80 80 80 80 80 80 80 80 80 80 80 80 80 80 80 80 80 80 80 80 80 80 80 80 80 80 80 80 80 80 80 80 90 90 90 90 90 30 30 80 80 80 80 80 80 80 80 80 80 80 80 80 80 80 80 80 80 80 80 80 80 80 80 80 80 80 80 80 80 80 80 80 30 30 30 30 30 30 40 40 40 40 40 40 40 40 40 40 40 30 30 90 80 80 80 80 80 80 80 80 80 80 80 80 80 80 80 80 80 80 80 80 80 80 80 80 80 80 80 80 80 80 80 80 80 30
40 40 40 40 40 40 40 40 40 40 40 40 40 40 40 40 40 40 40 40 40 30 40 40 40 40 40 40 40 40 40 40 40 40 40 40 40 40 40 40 40 40 40 40 40 40 40 40 40 40 40 40 40 40 30 30 40 40 40 40 30 40 40 40 40 40 40 40 40 40 40 40 40 40 40 40 40 40 40 40 40 40 40 40 40 90 90 90 90 30 30 30 30 40 40 30 30 30 40 40 40 40 40 40 40 40 40 40 40 40 40 40 40 40 40 40 40 40 40 30 40 40 40 40 40 40 40 40 40 40 40 40 40 40 40 40 40 40 40 40 40 40 40 40 40 40 40 40 40 40 40 40 40 40 40 40 40 40 30 30 30 30 30 30 40 40 40 30 30 30 80 80 80 80 80 80 80 80 80 80 80 80 80 80 80 80 80 80 80 80 80 80 80 80 80 80 80 80 80 80 80 80 80 80 80 80 80 80 80 80 80 80 80 80 80 80 90 30 30 30 30 30 30 30 30 30 30 30 30 30 30 40 40 40 40 40 40 40 40 40 80 80 80 80 80 80 80 80 80 80 80 80 80 80 80 80 80 80 80 80 80 80 80 80 80 80 80 80 80 80 80 80 80 80 80 80 80 80 80 80 80 80 80 80 80 80 80 80 80 80 80 80 80 80 80 80 80 80 80 80 80 80 80 80 80 80 60 90 90 90 90 30 30 30 80 80 80 80 80 80 80 80 80 80 80 80 80 80 80 80 80 80 80 80 80 80 80 80 80 80 80 80 80 80 80 80 30 30 30 30 30 40 40 40 40 40 40 40 40 40 40 40 40 40 30 90 80 80 80 80 80 80 80 80 80 80 80 80 80 80 80 80 80 80 80 80 80 80 80 80 80 80 80 80 80 80 80 80 80 90
40 40 40 40 40 40 40 40 40 40 40 40 40 40 40 40 40 40 40 40 30 30 40 40 40 40 40 40 40 40 40 40 40 40 40 40 40 40 40 40 40 40 40 40 40 40 40 40 40 40 40 40 40 40 30 30 40 40 40 40 40 40 40 40 40 40 40 40 40 40 40 90 90 40 40 40 40 40 40 40 40 40 40 40 40 40 90 90 90 40 30 30 30 40 40 30 30 50 40 40 40 40 40 40 40 40 40 40 40 40 40 40 40 40 40 40 40 40 40 40 40 40 40 40 40 40 40 40 40 40 40 40 30 40 40 40 40 40 40 40 40 40 40 40 40 40 40 40 40 40 40 40 40 40 40 40 40 40 30 30 30 30 30 40 40 40 40 40 40 90 80 80 80 80 80 80 80 80 80 80 80 80 80 80 80 80 80 80 80 80 80 80 80 80 80 80 80 80 80 80 80 80 80 80 80 80 80 80 80 80 80 80 80 80 80 80 80 30 30 30 30 30 30 30 30 30 30 30 30 30 30 30 40 40 40 40 40 40 40 40 30 80 80 80 80 80 80 80 80 80 80 80 80 80 80 80 80 80 80 80 80 80 80 80 80 80 80 80 80 80 80 80 80 80 80 80 80 80 80 80 80 80 80 80 80 80 80 80 80 80 80 80 80 80 80 80 80 80 80 80 80 80 80 80 80 80 80 60 80 90 90 90 30 30 80 80 80 80 80 80 80 80 80 80 80 80 80 80 80 80 80 80 80 80 80 80 80 80 80 80 80 80 80 80 80 30 30 30 30 30 30 40 40 40 40 40 40 40 40 40 40 40 40 40 30 30 90 80 80 80 80 80 80 80 80 80 80 80 80 80 80 80 80 80 80 80 80 80 80 80 80 80 80 80 80 80 80 80 80 80
40 40 40 40 40 40 40 40 40 40 40 40 40 40 40 40 40 40 40 40 40 30 40 40 40 40 40 40 40 40 40 40 40 40 40 40 40 40 40 40 40 40 40 40 40 40 40 40 40 40 40 40 40 40 30 30 30 40 40 40 40 40 40 40 40 40 40 40 40 90 90 90 90 40 40 40 40 40 40 40 40 40 40 40 90 40 90 90 90 90 30 30 30 30 40 30 30 50 30 40 40 40 40 40 40 40 40 40 40 40 40 40 40 40 40 40 40 40 40 40 40 40 40 40 40 40 40 40 40 40 40 40 40 40 40 40 40 40 40 40 40 40 40 40 40 40 40 40 40 40 40 40 40 40 40 40 40 40 30 30 30 30 30 40 40 40 40 40 90 90 30 80 80 80 80 80 80 80 80 80 80 80 80 80 80 80 80 80 80 80 80 80 80 80 80 80 80 80 80 80 80 80 80 80 80 80 80 80 80 80 80 80 80 80 80 80 80 30 30 30 30 30 30 30 30 30 30 30 30 30 30 30 40 40 40 40 40 40 40 40 40 80 80 80 80 80 80 80 80 80 80 80 80 80 80 80 80 80 80 80 80 80 80 80 80 80 80 80 80 80 80 80 80 80 80 80 80 80 80 80 80 80 80 80 80 80 80 80 80 80 80 80 80 80 80 80 80 80 80 80 80 80 80 80 80 80 80 80 80 80 90 90 90 90 30 80 80 80 80 80 80 80 80 80 80 80 80 80 80 80 80 80 80 80 80 80 80 80 80 80 80 80 80 80 80 30 30 30 30 30 40 40 40 40 40 40 40 40 40 40 40 40 40 40 30 30 90 80 80 80 80 80 80 80 80 80 80 80 80 80 80 80 80 80 80 80 80 80 80 80 80 80 80 80 80 80 80 80 80 80
40 40 40 40 40 40 40 40 40 40 40 40 40 40 40 40 40 40 40 40 40 30 40 40 40 40 40 40 40 40 40 40 40 40 40 40 40 40 40 40 40 40 40 40 40 40 40 40 40 40 40 40 40 40 40 30 90 40 40 40 40 40 40 40 40 90 30 40 40 90 90 90 40 40 90 40 40 40 90 90 40 90 40 90 90 40 90 40 90 90 30 30 30 30 40 40 30 30 30 40 40 40 40 40 40 40 40 40 40 40 40 40 40 40 40 40 40 40 40 40 30 40 40 40 40 40 40 40 40 40 40 40 40 40 40 40 40 40 40 40 40 40 40 40 40 40 40 40 40 40 40 40 40 40 40 40 40 40 30 30 30 30 30 40 40 40 40 40 90 90 80 80 80 80 80 80 80 80 80 80 80 80 80 80 80 80 80 80 80 80 80 80 80 80 80 80 80 80 80 80 80 80 80 80 80 80 80 80 80 80 80 80 80 80 80 80 30 30 30 30 30 30 30 30 30 30 30 30 30 30 30 30 30 40 40 40 40 40 40 40 40 30 80 80 80 80 80 80 80 80 80 80 80 80 80 80 80 80 80 80 80 80 80 80 80 80 80 80 80 80 80 80 80 80 80 80 80 80 80 80 80 80 80 80 80 80 80 80 80 80 80 80 80 80 80 80 80 80 80 80 80 80 80 80 80 80 80 80 80 80 90 90 90 90 30 60 80 80 80 80 80 80 80 80 80 80 80 80 80 80 80 80 80 80 80 80 80 80 80 80 80 80 80 80 30 30 30 30 30 40 40 40 40 40 40 40 40 40 40 40 40 40 40 40 40 30 30 90 80 80 80 80 80 80 80 80 80 80 80 80 80 80 80 80 80 80 80 80 80 80 80 80 80 80 80 80 80 80 80 80
40 40 40 40 40 40 40 40 40 40 40 40 40 40 40 40 40 40 40 40 40 30 30 30 30 40 40 40 40 40 40 40 40 40 40 40 40 40 40 40 40 40 40 40 40 40 40 40 40 40 40 40 40 40 40 30 30 40 40 40 40 90 90 90 90 90 40 40 40 40 40 40 40 40 90 90 40 90 40 90 40 90 90 90 90 90 90 90 90 90 90 30 30 90 40 40 90 30 50 40 40 40 40 40 40 40 40 40 40 40 40 40 40 40 40 40 40 40 40 40 40 40 40 40 40 40 40 30 40 40 40 40 40 40 40 40 40 40 40 40 40 40 40 40 40 40 40 40 40 40 40 40 40 40 40 40 40 40 30 30 30 30 30 40 30 40 40 30 40 40 30 80 80 80 80 80 80 80 80 80 80 80 80 80 80 80 80 80 80 80 80 80 80 80 80 80 80 80 80 80 80 80 80 80 80 80 80 80 80 80 80 80 80 80 80 80 30 30 30 30 30 30 30 30 30 30 30 30 30 30 30 30 30 40 40 40 40 40 40 30 30 30 30 80 80 80 80 80 80 80 80 80 80 80 80 80 80 80 80 80 80 80 80 80 80 80 80 80 80 80 80 80 80 80 80 80 80 80 80 80 80 80 80 80 80 80 80 80 80 80 80 80 80 80 80 80 80 80 80 80 80 80 80 80 80 80 80 80 80 80 80 90 90 90 90 30 80 80 80 80 80 80 80 80 80 80 80 80 80 80 80 80 80 80 80 80 80 80 80 80 80 80 80 80 80 30 30 30 40 40 40 40 40 40 30 30 30 30 30 30 30 30 30 40 40 40 30 90 80 80 80 80 80 80 80 80 80 80 80 80 80 80 80 80 80 80 80 80 80 80 80 80 80 80 80 80 80 80 80 80
40 40 40 40 40 40 40 40 40 40 40 40 40 40 40 40 40 40 40 40 40 30 30 30 30 30 40 40 40 40 40 40 40 40 40 40 40 40 40 40 40 40 40 40 40 40 40 40 40 40 40 40 40 40 40 30 30 30 40 90 90 90 90 90 90 90 40 40 40 40 90 90 30 90 90 40 40 40 90 40 90 40 40 90 90 90 90 40 40 40 40 40 30 30 30 40 30 30 50 30 40 40 40 40 40 40 40 40 40 40 40 40 40 40 40 40 40 40 40 40 40 40 40 40 40 40 40 40 40 40 40 40 40 30 40 40 40 40 40 40 40 40 40 40 40 40 40 40 40 40 40 40 40 40 40 40 40 40 40 30 30 40 40 40 30 30 40 40 40 90 30 80 80 80 80 80 80 80 80 80 80 80 80 80 80 80 80 80 80 80 80 80 80 80 80 80 80 80 80 80 80 80 80 80 80 80 80 80 80 80 80 80 80 80 80 80 80 30 30 30 30 30 30 30 30 30 30 30 30 60 30 30 30 30 40 40 40 40 30 30 30 30 30 30 30 80 80 80 80 80 80 80 80 80 80 80 80 80 80 80 80 80 80 80 80 80 80 80 80 80 80 80 80 80 80 80 80 80 80 80 80 80 80 80 80 80 80 80 80 80 80 80 80 80 80 80 80 80 80 80 80 80 80 80 80 80 80 80 80 80 90 80 90 90 90 30 30 80 80 80 80 80 80 80 80 80 80 80 80 80 80 80 80 80 80 80 80 80 80 80 80 80 80 80 80 30 30 40 40 40 40 40 40 40 40 40 40 40 40 40 40 40 40 40 40 40 30 90 90 80 80 80 80 80 80 80 80 80 80 80 80 80 80 80 80 80 80 80 80 80 80 80 80 80 80 80 80 80 80 80
40 40 40 40 40 40 40 40 40 40 40 40 40 40 40 40 40 40 40 40 40 30 30 30 30 40 30 30 30 40 40 40 40 30 40 40 40 40 40 40 40 40 40 40 40 40 40 40 40 40 40 40 40 40 40 40 30 30 30 90 40 40 90 30 40 40 40 40 40 90 40 40 40 40 40 40 40 40 90 90 90 90 90 90 40 40 40 40 40 40 40 40 30 30 90 40 30 30 30 30 40 40 40 40 40 40 40 40 40 40 40 40 40 40 40 40 40 40 40 40 40 30 40 40 40 40 40 40 40 40 40 40 40 40 40 40 40 40 40 40 40 40 40 40 40 40 40 40 40 40 40 40 40 40 40 40 40 40 40 30 30 40 40 40 40 40 30 40 40 40 90 80 80 80 80 80 80 80 80 80 80 80 80 80 80 80 80 80 80 80 80 80 80 80 80 80 80 80 80 80 80 80 80 80 80 80 80 80 80 80 80 80 80 80 80 80 80 30 30 30 30 30 30 30 30 30 30 30 30 30 30 30 30 30 30 40 30 40 40 30 30 30 30 30 30 30 80 80 80 80 80 80 80 80 80 80 80 80 80 80 80 80 80 80 80 80 80 80 80 80 80 80 80 80 80 80 80 80 80 80 80 80 80 80 80 80 80 80 80 80 80 80 80 80 80 80 80 80 80 80 80 80 80 80 80 80 80 80 80 80 90 90 90 90 90 90 30 80 80 80 80 80 80 80 80 80 80 80 80 80 80 80 80 80 80 80 80 80 80 80 80 80 80 80 80 30 30 40 40 40 40 40 40 40 40 40 40 40 40 40 40 40 40 40 40 90 40 30 90 80 80 80 80 80 80 80 80 80 80 80 80 80 80 80 80 80 80 80 80 80 80 80 80 80 80 80 80 80 80 80
40 40 40 40 40 40 40 40 40 40 40 40 40 40 40 40 40 40 40 40 40 30 30 30 30 30 30 30 30 40 40 40 40 30 40 40 40 40 40 30 40 40 40 40 40 40 40 40 40 90 90 90 40 40 40 40 30 30 30 40 40 40 90 40 90 90 40 40 40 40 40 40 40 40 90 90 90 40 90 90 90 90 90 40 40 40 40 40 40 40 40 40 30 30 30 30 30 30 30 30 40 40 40 40 40 40 40 40 40 40 40 40 40 40 40 40 40 40 40 40 40 40 40 40 40 40 40 40 40 40 40 40 40 40 40 40 40 40 40 40 40 40 40 40 40 40 40 40 40 40 40 40 40 40 40 40 40 40 30 30 30 30 40 30 40 30 40 40 40 40 40 80 80 80 80 80 80 80 80 80 80 80 80 80 80 80 80 80 80 80 80 80 80 80 80 80 80 80 80 80 80 80 80 80 80 80 80 80 80 80 80 80 80 80 80 80 80 80 30 30 30 30 30 30 30 30 30 30 30 30 30 30 30 30 30 30 40 40 40 40 40 40 40 40 40 40 40 80 80 80 80 80 80 80 80 80 80 80 80 80 80 80 80 80 80 80 80 80 80 80 80 80 80 80 80 80 80 80 80 80 80 80 80 80 80 80 80 80 80 80 80 80 80 80 80 80 80 80 80 80 80 80 80 80 80 80 80 80 80 80 90 90 90 90 90 90 30 30 80 80 80 80 80 80 80 80 80 80 80 80 80 80 80 80 80 80 80 80 80 80 80 80 80 80 30 30 30 40 40 40 40 40 40 40 40 40 40 40 40 40 40 40 40 40 40 90 40 30 90 80 80 80 80 80 80 80 80 80 80 80 80 80 80 80 80 80 80 80 80 80 80 80 80 80 80 80 80 80 80 80
40 40 40 40 40 40 40 40 40 40 40 40 40 40 40 40 40 40 40 40 40 30 30 30 30 30 30 30 30 30 40 40 40 40 30 40 40 40 40 40 40 40 40 40 40 40 40 40 40 30 90 90 40 40 40 40 40 30 30 30 40 40 90 30 90 40 40 40 40 40 40 40 40 40 90 90 90 90 90 90 40 40 90 40 40 40 40 90 40 40 90 40 30 30 30 30 50 30 30 50 30 40 40 40 90 40 90 90 90 90 90 40 90 40 90 90 90 90 40 40 40 40 30 30 30 30 30 30 30 40 40 30 40 40 40 40 40 40 40 40 40 40 40 40 40 40 40 40 40 40 40 40 40 40 40 40 40 40 40 40 40 40 30 40 40 40 30 40 30 90 40 30 80 80 80 80 80 80 80 80 80 80 80 80 80 80 80 80 80 80 80 80 80 80 80 80 80 80 80 80 80 80 80 80 80 80 80 80 80 80 80 80 80 80 80 80 80 80 80 30 30 30 30 30 30 30 30 30 30 30 30 30 30 30 30 30 40 40 40 40 40 40 40 40 40 40 40 40 30 80 80 80 80 80 80 80 80 80 80 80 80 80 80 80 80 80 80 80 80 80 80 80 80 80 80 80 80 80 80 80 80 80 80 80 80 80 80 80 80 80 80 80 80 80 80 80 80 80 80 80 80 80 80 80 80 80 80 80 80 80 90 90 90 90 40 40 90 30 80 80 80 80 80 80 80 80 80 80 80 80 80 80 80 80 80 80 80 80 80 80 80 80 80 90 90 30 30 40 40 40 40 40 40 40 40 40 40 40 40 40 40 40 40 40 40 40 40 30 90 80 80 80 80 80 80 80 80 80 80 80 80 80 80 80 80 80 80 80 80 80 80 80 80 80 80 80 80 80 80 80
40 40 40 40 40 40 40 40 40 40 40 40 40 40 40 40 40 40 40 40 40 30 30 30 90 30 30 30 30 30 40 40 40 40 40 40 40 40 40 40 40 40 40 40 40 40 40 40 40 40 40 40 40 40 40 40 40 30 30 30 90 90 40 40 40 40 40 40 40 40 90 90 90 90 90 90 40 40 40 40 40 40 40 40 40 90 90 90 40 40 40 40 30 90 30 30 50 30 30 50 30 30 30 30 30 30 90 30 30 30 30 30 30 30 30 30 30 30 30 30 30 30 30 30 90 90 40 40 40 40 40 40 40 40 40 40 40 40 40 40 40 40 40 40 40 40 40 40 40 40 40 40 40 40 40 40 40 40 30 30 40 40 40 40 40 40 40 30 40 40 40 30 80 80 80 80 80 80 80 80 80 80 80 80 80 80 80 80 80 80 80 80 80 80 80 80 80 80 80 80 80 80 80 80 80 80 80 80 80 80 80 80 80 80 80 80 80 80 80 80 30 30 30 30 30 30 30 30 30 30 30 30 60 30 30 30 40 40 40 40 40 40 40 40 40 40 40 40 40 30 80 80 80 80 80 80 80 80 80 80 80 80 80 80 80 80 80 80 80 80 80 80 80 80 80 80 80 80 80 80 80 80 80 80 80 80 80 80 80 80 80 80 80 80 80 80 80 80 80 80 80 80 80 80 80 80 80 80 80 80 30 90 30 30 40 40 90 30 30 80 80 80 80 80 80 80 80 80 80 80 80 80 80 80 80 80 80 80 80 80 80 80 80 90 90 30 30 40 40 40 40 40 40 40 40 40 40 40 40 40 40 40 40 40 40 40 90 30 30 80 80 80 80 80 80 80 80 80 80 80 80 80 80 80 80 80 80 80 80 80 80 80 80 80 80 80 80 80 80 80
40 40 40 40 40 40 40 40 40 40 40 40 40 40 40 40 40 40 40 40 40 30 50 30 30 30 30 30 30 30 40 40 40 40 40 40 40 40 40 40 40 40 40 40 40 40 40 40 40 40 40 40 40 40 40 40 40 30 30 90 40 40 40 40 40 40 40 90 90 40 90 90 40 40 90 90 40 40 40 40 40 40 40 90 90 90 90 40 40 40 40 40 30 30 30 30 30 30 30 30 30 30 30 30 30 30 30 30 30 30 30 30 30 30 30 30 30 40 30 90 30 30 30 30 30 30 40 40 40 40 40 40 40 40 40 40 40 40 40 40 40 40 40 40 40 40 40 40 40 40 40 40 40 40 40 40 40 40 30 40 40 40 40 40 40 40 40 40 40 40 40 30 80 80 80 80 80 80 80 80 80 80 80 80 80 80 80 80 80 80 80 80 80 80 80 80 80 80 80 80 80 80 80 80 80 80 80 80 80 80 80 80 80 80 80 80 80 80 80 80 80 80 30 30 90 30 90 90 30 30 30 30 30 30 30 30 30 40 40 40 40 40 40 40 40 40 40 40 40 40 40 80 80 80 80 80 80 80 80 80 80 80 80 80 80 80 80 80 80 80 80 80 80 80 80 80 80 80 80 80 80 80 80 80 80 80 80 80 80 80 80 80 80 80 80 80 80 80 80 80 80 80 80 80 80 80 80 80 80 80 30 90 90 30 30 30 40 90 30 80 80 80 80 80 80 80 80 80 80 80 80 80 80 80 80 80 80 80 80 80 80 80 80 90 90 30 30 40 40 40 40 40 40 40 40 40 40 40 40 40 40 40 40 40 40 90 40 40 30 90 80 80 80 80 80 80 80 80 80 80 80 80 80 80 80 80 80 80 80 80 80 80 80 80 80 80 80 80 80 80
40 40 40 40 40 40 40 40 40 40 40 40 40 40 40 40 40 40 40 40 40 30 30 30 30 30 30 30 30 30 40 40 40 40 40 40 40 40 40 40 40 40 40 40 40 40 40 40 40 40 40 40 40 40 40 40 40 40 30 30 40 40 40 40 40 40 90 90 40 90 90 40 90 90 90 40 40 40 40 90 90 90 40 40 40 40 40 90 90 40 40 90 90 90 30 30 30 30 30 30 50 30 30 30 30 30 30 30 30 30 30 30 30 30 90 30 90 40 30 30 30 30 30 30 90 40 40 40 40 40 40 40 40 40 40 40 40 40 40 40 40 40 40 40 40 40 40 40 40 40 40 40 40 40 40 40 40 40 30 30 30 40 40 40 40 40 40 30 40 40 40 30 80 80 80 80 80 80 80 80 80 80 80 80 80 80 80 80 80 80 80 80 80 80 80 80 80 80 80 80 80 80 80 80 80 80 80 80 80 80 80 80 80 80 80 80 80 80 80 80 80 80 80 90 90 90 90 90 30 30 30 30 30 30 30 30 30 40 40 40 40 40 40 40 40 40 40 40 40 40 40 40 80 80 80 80 80 80 80 80 80 80 80 80 80 80 80 80 80 80 80 80 80 80 80 80 80 80 80 80 80 80 80 80 80 80 80 80 80 80 80 80 80 80 80 80 80 80 80 80 80 80 80 80 80 80 80 80 80 80 80 30 30 30 30 40 30 90 90 30 80 80 80 80 80 80 80 80 80 80 80 80 80 80 80 80 80 80 80 80 80 80 90 90 30 30 30 40 40 40 40 40 40 40 40 40 40 40 40 40 40 40 40 40 40 40 40 40 30 90 90 80 80 80 80 80 80 80 80 80 80 80 80 80 80 80 80 80 80 80 80 80 80 80 80 80 80 80 80 80
40 40 40 40 40 40 40 40 40 40 40 40 40 40 40 40 40 40 40 40 40 30 30 30 30 30 30 30 40 30 40 40 40 40 40 40 40 40 40 40 40 40 40 40 40 40 40 40 40 40 40 40 40 40 40 40 40 40 40 30 30 40 40 40 40 90 90 40 40 40 40 40 40 90 90 40 40 90 40 40 40 40 40 40 90 40 40 90 90 40 40 90 90 30 30 30 30 30 30 30 30 30 30 30 40 30 30 30 30 30 30 30 90 90 90 90 40 30 30 30 30 30 30 30 40 40 40 40 40 40 40 40 40 40 40 40 40 40 40 40 40 40 40 40 40 40 40 40 40 40 40 40 40 40 40 40 40 40 40 30 30 40 40 40 30 40 40 30 40 40 40 30 30 80 80 80 80 80 80 80 80 80 80 80 80 80 80 80 80 80 80 80 80 80 80 80 80 80 80 80 80 80 80 80 80 80 80 80 80 80 80 80 80 80 80 80 80 80 80 80 80 80 80 80 80 80 90 90 30 30 30 30 30 30 30 30 30 30 40 40 40 40 40 40 40 40 40 40 40 40 40 40 40 80 80 80 80 80 80 80 80 80 80 80 80 80 80 80 80 80 80 80 80 80 80 80 80 80 80 80 80 80 80 80 80 80 80 80 80 80 80 80 80 80 80 80 80 80 80 80 80 80 80 80 80 80 80 80 80 80 80 60 30 30 30 40 30 90 90 30 80 80 80 80 80 80 80 80 80 80 80 80 80 80 80 80 80 80 80 80 80 90 90 30 30 30 30 40 40 40 40 40 40 40 40 40 40 40 40 40 40 40 40 40 40 40 40 40 40 30 90 90 80 80 80 80 80 80 80 80 80 80 80 80 80 80 80 80 80 80 80 80 80 80 80 80 80 80 80 80
40 40 40 40 40 40 40 40 40 40 40 40 40 40 40 40 40 40 40 40 40 30 30 30 30 30 30 30 30 40 40 40 40 40 40 40 40 40 40 40 40 40 40 40 40 40 40 40 40 40 40 40 40 40 40 40 40 40 40 30 30 40 90 90 40 40 40 40 40 40 40 40 40 90 90 90 40 40 40 40 40 40 40 40 90 90 90 90 90 90 30 30 90 90 30 30 30 30 30 30 30 30 30 30 40 40 40 40 40 40 30 30 90 90 30 30 30 30 30 30 30 30 30 30 40 40 40 40 40 40 40 40 40 40 40 40 40 40 40 40 40 40 40 40 40 40 40 40 40 40 40 40 40 40 40 40 40 40 40 40 40 40 40 30 30 30 30 30 40 40 40 30 30 80 80 80 80 80 80 80 80 80 80 80 80 80 80 80 80 80 80 80 80 80 80 80 80 80 80 80 80 80 80 80 80 80 80 80 80 80 80 80 80 80 80 80 80 80 80 80 80 80 80 80 80 80 80 90 30 30 30 30 30 30 30 30 30 30 40 40 40 40 40 40 40 40 40 40 40 40 40 40 40 40 80 80 80 80 80 80 80 80 80 80 80 80 80 80 80 80 80 80 80 80 80 80 80 80 80 80 80 80 80 80 80 80 80 80 80 80 80 80 80 80 80 80 80 80 80 80 80 80 80 80 80 80 80 80 80 80 80 80 30 30 30 30 40 40 90 30 30 80 80 80 80 80 80 80 80 80 80 80 80 80 80 80 80 80 80 80 80 30 30 30 30 30 30 40 40 40 40 40 40 40 40 40 40 40 40 40 40 40 40 40 40 40 40 40 90 30 30 90 80 80 80 80 80 80 80 80 80 80 80 80 80 80 80 80 80 80 80 80 80 80 80 80 80 80 80 80
40 40 40 40 40 40 40 40 40 40 40 40 40 40 40 40 40 40 40 40 40 30 30 30 30 30 30 30 30 30 40 40 40 40 40 40 40 40 40 40 40 40 40 40 40 40 40 40 40 40 40 40 40 40 40 40 40 40 40 30 30 30 40 40 40 40 40 40 40 40 40 40 90 90 40 40 40 40 40 90 40 40 90 40 90 90 90 90 30 90 40 30 30 30 30 30 30 30 30 30 30 30 30 40 40 30 40 40 40 40 30 30 90 90 90 30 30 30 90 30 30 30 30 30 30 40 40 40 40 40 40 40 40 40 40 40 40 40 40 40 40 40 40 40 40 40 40 40 40 40 40 40 40 40 40 40 40 40 40 40 40 40 40 40 40 40 30 40 40 40 40 30 30 80 80 80 80 80 80 80 80 80 80 80 80 80 80 80 80 80 80 80 80 80 80 80 80 80 80 80 80 80 80 80 80 80 80 80 80 80 80 80 80 80 80 80 80 80 80 80 80 80 80 80 80 80 80 90 90 10 30 30 30 30 30 30 30 30 40 40 40 40 40 40 40 40 40 40 40 40 40 40 40 40 40 80 80 80 80 80 80 80 80 80 80 80 80 80 80 80 80 80 80 80 80 80 80 80 80 80 80 80 80 80 80 80 80 80 80 80 80 80 80 80 80 80 80 80 80 80 80 80 80 80 80 80 80 80 80 80 80 80 60 30 30 30 40 40 40 90 40 80 80 80 80 80 80 80 80 80 80 80 80 80 80 80 80 80 80 80 80 30 30 30 30 30 40 40 40 40 40 40 40 40 40 40 40 40 40 40 40 40 40 40 40 40 40 90 40 30 90 30 90 80 80 80 80 80 80 80 80 80 80 80 80 80 80 80 80 80 80 80 80 80 80 80 80 80 80 80
40 40 40 40 40 40 40 40 40 40 40 40 40 40 40 40 40 40 40 40 40 30 30 30 30 90 30 30 30 40 40 40 40 40 40 40 40 40 40 40 40 40 40 40 40 40 40 40 40 40 40 40 40 40 40 40 40 40 40 40 30 30 40 40 40 40 40 40 40 40 40 40 40 90 30 40 40 40 40 40 40 90 90 90 90 90 40 90 40 90 40 40 40 40 30 30 30 90 30 30 30 50 30 40 40 40 40 40 40 40 30 90 40 40 90 30 30 90 30 30 30 30 30 30 30 40 40 40 40 40 40 40 40 40 40 40 40 40 40 40 40 40 40 40 40 40 40 40 40 40 40 40 40 40 40 40 40 40 40 40 40 40 40 40 40 40 30 40 40 40 40 30 30 80 80 80 80 80 80 80 80 80 80 80 80 80 80 80 80 80 80 80 80 80 80 80 80 80 80 80 80 80 80 80 80 80 80 80 80 80 80 80 80 80 80 80 80 80 80 80 80 80 80 80 80 80 80 90 30 30 30 30 30 30 30 30 30 30 40 40 40 40 40 40 40 40 40 40 40 40 40 40 40 40 40 40 80 80 80 80 80 80 80 80 80 80 80 80 80 80 80 80 80 80 80 80 80 80 80 80 80 80 80 80 80 80 80 80 80 80 80 80 80 80 80 80 80 80 80 80 80 80 80 80 80 80 80 80 80 80 80 80 80 50 30 30 40 40 40 90 30 30 80 80 80 80 80 80 80 80 80 80 80 80 80 80 80 80 80 30 30 30 30 30 30 30 40 40 40 40 40 40 40 40 40 40 40 40 40 40 40 40 40 40 40 40 40 40 40 40 30 30 30 90 80 80 80 80 80 80 80 80 80 80 80 80 80 80 80 80 80 80 80 80 80 80 80 80 80 80
40 40 40 40 40 40 40 40 40 40 40 40 40 40 40 40 40 40 40 40 40 30 30 30 90 30 30 30 30 40 40 40 40 40 40 40 40 40 40 40 40 40 40 40 40 40 40 40 40 40 40 40 40 40 40 40 40 40 40 90 90 30 40 40 40 40 40 30 40 40 40 40 30 90 30 40 40 40 90 40 40 90 90 40 40 40 90 40 90 90 40 40 90 90 90 30 30 30 30 30 30 30 30 40 30 40 40 40 40 40 40 40 40 30 30 40 40 40 30 30 40 30 30 30 30 40 40 40 40 40 40 40 40 40 40 40 40 40 40 40 40 40 40 40 40 40 40 40 40 40 40 40 40 40 40 40 40 40 40 40 40 40 40 40 40 30 30 30 30 30 40 30 80 80 80 80 80 80 80 80 80 80 80 80 80 80 80 80 80 80 80 80 80 80 80 80 80 80 80 80 80 80 80 80 80 80 80 80 80 80 80 80 80 80 80 80 80 80 80 80 80 80 80 80 80 80 90 30 30 10 30 30 30 30 30 30 30 30 40 40 40 40 40 40 40 40 40 40 40 40 40 40 40 40 40 40 40 80 80 80 80 80 80 80 80 80 80 80 80 80 80 80 80 80 80 80 80 80 80 80 80 80 80 80 80 80 80 80 80 80 80 80 80 80 80 80 80 80 80 80 80 80 80 80 80 80 80 80 80 80 80 80 80 80 80 30 30 40 40 40 30 30 80 80 80 80 80 80 80 80 80 80 80 80 80 80 80 30 30 30 30 30 30 30 30 30 40 40 40 40 40 40 40 40 40 40 40 40 40 40 40 40 40 40 40 40 40 40 40 40 90 30 30 30 30 30 80 80 80 80 80 80 80 80 80 80 80 80 80 80 80 80 80 80 80 80 80 80 80 80
40 40 40 40 40 40 40 40 40 40 40 40 40 40 40 40 40 40 40 40 40 30 30 40 40 40 30 30 30 40 40 40 40 40 40 40 40 40 40 40 40 40 40 40 40 40 40 40 40 40 40 40 40 40 40 40 40 40 40 40 30 30 30 40 40 40 40 40 40 30 40 30 40 90 90 90 40 90 90 40 40 40 40 40 90 40 90 40 90 30 30 40 40 90 40 30 30 30 30 30 30 30 30 30 30 30 30 30 30 30 30 30 40 30 30 40 40 30 30 30 30 30 30 30 30 30 40 40 40 40 40 40 40 40 40 40 40 40 40 40 40 40 40 40 40 40 40 40 40 40 30 40 40 40 40 40 40 40 40 40 40 40 40 40 40 30 30 30 30 30 40 30 80 80 80 80 80 80 80 80 80 80 80 80 80 80 80 80 80 80 80 80 80 80 80 80 80 80 80 80 80 80 80 80 80 80 80 80 80 80 80 80 80 80 80 80 80 80 80 80 80 80 80 80 80 80 30 30 30 30 30 30 30 30 30 30 30 30 40 40 40 40 40 40 40 40 40 40 40 40 40 40 40 40 40 40 40 40 80 80 80 80 80 80 80 80 80 80 80 80 80 80 80 80 80 80 80 80 80 80 80 80 80 80 80 80 80 80 80 80 80 80 80 80 80 80 80 80 80 80 80 80 80 80 80 80 80 80 80 80 80 80 80 80 80 30 30 40 40 30 30 30 30 80 80 80 80 80 80 80 80 80 80 80 80 30 30 30 30 30 30 30 30 30 30 30 40 40 40 40 40 40 40 40 40 40 40 40 40 40 40 40 40 40 40 40 40 40 40 40 90 30 30 30 30 30 30 80 80 80 80 80 80 80 80 80 80 80 80 80 80 80 80 80 80 80 80 80 80 80
40 40 40 40 40 40 40 40 40 40 40 40 40 40 40 40 40 40 40 40 40 30 30 30 30 40 30 30 30 30 40 40 40 40 40 40 40 40 40 40 40 40 40 40 40 40 40 40 40 40 40 40 40 40 40 40 40 40 40 40 30 30 30 40 40 40 40 40 30 30 30 90 90 90 90 90 90 40 40 90 90 90 40 90 90 90 90 30 30 30 30 40 40 40 40 90 90 30 30 90 30 30 50 30 30 30 30 30 90 30 30 90 90 90 90 90 90 90 90 40 30 30 30 30 30 30 40 40 40 40 40 30 30 40 40 40 40 40 40 40 40 40 40 40 40 40 40 40 40 40 30 40 40 40 40 40 40 40 40 40 40 40 40 40 40 30 30 30 40 30 40 30 80 80 80 80 80 80 80 80 80 80 80 80 80 80 80 80 80 80 80 80 80 80 80 80 80 80 80 80 80 80 80 80 80 80 80 80 80 80 80 80 80 80 80 80 80 80 80 80 80 80 80 80 80 80 30 30 30 30 10 30 30 30 30 30 30 30 40 40 40 40 40 40 40 40 40 40 40 40 40 40 40 40 40 40 40 40 30 80 80 80 80 80 80 80 80 80 80 80 80 80 80 80 80 80 80 80 80 80 80 80 80 80 80 80 80 80 80 80 80 80 80 80 80 80 80 80 80 80 80 80 80 80 80 80 80 80 80 80 80 80 80 80 80 80 80 30 30 30 30 30 30 90 80 80 80 80 80 80 80 80 80 30 30 30 30 30 30 30 30 30 30 30 40 30 40 40 40 40 40 40 40 40 40 40 40 40 40 40 40 40 40 40 40 40 40 40 40 40 40 90 30 30 90 30 30 30 60 80 80 80 80 80 80 80 80 80 80 80 80 80 80 80 80 80 80 80 80 80
40 40 40 40 40 40 40 40 40 40 40 40 40 40 40 40 40 40 40 40 40 30 30 30 40 40 40 40 40 40 40 40 40 40 40 40 40 40 40 40 40 40 40 40 40 40 40 40 40 40 40 40 40 40 40 40 40 40 40 40 40 90 30 30 40 40 90 90 90 30 30 90 30 30 90 90 40 90 40 40 40 40 40 90 30 90 40 40 40 40 40 40 40 40 40 40 30 30 30 90 30 90 30 30 90 30 30 30 40 90 30 30 90 90 90 90 90 90 90 30 30 30 30 30 30 30 30 30 30 30 30 30 30 30 40 40 40 40 40 40 40 40 40 40 40 40 40 40 40 40 40 40 40 40 40 40 40 40 40 40 40 40 40 40 40 30 30 40 30 40 40 30 80 80 80 80 80 80 80 80 80 80 80 80 80 80 80 80 80 80 80 80 80 80 80 80 80 80 80 80 80 80 80 80 80 80 80 80 80 80 80 80 80 80 80 80 80 80 80 80 80 80 80 80 80 80 30 30 30 10 10 10 10 30 30 30 30 30 40 40 40 40 40 40 40 40 40 40 40 40 40 40 40 40 40 40 40 40 40 30 80 80 80 80 80 80 80 80 80 80 80 80 80 80 80 80 80 80 80 80 80 80 80 80 80 80 80 80 80 80 80 80 80 80 80 80 80 80 80 80 80 80 80 80 80 80 80 80 80 80 80 80 80 80 80 80 80 80 80 30 30 30 30 30 30 30 30 80 80 80 30 30 40 40 40 40 30 30 30 30 30 30 30 30 40 40 40 40 40 40 40 40 40 40 40 40 40 40 40 40 40 40 40 40 40 40 40 40 40 40 40 90 30 30 90 30 30 30 60 80 80 80 80 80 80 80 80 80 80 80 80 80 80 80 80 80 80 80 80 80
40 40 40 40 40 40 40 40 40 40 40 40 40 40 40 40 40 40 40 40 40 40 30 30 30 40 40 40 40 40 40 40 40 40 40 40 40 40 40 40 40 40 40 40 40 40 40 40 40 40 40 40 40 40 40 40 40 40 40 40 40 90 30 30 40 90 90 90 90 30 90 90 40 90 90 90 40 40 40 40 90 40 40 40 40 90 40 40 40 40 40 40 40 40 90 30 30 30 30 30 30 90 30 30 30 90 90 30 90 90 90 90 30 90 90 30 90 90 40 40 40 40 40 40 40 40 30 30 30 30 30 30 30 30 40 40 40 40 40 40 40 40 40 40 40 40 40 40 40 40 40 40 40 40 40 40 40 40 40 40 40 40 40 40 30 30 40 40 40 40 40 30 80 80 80 80 80 80 80 80 80 80 80 80 80 80 80 80 80 80 80 80 80 80 80 80 80 80 80 80 80 80 80 80 80 80 80 80 80 80 80 80 80 80 80 80 80 80 80 80 80 80 80 80 80 80 30 10 10 30 30 30 30 10 30 30 30 30 40 40 40 40 40 40 40 40 40 40 40 40 40 40 40 40 40 40 40 40 40 40 30 80 80 80 80 80 80 80 80 80 80 80 80 80 80 80 80 80 80 80 80 80 80 80 80 80 80 80 80 80 80 80 80 80 80 80 80 80 80 80 80 80 80 80 80 80 80 80 80 80 80 80 80 80 80 80 80 80 80 80 30 30 30 30 90 30 30 30 30 40 40 40 40 40 40 40 40 30 30 30 30 30 30 30 30 30 40 40 40 40 40 40 40 40 40 40 40 40 40 40 40 40 40 40 40 40 40 40 40 90 90 40 90 30 90 30 30 30 30 90 80 80 80 80 80 80 80 80 80 80 80 80 80 80 80 80 80 80 80 80
40 40 40 40 40 40 40 40 40 40 40 40 40 40 40 40 40 40 40 40 40 40 40 30 30 30 50 40 40 40 40 40 40 40 40 40 40 40 40 40 40 40 40 40 40 40 40 40 40 40 40 40 40 40 40 40 40 40 40 40 40 40 90 90 40 30 90 90 90 90 90 40 40 90 90 40 40 40 40 40 40 40 40 40 40 40 40 40 90 40 40 90 90 90 90 40 40 30 30 30 90 90 90 30 40 40 40 40 40 40 40 40 40 40 40 40 40 40 40 40 40 40 40 40 40 40 30 30 30 30 50 50 30 30 40 40 40 40 40 40 40 40 40 40 40 40 40 40 40 40 40 30 40 40 40 40 40 40 40 40 40 40 40 40 30 30 40 30 30 40 40 30 80 80 80 80 80 80 80 80 80 80 80 80 80 80 80 80 80 80 80 80 80 80 80 80 80 80 80 80 80 80 80 80 80 80 80 80 80 80 80 80 80 80 80 80 80 80 80 80 80 80 80 80 80 80 30 30 10 10 30 30 10 10 30 30 30 30 40 40 40 40 40 40 40 40 40 40 40 40 40 40 40 40 40 40 40 40 40 40 40 80 80 80 80 80 80 80 80 80 80 80 80 80 80 80 80 80 80 80 80 80 80 80 80 80 80 80 80 80 80 80 80 80 80 80 80 80 80 80 80 80 80 80 80 80 80 80 80 80 80 80 80 80 80 80 80 80 80 80 80 30 30 90 30 30 30 30 30 40 40 40 40 40 40 40 40 40 30 30 30 30 30 30 30 30 40 40 40 40 40 40 40 40 40 40 40 40 40 40 40 40 40 40 40 40 40 40 40 40 90 40 30 30 90 90 30 30 30 30 60 80 80 80 80 80 80 80 80 80 80 80 80 80 80 80 80 80 80 80
40 40 40 40 40 40 40 40 40 40 40 40 40 40 40 40 40 40 40 40 40 40 40 40 40 30 30 50 40 40 40 40 40 40 40 40 40 40 40 40 40 40 40 40 40 40 40 40 40 40 40 40 40 40 40 40 40 40 40 40 40 40 30 30 30 90 90 90 90 40 40 90 90 40 40 30 40 40 40 40 40 40 40 40 40 40 40 40 90 90 90 30 30 90 40 40 40 40 90 30 30 30 90 50 30 40 40 40 40 40 40 40 40 40 40 40 40 40 40 40 40 40 40 40 40 40 30 30 30 30 30 50 30 30 30 40 40 40 40 40 40 40 40 40 40 40 40 40 40 40 40 30 40 40 40 40 40 40 40 40 40 40 40 40 30 30 30 30 30 40 30 80 80 80 80 80 80 80 80 80 80 80 80 80 80 80 80 80 80 80 80 80 80 80 80 80 80 80 80 80 80 80 80 80 80 80 80 80 80 80 80 80 80 80 80 80 80 80 80 80 80 80 80 80 80 80 30 30 10 10 10 10 10 10 30 30 30 30 40 40 40 40 40 40 40 40 40 40 40 40 40 40 40 40 40 40 40 40 40 40 40 40 80 80 80 80 80 80 80 80 80 80 80 80 80 80 80 80 80 80 80 80 80 80 80 80 80 80 80 80 80 80 80 80 80 80 80 80 80 80 80 80 80 80 80 80 80 80 80 80 80 80 80 80 80 80 80 80 80 80 80 80 30 90 90 90 90 30 40 40 40 40 40 40 40 40 40 40 30 30 30 30 30 30 30 30 40 40 40 40 40 40 40 40 40 40 40 40 40 40 40 40 40 40 40 40 40 40 40 40 90 90 40 30 90 90 30 30 30 30 60 80 80 80 80 80 80 80 80 80 80 80 80 80 80 80 80 80 80 80
40 40 40 40 40 40 40 40 40 40 40 40 40 40 40 40 40 40 40 40 40 40 40 40 40 40 30 30 50 40 40 40 40 40 40 40 40 40 40 40 40 40 40 40 40 40 40 40 40 40 40 40 40 40 40 40 40 40 40 40 40 40 40 90 30 90 90 90 90 40 40 90 90 30 30 40 40 40 40 40 40 40 40 40 40 40 40 90 30 30 40 40 40 30 40 90 90 40 90 30 30 30 90 30 30 40 40 40 40 40 40 40 40 40 40 40 40 40 40 40 40 40 40 40 40 40 30 30 30 30 30 30 30 30 30 40 40 40 40 50 50 50 40 40 40 40 40 40 40 40 40 40 40 40 40 40 40 40 40 40 40 40 40 40 30 30 30 30 30 30 30 80 80 80 80 80 80 80 80 80 80 80 80 80 80 80 80 80 80 80 80 80 80 80 80 80 80 80 80 80 80 80 80 80 80 80 80 80 80 80 80 80 80 80 80 80 80 80 80 80 80 80 80 80 80 80 30 10 30 10 10 10 10 10 30 30 30 30 40 40 40 40 40 40 40 40 40 40 40 40 40 40 40 40 40 40 40 40 40 40 40 40 30 80 80 80 80 80 80 80 80 80 80 80 80 80 80 80 80 80 80 80 80 80 80 80 80 80 80 80 80 80 80 80 80 80 80 80 80 80 80 80 80 80 80 80 80 80 80 80 80 80 80 80 80 80 80 80 80 80 80 80 80 60 80 80 90 90 90 40 40 40 40 40 40 40 40 40 40 30 30 30 30 30 30 30 40 40 40 40 40 40 40 40 40 40 40 40 40 40 40 40 40 40 40 40 40 40 40 40 40 40 40 30 90 90 30 30 30 30 30 80 80 80 80 80 80 80 80 80 80 80 80 80 80 80 80 80 80 80
40 40 40 40 40 40 40 40 40 40 40 40 40 40 40 40 40 40 40 40 40 40 40 40 40 40 40 40 30 30 40 40 40 40 40 40 40 40 40 40 40 40 40 40 40 40 40 40 40 40 40 40 40 40 40 40 40 40 40 40 40 40 40 40 30 30 40 40 40 90 90 30 30 90 30 40 40 40 40 40 40 40 40 40 40 30 30 90 40 90 90 90 90 40 90 40 40 40 40 90 30 30 90 90 50 40 40 40 40 40 40 40 40 40 40 40 40 40 40 40 40 40 40 40 40 40 40 30 30 30 30 30 30 30 30 40 40 50 10 50 50 50 50 40 40 40 40 40 40 40 40 40 40 40 40 40 40 40 40 40 40 40 40 40 30 30 30 40 40 30 30 80 80 80 80 80 80 80 80 80 80 80 80 80 80 80 80 80 80 80 80 80 80 80 80 80 80 80 80 80 80 80 80 80 80 80 80 80 80 80 80 80 80 80 80 80 80 80 80 80 80 80 80 80 80 80 30 30 30 10 10 10 10 30 30 30 30 30 40 40 40 40 40 40 40 40 40 40 40 40 40 40 40 40 40 40 40 40 40 40 40 40 40 80 80 80 80 80 80 80 80 80 80 80 80 80 80 80 80 80 80 80 80 80 80 80 80 80 80 80 80 80 80 80 80 80 80 80 80 80 80 80 80 80 80 80 80 80 80 80 80 80 80 80 80 80 80 80 80 80 80 80 80 80 80 80 80 90 90 30 40 40 40 40 40 40 40 40 30 30 30 30 30 30 30 30 30 40 40 40 40 40 40 40 40 40 40 40 40 40 40 40 40 40 40 40 40 40 40 40 40 40 40 90 90 90 30 30 30 30 30 80 80 80 80 80 80 80 80 80 80 80 80 80 80 80 80 80 80 80
40 40 40 40 40 40 40 40 40 40 40 40 40 40 40 40 40 40 40 40 40 30 40 40 40 40 40 40 40 30 30 50 40 40 40 40 40 40 40 40 40 40 40 40 40 40 40 40 40 40 40 40 40 40 40 40 40 40 40 40 40 40 40 90 30 30 40 90 90 40 40 40 90 40 40 40 40 40 40 40 40 40 30 30 40 30 40 90 90 90 90 40 40 40 90 40 40 40 90 30 30 30 90 90 50 90 40 40 40 40 40 40 40 40 40 40 40 40 40 40 40 40 40 40 40 40 40 30 30 30 50 50 30 30 10 50 50 50 10 50 50 50 30 30 40 40 40 40 40 40 40 40 40 40 40 40 40 40 40 40 40 40 40 40 30 30 30 30 30 30 30 80 80 80 80 80 80 80 80 80 80 80 80 80 80 80 80 80 80 80 80 80 80 80 80 80 80 80 80 80 80 80 80 80 80 80 80 80 80 80 80 80 80 80 80 80 80 80 80 80 80 80 80 80 80 80 30 30 30 10 10 10 10 30 30 30 30 30 40 40 40 40 40 40 40 40 40 40 40 40 40 40 40 40 40 40 40 40 40 40 40 40 40 30 80 80 80 80 80 80 80 80 80 80 80 80 80 80 80 80 80 80 80 80 80 80 80 80 80 80 80 80 80 80 80 80 80 80 80 80 80 80 80 80 80 80 80 80 80 80 80 80 80 80 80 80 80 80 80 80 80 80 80 80 80 80 80 90 90 90 30 40 40 40 40 40 40 40 40 30 30 30 30 30 30 30 30 40 40 40 40 40 40 40 40 40 40 40 40 40 40 40 40 40 40 40 40 40 40 40 40 40 40 90 30 90 90 30 30 30 60 80 80 80 80 80 80 80 80 80 80 80 80 80 80 80 80 80 80 80
40 40 40 40 40 40 40 40 40 40 40 40 40 40 40 40 40 40 40 40 30 40 40 40 40 40 40 40 40 40 30 30 30 40 40 40 40 40 40 40 40 40 40 40 40 40 40 40 40 40 40 40 40 40 40 40 40 40 40 40 40 40 40 40 30 90 40 40 90 90 40 40 30 30 30 40 40 40 40 30 30 40 40 40 40 90 40 90 90 90 90 40 90 90 30 40 40 90 90 90 30 30 30 30 30 90 40 40 40 40 40 40 40 40 40 40 40 40 40 40 40 40 40 40 40 40 40 30 30 30 50 50 50 50 10 50 50 50 50 50 50 50 30 30 40 40 40 40 40 40 40 40 30 40 40 40 40 40 40 40 40 40 40 40 30 30 30 30 30 30 30 80 80 80 80 80 80 80 80 80 80 80 80 80 80 80 80 80 80 80 80 80 80 80 80 80 80 80 80 80 80 80 80 80 80 80 80 80 80 80 80 80 80 80 80 80 80 80 80 80 80 80 80 80 80 80 30 30 10 10 10 10 10 30 30 30 30 30 40 40 40 40 40 40 40 40 40 40 40 40 40 40 40 40 40 40 40 40 40 40 40 40 40 40 40 80 80 80 80 80 80 80 80 80 80 80 80 80 80 80 80 80 80 80 80 80 80 80 80 80 80 80 80 80 80 80 80 80 80 80 80 80 80 80 80 80 80 80 80 80 80 80 80 80 80 80 80 80 80 80 80 80 80 80 80 80 80 80 90 90 30 40 40 40 40 40 40 40 40 30 30 30 30 30 30 30 40 40 40 40 40 40 40 40 40 40 40 40 40 40 40 40 40 40 40 40 40 40 40 40 40 40 40 40 30 90 30 30 30 30 60 80 80 80 80 80 80 80 80 80 80 80 80 80 80 80 80 80 80 80
40 40 40 40 40 40 40 40 40 40 40 40 40 40 40 40 40 40 40 40 40 40 40 40 40 40 40 40 40 40 40 40 30 30 50 40 40 40 40 40 40 40 40 40 40 40 40 40 40 40 40 40 40 40 40 40 40 40 40 40 40 40 40 40 90 90 30 40 40 40 40 40 40 40 40 40 40 90 30 40 40 30 40 40 40 90 40 90 90 40 90 90 90 90 40 30 40 40 40 40 30 30 30 90 30 30 40 40 40 40 40 40 40 40 40 40 40 40 40 30 40 40 40 40 40 40 30 30 50 50 50 50 10 50 10 50 50 10 50 10 50 50 50 50 30 40 40 40 40 40 40 40 40 40 40 40 40 40 40 40 40 40 40 40 30 30 30 30 30 30 30 80 80 80 80 80 80 80 80 80 80 80 80 80 80 80 80 80 80 80 80 80 80 80 80 80 80 80 80 80 80 80 80 80 80 80 80 80 80 80 80 80 80 80 80 80 80 80 80 80 80 80 80 80 80 80 30 30 10 10 10 10 10 30 60 30 30 30 40 40 40 40 40 40 40 40 40 40 40 40 40 40 40 40 40 40 40 40 40 40 40 40 40 40 40 40 80 80 80 80 80 80 80 80 80 80 80 80 80 80 80 80 80 80 80 80 80 80 80 80 80 80 80 80 80 80 80 80 80 80 80 80 80 80 80 80 80 80 80 80 80 80 80 80 80 80 80 80 80 80 80 80 80 80 80 80 80 80 90 90 40 40 40 40 40 40 40 40 40 40 30 30 30 30 30 30 40 40 40 40 40 40 40 40 40 40 40 40 40 40 40 40 40 40 40 40 40 40 40 40 40 40 40 40 90 90 90 30 30 80 80 80 80 80 80 80 80 80 80 80 80 80 80 80 80 80 80 80 80 80
40 40 40 40 40 40 40 40 40 40 40 40 40 40 40 40 40 40 40 40 40 30 40 40 40 40 40 40 40 40 40 40 40 30 30 50 40 40 40 40 40 40 40 40 40 40 40 40 40 40 40 40 40 40 40 40 40 40 40 40 40 40 40 40 90 30 90 40 40 40 40 40 40 90 90 30 30 40 40 40 40 90 40 40 40 40 90 40 40 40 40 90 90 90 90 90 40 90 40 40 30 30 30 30 90 50 10 10 10 10 10 10 10 10 10 30 30 30 30 30 30 40 40 40 40 40 30 50 50 50 10 50 10 50 50 50 50 50 50 50 50 50 50 50 30 40 40 40 40 40 40 40 40 30 40 40 40 40 40 40 40 40 40 30 30 30 30 30 30 30 30 80 80 80 80 80 80 80 80 80 80 80 80 80 80 80 80 80 80 80 80 80 80 80 80 80 80 80 80 80 80 80 80 80 80 80 80 80 80 80 80 80 80 80 80 80 80 80 80 80 80 80 80 80 80 80 30 30 10 10 10 10 10 30 60 30 30 30 40 40 40 40 40 40 40 40 40 40 40 40 40 40 40 40 40 40 40 40 40 40 40 40 40 40 40 40 30 80 80 80 80 80 80 80 80 80 80 80 80 80 80 80 80 80 80 80 80 80 80 80 80 80 80 80 80 80 80 80 80 80 80 80 80 80 80 80 80 80 80 80 80 80 80 80 80 80 80 80 80 80 80 80 80 80 80 80 80 30 90 90 30 40 40 40 40 40 40 40 40 40 30 30 30 30 30 30 40 40 40 40 40 40 40 40 40 40 40 40 40 40 40 40 40 40 40 40 40 40 40 40 40 40 40 40 40 90 90 90 30 80 80 80 80 80 80 80 80 80 80 80 80 80 80 80 80 80 80 80 80 80
40 40 40 40 40 40 40 40 40 40 40 40 40 40 40 40 40 40 40 40 40 30 40 40 40 40 40 40 40 40 40 40 40 40 30 30 30 40 40 40 40 40 40 40 40 40 40 40 40 40 40 40 40 40 40 40 40 40 40 40 40 40 40 40 40 30 30 40 40 40 90 30 30 40 40 90 90 90 90 40 40 90 40 40 40 40 90 40 40 40 40 90 40 90 90 90 90 40 90 90 40 30 30 30 30 30 30 30 30 30 10 30 10 30 30 30 30 30 10 30 30 30 30 30 30 30 30 50 50 50 10 50 10 50 50 50 50 50 50 50 50 50 50 30 30 30 40 40 40 40 40 40 40 30 40 40 40 40 40 40 40 40 30 30 30 30 30 30 30 30 30 80 80 80 80 80 80 80 80 80 80 80 80 80 80 80 80 80 80 80 80 80 80 80 80 80 80 80 80 80 80 80 80 80 80 80 80 80 80 80 80 80 80 80 80 80 80 80 80 80 80 80 80 80 80 80 30 30 30 10 10 10 10 30 30 30 30 30 40 40 40 40 40 40 40 40 40 40 40 40 40 40 40 40 40 40 40 40 40 40 40 40 40 40 40 40 40 30 80 80 80 80 80 80 80 80 80 80 80 80 80 80 80 80 80 80 80 80 80 80 80 80 80 80 80 80 80 80 80 80 80 80 80 80 80 80 80 80 80 80 80 80 80 80 80 80 80 80 80 80 80 80 80 80 80 80 80 80 90 90 30 40 40 40 40 40 40 40 40 40 30 30 30 30 30 30 40 40 40 40 40 40 40 40 40 40 40 40 40 40 40 40 40 40 40 40 40 40 40 40 40 40 40 40 40 90 90 90 30 80 80 80 80 80 80 80 80 80 80 80 80 80 80 80 80 80 80 80 80 80
40 40 40 40 40 40 40 40 40 40 40 40 40 40 40 40 40 40 40 40 30 30 40 40 40 40 40 40 40 40 40 40 40 40 40 30 30 30 50 40 40 40 40 40 40 40 40 40 40 40 40 40 40 40 40 40 40 40 40 40 40 40 40 40 40 30 30 30 90 30 40 40 30 90 40 40 90 30 40 40 40 40 90 40 90 40 40 90 40 40 40 40 40 90 90 90 90 90 90 40 40 30 30 30 30 30 30 30 40 40 30 30 30 30 40 40 40 40 40 30 30 30 30 30 30 30 10 50 50 50 10 50 50 30 50 50 10 50 50 50 50 50 50 50 30 30 40 40 40 40 40 40 40 30 40 40 40 40 40 40 40 30 30 30 30 30 30 30 30 30 80 80 80 80 80 80 80 80 80 80 80 80 80 80 80 80 80 80 80 80 80 80 80 80 80 80 80 80 80 80 80 80 80 80 80 80 80 80 80 80 80 80 80 80 80 80 80 80 80 80 80 80 80 80 80 80 30 30 30 10 10 10 10 30 30 30 30 40 40 40 40 40 40 40 40 40 40 40 40 40 40 40 40 40 40 40 40 40 40 40 40 40 40 40 40 40 40 40 80 80 80 80 80 80 80 80 80 80 80 80 80 80 80 80 80 80 80 80 80 80 80 80 80 80 80 80 80 80 80 80 80 80 80 80 80 80 80 80 80 80 80 80 80 80 80 80 80 80 80 80 80 80 80 80 80 80 80 80 30 90 30 30 40 40 40 40 40 40 40 40 30 30 30 30 30 30 40 40 40 40 40 40 40 40 40 40 40 40 40 40 40 40 40 40 40 40 40 40 40 40 40 40 40 40 40 90 90 90 30 60 80 80 80 80 80 80 80 80 80 80 80 80 80 80 80 80 80 80 80 80
40 40 40 40 40 40 40 40 40 40 40 40 40 40 40 40 40 40 40 40 40 40 40 40 40 40 40 40 40 40 40 40 40 40 40 40 40 30 30 30 40 40 40 40 40 40 40 40 40 40 40 40 40 30 30 30 40 40 40 40 40 40 40 30 30 90 30 30 30 40 40 40 40 90 90 40 40 90 40 40 40 40 90 40 90 40 40 90 40 40 40 40 90 90 90 90 30 90 90 90 90 30 30 50 30 30 50 30 40 40 40 40 40 40 40 40 40 40 40 30 30 30 30 30 30 30 10 10 50 50 50 50 50 50 10 50 10 50 50 50 50 50 50 50 50 30 30 40 40 40 40 40 40 40 40 40 40 40 40 40 30 30 30 30 30 90 30 30 30 30 80 80 80 80 80 80 80 80 80 80 80 80 80 80 80 80 80 80 80 80 80 80 80 80 80 80 80 80 80 80 80 80 80 80 80 80 80 80 80 80 80 80 80 80 80 80 80 80 80 80 80 80 80 80 80 80 80 30 10 10 10 10 10 10 30 30 30 30 40 40 40 40 40 40 40 40 30 40 40 40 40 40 40 40 40 40 40 40 40 40 40 40 40 40 40 40 40 40 30 80 80 80 80 80 80 80 80 80 80 80 80 80 80 80 80 80 80 80 80 80 80 80 80 80 80 80 80 80 80 80 80 80 80 80 80 80 80 80 80 80 80 80 80 80 80 80 80 80 80 80 80 80 80 80 80 80 80 80 80 30 30 30 30 40 40 40 30 90 30 30 30 30 30 30 30 30 30 40 40 40 40 40 40 40 40 40 40 40 40 40 40 40 40 40 40 40 30 40 40 40 40 40 30 90 30 40 90 90 30 90 80 80 80 80 80 80 80 80 80 80 80 80 80 80 80 80 80 80 80 80
40 40 40 40 40 40 40 40 40 40 40 40 40 40 40 40 40 40 40 40 40 40 40 40 40 40 40 40 40 40 40 40 40 40 40 40 40 40 30 30 30 40 40 40 40 40 40 40 40 40 40 40 40 40 40 40 30 30 30 30 30 30 30 30 30 30 30 30 40 40 40 40 40 30 90 40 40 90 90 40 40 90 90 40 40 40 90 40 40 40 40 40 90 40 90 90 40 30 90 90 40 40 90 30 30 30 30 30 40 40 40 40 40 40 40 40 40 40 40 30 30 30 30 30 30 30 30 10 30 50 50 50 50 50 30 50 50 50 50 50 50 50 50 50 50 50 30 40 40 40 40 40 40 40 40 40 40 40 40 30 30 30 30 30 30 30 30 30 30 30 80 80 80 80 80 80 80 80 80 80 80 80 80 80 80 80 80 80 80 80 80 80 80 80 80 80 80 80 80 80 80 80 80 80 80 80 80 80 80 80 80 80 80 80 80 80 80 80 80 80 80 80 80 80 80 80 80 30 10 10 10 10 10 10 30 30 30 30 40 40 40 40 40 40 40 40 40 40 40 40 40 40 40 40 40 40 40 40 40 40 40 40 40 40 40 40 40 40 40 80 80 80 80 80 80 80 80 80 80 80 80 80 80 80 80 80 80 80 80 80 80 80 80 80 80 80 80 80 80 80 80 80 80 80 80 80 80 80 80 80 80 80 80 80 80 80 80 80 80 80 80 80 80 80 80 80 80 80 80 30 30 30 30 30 30 30 30 90 30 30 30 30 30 30 30 30 30 40 40 40 40 40 40 40 40 40 40 40 40 40 40 40 40 40 40 40 30 30 30 30 30 30 30 90 90 40 90 90 30 60 80 80 80 80 80 80 80 80 80 80 80 80 80 80 80 80 80 80 80 80
40 40 40 40 40 40 40 40 40 40 40 40 40 40 40 40 40 40 40 40 40 40 40 40 40 40 40 40 40 40 40 40 40 40 40 40 40 40 40 40 30 30 40 40 40 40 40 40 40 40 40 40 40 40 40 40 40 40 30 30 30 30 40 40 30 30 30 30 30 40 40 40 40 40 90 40 40 90 90 40 40 40 40 30 40 40 40 40 40 40 40 40 40 40 90 40 40 90 90 90 90 90 30 30 30 30 30 30 40 40 40 40 40 40 40 40 40 40 40 40 30 30 30 30 30 30 30 10 30 50 50 50 10 50 50 50 50 10 50 10 50 50 50 50 50 50 30 40 40 40 40 40 40 40 40 40 40 40 40 30 30 30 40 30 30 30 90 30 30 80 80 80 80 80 80 80 80 80 80 80 80 80 80 80 80 80 80 80 80 80 80 80 80 80 80 80 80 80 80 80 80 80 80 80 80 80 80 80 80 80 80 80 80 80 80 80 80 80 80 80 80 80 80 80 80 80 80 30 10 10 10 10 10 10 30 30 30 30 40 40 40 40 40 40 40 40 40 40 40 40 40 40 40 40 40 40 40 40 40 40 40 40 40 40 40 40 40 40 40 30 80 80 80 80 80 80 80 80 80 80 80 80 80 80 80 80 80 80 80 80 80 80 80 80 80 80 80 80 80 80 80 80 80 80 80 80 80 80 80 80 80 80 80 80 80 80 80 80 80 80 80 80 80 80 80 80 80 80 80 80 30 30 30 30 30 30 30 30 30 60 60 30 90 90 30 30 30 40 40 40 40 40 40 40 40 40 40 40 40 40 30 30 30 30 30 30 40 30 40 40 40 40 40 90 90 40 30 90 90 30 80 80 80 80 80 80 80 80 80 80 80 80 80 80 80 80 80 80 80 80
40 40 40 40 40 40 40 40 40 40 40 40 40 40 40 40 40 40 40 40 40 40 40 40 40 40 40 40 40 40 40 40 40 40 40 40 40 90 40 40 40 30 30 30 40 40 40 40 40 40 40 40 40 40 40 40 30 30 30 40 40 40 40 40 40 60 30 30 30 40 40 40 40 40 30 90 90 40 90 40 40 40 90 90 40 90 90 90 30 40 40 40 40 90 90 40 40 40 90 90 90 40 90 30 30 30 30 50 30 40 40 40 40 40 40 40 40 40 40 40 30 30 30 30 30 30 30 10 10 10 50 50 10 50 50 50 10 10 50 50 50 50 50 50 10 50 50 40 40 40 40 40 40 40 40 40 40 40 40 30 30 30 30 90 90 30 30 30 30 80 80 80 80 80 80 80 80 80 80 80 80 80 80 80 80 80 80 80 80 80 80 80 80 80 80 80 80 80 80 80 80 80 80 80 80 80 80 80 80 80 80 80 80 80 80 80 80 80 80 80 80 80 80 80 80 80 80 30 10 10 10 10 10 10 30 30 30 40 40 40 40 40 40 40 40 40 40 40 40 40 40 40 40 40 40 40 40 40 40 40 40 40 40 40 40 40 40 40 40 40 30 80 80 80 80 80 80 80 80 80 80 80 80 80 80 80 80 80 80 80 80 80 80 80 80 80 80 80 80 80 80 80 80 80 80 80 80 80 80 80 80 80 80 80 80 80 80 80 80 80 80 80 80 80 80 80 80 80 80 80 80 30 30 90 30 30 80 80 80 80 80 60 80 80 30 90 90 40 40 40 40 40 40 40 30 30 30 30 30 40 40 40 40 40 40 40 40 40 40 40 40 40 40 40 90 40 90 90 90 30 80 80 80 80 80 80 80 80 80 80 80 80 80 80 80 80 80 80 80 80
40 40 40 40 40 40 40 40 40 40 40 40 40 40 40 40 40 40 40 40 40 40 40 40 40 40 40 40 40 40 40 40 40 40 40 40 40 40 40 40 40 40 30 30 30 40 40 40 40 40 40 40 40 40 30 30 30 40 40 40 40 40 40 40 40 40 40 40 40 30 40 40 90 40 30 90 90 90 40 90 40 40 40 40 90 40 40 90 90 40 40 40 40 90 90 40 90 40 30 90 90 90 30 30 30 30 30 30 30 40 40 40 40 40 40 40 40 40 40 40 40 30 30 30 30 30 30 30 10 10 50 10 10 10 50 50 50 50 50 50 50 50 50 50 10 30 30 40 40 40 40 40 40 40 40 40 30 40 30 30 30 30 30 30 30 30 30 30 80 80 80 80 80 80 80 80 80 80 80 80 80 80 80 80 80 80 80 80 80 80 80 80 80 80 80 80 80 80 80 80 80 80 80 80 80 80 80 80 80 80 80 80 80 80 80 80 80 80 80 80 80 80 80 80 80 80 80 90 10 10 10 10 10 30 30 30 30 30 40 40 40 40 40 40 40 40 40 40 40 40 40 40 40 40 40 40 40 40 40 40 40 40 40 40 40 40 40 40 40 40 40 80 80 80 80 80 80 80 80 80 80 80 80 80 80 80 80 80 80 80 80 80 80 80 80 80 80 80 80 80 80 80 80 80 80 80 80 80 80 80 80 80 80 80 80 80 80 80 80 80 80 80 80 80 80 80 80 80 80 80 80 80 80 60 80 80 80 80 80 80 80 60 80 80 80 30 90 40 40 40 40 30 30 40 40 40 30 40 40 40 40 40 40 40 40 40 40 40 40 40 40 40 40 40 90 40 30 90 90 30 80 80 80 80 80 80 80 80 80 80 80 80 80 80 80 80 80 80 80 80
40 40 40 40 40 40 40 40 40 40 40 40 40 40 40 40 40 40 40 40 40 40 40 40 40 40 40 40 40 40 40 40 40 40 40 40 40 40 40 40 40 40 40 40 30 30 30 40 40 40 40 40 40 40 40 40 40 40 40 40 40 40 40 40 40 40 40 40 40 30 40 90 40 90 40 40 90 40 40 90 40 40 40 40 30 40 40 40 40 90 90 40 40 40 90 40 40 40 40 40 90 30 30 30 30 30 30 30 30 40 40 40 40 40 40 40 40 40 40 40 40 30 30 30 30 30 30 30 10 10 10 10 50 10 50 50 50 50 50 50 50 50 50 50 50 50 40 40 40 40 40 40 40 40 40 30 30 30 30 50 50 30 30 30 30 90 90 30 80 80 80 80 80 80 80 80 80 80 80 80 80 80 80 80 80 80 80 80 80 80 80 80 80 80 80 80 80 80 80 80 80 80 80 80 80 80 80 80 80 80 80 80 80 80 80 80 80 80 80 80 80 80 80 80 80 80 80 90 10 10 10 10 10 30 30 30 30 30 40 40 40 40 40 40 40 40 40 40 40 40 40 40 40 40 40 40 40 40 40 40 40 40 40 40 40 40 40 40 40 40 40 30 80 80 80 80 80 80 80 80 80 80 80 80 80 80 80 80 80 80 80 80 80 80 80 80 80 80 80 80 80 80 80 80 80 80 80 80 80 80 80 80 80 80 80 80 80 80 80 80 80 80 80 80 80 80 80 80 80 80 80 80 80 80 80 80 80 80 80 80 80 80 80 80 80 30 90 40 40 40 40 40 40 40 40 40 40 40 40 40 40 40 40 40 40 40 40 40 40 40 40 40 40 40 90 40 30 90 90 30 60 80 80 80 80 80 80 80 80 80 80 80 80 80 80 80 80 80 80 80
40 40 40 40 40 40 40 40 40 40 40 40 40 40 40 40 40 40 40 40 30 40 40 40 40 40 40 40 40 40 40 40 40 40 40 40 40 40 40 40 40 40 40 40 40 30 90 30 30 40 40 40 40 40 40 40 40 40 40 40 40 40 40 40 40 40 40 40 40 40 30 90 90 90 40 30 90 90 90 40 30 40 90 40 40 90 40 40 40 90 40 40 40 40 30 40 40 40 90 30 90 30 30 30 90 30 30 30 50 30 40 40 40 40 40 40 40 40 40 40 40 40 30 30 30 30 30 30 30 10 10 50 50 50 50 50 50 50 50 10 50 50 10 30 30 50 50 50 40 40 40 40 40 40 40 30 30 30 50 30 30 50 30 30 30 90 90 80 80 80 80 80 80 80 80 80 80 80 80 80 80 80 80 80 80 80 80 80 80 80 80 80 80 80 80 80 80 80 80 80 80 80 80 80 80 80 80 80 80 80 80 80 80 80 80 80 80 80 80 80 80 80 80 80 80 80 80 90 30 30 10 10 10 30 30 30 30 30 40 40 40 40 40 40 40 40 40 40 40 40 40 40 40 40 40 40 40 40 40 40 40 40 40 40 40 40 40 40 40 40 40 40 60 80 80 80 80 80 80 80 80 80 80 80 80 80 80 80 80 80 80 80 80 80 80 80 80 80 80 80 80 80 80 80 80 80 80 80 80 80 80 80 80 80 80 80 80 80 80 80 80 80 80 80 80 80 80 80 80 80 80 80 80 80 80 80 80 80 80 80 80 80 80 80 80 30 90 40 40 40 40 40 40 40 40 40 40 40 40 40 40 40 40 40 40 40 40 40 40 40 40 40 40 40 90 40 30 30 90 30 30 80 80 80 80 80 80 80 80 80 80 80 80 80 80 80 80 80 80 80
40 40 40 40 40 40 40 40 40 40 40 40 40 40 40 40 40 40 40 40 40 40 40 40 40 40 40 40 40 40 40 40 40 40 40 40 40 40 40 40 40 40 40 40 40 40 30 30 30 40 40 40 40 40 40 40 40 40 40 40 40 40 40 40 40 40 40 40 40 40 30 40 40 40 40 30 90 90 90 90 90 40 40 90 40 90 40 40 40 40 90 90 40 90 90 90 40 40 90 30 30 30 40 40 40 30 30 30 50 30 40 40 40 40 40 40 40 40 40 40 40 40 30 30 30 30 30 30 30 50 50 50 10 50 50 50 50 50 50 50 30 50 50 50 30 50 30 40 40 40 40 40 40 40 30 30 50 30 30 50 50 50 50 30 90 90 80 80 80 80 80 80 80 80 80 80 80 80 80 80 80 80 80 80 80 80 80 80 80 80 80 80 80 80 80 80 80 80 80 80 80 80 80 80 80 80 80 80 80 80 80 80 80 80 80 80 80 80 80 80 80 80 80 80 80 80 80 30 30 10 10 10 10 30 30 30 30 30 40 40 40 40 40 40 40 40 40 40 40 40 40 40 40 40 40 40 40 40 40 40 40 40 40 40 40 40 40 40 40 40 40 40 30 30 80 80 80 80 80 80 80 80 80 80 80 80 80 80 80 80 80 80 80 80 80 80 80 80 80 80 80 80 80 80 80 80 80 80 80 80 80 80 80 80 80 80 80 80 80 80 80 80 80 80 80 80 80 80 80 80 80 80 80 80 80 80 80 80 80 80 80 80 60 80 80 80 90 40 40 40 40 40 40 40 40 40 40 40 40 40 40 40 40 40 40 40 40 40 40 40 40 40 40 40 40 90 90 30 90 30 30 80 80 80 80 80 80 80 80 80 80 80 80 80 80 80 80 80 80 80
40 40 40 40 40 40 40 40 40 40 40 40 40 40 40 40 40 40 40 40 40 30 40 40 40 40 40 40 40 40 40 40 40 40 40 40 40 40 40 40 40 40 40 40 40 40 40 30 30 40 40 40 40 40 40 40 40 40 40 40 40 40 40 40 40 40 40 40 40 40 30 40 40 40 40 40 90 90 90 90 30 40 40 40 40 90 40 40 40 40 90 40 40 40 90 30 40 90 90 90 30 40 40 40 40 30 30 30 30 30 40 40 40 40 40 40 40 40 40 40 40 40 40 30 30 30 30 30 30 30 50 50 50 50 50 50 50 50 50 50 10 50 50 50 50 50 30 30 30 40 40 40 40 40 50 50 50 30 30 50 50 30 30 30 90 90 80 80 80 80 80 80 80 80 80 80 80 80 80 80 80 80 80 80 80 80 80 80 80 80 80 80 80 80 80 80 80 80 80 80 80 80 80 80 80 80 80 80 80 80 80 80 80 80 80 80 80 80 80 80 80 80 80 80 80 80 80 30 30 10 10 10 10 30 30 30 30 30 40 40 40 40 40 40 40 40 40 40 40 40 40 40 40 40 40 40 40 40 40 40 40 40 40 40 40 40 40 40 40 40 40 40 40 30 40 30 80 80 80 80 80 80 80 80 80 80 80 80 80 80 80 80 80 80 80 80 80 80 80 80 80 80 80 80 80 80 80 80 80 80 80 80 80 80 80 80 80 80 80 80 80 80 80 80 80 80 80 80 80 80 80 80 80 80 80 80 80 80 80 80 80 80 80 80 80 90 40 40 40 40 40 40 40 40 40 40 40 40 40 40 40 40 40 40 40 40 40 40 40 40 40 40 40 40 40 90 40 30 30 30 30 80 80 80 80 80 80 80 80 80 80 80 80 80 80 80 80 80 80 80
40 40 40 40 40 40 40 40 40 40 40 40 40 40 40 40 40 40 40 40 40 30 40 40 40 40 40 40 40 40 40 40 40 40 40 40 40 40 40 40 40 40 40 40 40 40 40 40 30 40 40 40 40 40 40 40 40 40 40 40 40 40 40 40 40 40 40 40 40 40 30 40 40 40 40 40 90 40 40 40 90 90 90 40 40 90 30 40 40 90 40 40 40 40 40 30 40 90 90 30 30 40 40 40 40 90 30 30 30 50 30 40 40 40 40 40 40 40 40 40 40 40 40 30 30 30 30 30 30 30 50 50 10 50 50 50 50 50 50 50 10 10 50 50 10 50 30 30 30 30 30 40 40 30 30 50 10 50 50 30 30 30 30 30 90 80 80 80 80 80 80 80 80 80 80 80 80 80 80 80 80 80 80 80 80 80 80 80 80 80 80 80 80 80 80 80 80 80 80 80 80 80 80 80 80 80 80 80 80 80 80 80 80 80 80 80 80 80 80 80 80 80 80 80 80 80 80 30 30 10 10 10 10 30 30 30 30 30 40 40 40 40 40 40 40 40 40 40 40 40 40 40 40 40 40 40 40 40 40 40 40 40 40 40 40 40 40 40 40 40 40 40 40 60 30 30 80 80 80 80 80 80 80 80 80 80 80 80 80 80 80 80 80 80 80 80 80 80 80 80 80 80 80 80 80 80 80 80 80 80 80 80 80 80 80 80 80 80 80 80 80 80 80 80 80 80 80 80 80 80 80 80 80 80 80 80 80 80 80 80 80 80 80 80 80 30 40 40 40 40 40 40 40 40 40 30 40 40 40 40 40 40 40 40 40 40 40 40 40 40 40 40 40 40 40 30 40 30 30 90 30 80 80 80 80 80 80 80 80 80 80 80 80 80 80 80 80 80 80 80
40 40 40 40 40 40 40 40 40 40 40 40 40 40 40 40 40 40 40 40 30 30 40 40 40 40 40 40 40 40 40 40 40 40 40 40 40 40 40 40 40 40 40 40 40 40 40 40 30 40 40 40 40 40 40 40 40 40 40 40 40 40 40 40 40 40 40 40 40 40 40 30 40 40 40 40 40 90 90 40 90 90 40 40 40 40 30 90 90 40 40 90 40 40 40 40 40 40 40 30 40 40 40 40 90 40 30 30 30 50 30 40 40 40 40 40 40 40 40 40 40 40 40 30 30 30 30 30 30 30 50 30 10 50 50 50 10 50 50 50 50 10 50 50 50 50 30 30 30 30 30 30 40 30 10 10 50 50 50 50 30 30 30 30 80 80 80 80 80 80 80 80 80 80 80 80 80 80 80 80 80 80 80 80 80 80 80 80 80 80 80 80 80 80 80 80 80 80 80 80 80 80 80 80 80 80 80 80 80 80 80 80 80 80 80 80 80 80 80 80 80 80 80 80 80 80 90 30 10 10 10 10 10 30 30 30 30 30 40 40 40 40 40 40 40 40 40 40 40 40 40 40 40 40 40 40 40 40 40 40 40 40 40 40 40 40 40 40 40 40 40 40 40 40 30 30 80 80 80 80 80 80 80 80 80 80 80 80 80 80 80 80 80 80 80 80 80 80 80 80 80 80 80 80 80 80 80 80 80 80 80 80 80 80 80 80 80 80 80 80 80 80 80 80 80 80 80 80 80 80 80 80 80 80 80 80 80 80 80 80 80 80 80 60 90 40 40 40 40 40 40 40 40 40 40 40 40 40 40 40 40 40 40 40 40 40 40 40 40 40 40 40 40 40 40 40 40 30 30 30 30 80 80 80 80 80 80 80 80 80 80 80 80 80 80 80 80 80 80 80
40 40 40 40 40 40 40 40 40 90 40 40 40 40 40 40 40 40 40 40 30 30 40 40 40 40 40 40 40 40 40 40 40 40 40 40 40 40 40 40 40 40 40 40 40 40 40 40 30 40 40 40 40 40 40 40 40 40 40 40 40 40 40 40 40 40 40 40 40 40 40 30 40 40 40 40 90 90 40 40 40 90 40 40 40 40 40 40 90 40 40 40 40 40 40 40 30 40 30 30 40 40 90 40 40 40 30 30 30 30 30 40 40 40 40 40 40 40 40 40 40 40 40 40 30 30 30 30 10 30 30 30 30 10 50 50 10 50 50 50 50 50 10 50 50 50 30 30 30 30 30 30 30 30 10 10 10 10 10 30 30 30 30 80 80 80 80 80 80 80 80 80 80 80 80 80 80 80 80 80 80 80 80 80 80 80 80 80 80 80 80 80 80 80 80 80 80 80 80 80 80 80 80 80 80 80 80 80 80 80 80 80 80 80 80 80 80 80 80 80 80 80 80 80 80 80 10 30 10 10 10 30 10 30 30 30 30 30 40 40 40 40 40 40 40 40 40 40 40 40 40 40 40 40 40 40 40 40 40 40 40 40 40 40 40 40 40 40 40 40 40 40 40 40 40 30 80 90 80 80 80 80 80 80 80 80 80 80 80 80 80 80 80 80 80 80 80 80 80 80 80 80 80 80 80 80 80 80 80 80 80 80 80 80 80 80 80 80 80 80 80 80 80 80 80 80 80 80 80 80 80 80 80 80 80 80 80 80 80 80 80 80 80 60 30 40 40 40 40 40 40 40 40 40 40 40 40 40 40 40 40 40 40 40 40 40 40 40 40 40 40 40 40 40 40 30 40 30 30 30 30 60 80 80 80 80 80 80 80 80 80 80 80 80 80 80 80 80 80 80
40 40 40 40 40 40 40 40 40 40 40 40 40 40 40 40 40 40 40 40 30 30 40 40 40 90 40 40 40 40 40 40 40 40 40 40 40 40 40 40 40 40 40 40 40 40 40 40 30 40 40 40 40 40 40 40 40 40 40 40 40 40 40 40 40 40 40 40 40 40 40 40 30 40 90 90 90 90 90 40 40 90 90 40 40 40 40 90 40 40 40 40 40 40 40 40 90 30 30 40 90 40 40 40 40 40 40 30 30 30 30 30 40 40 40 40 40 40 40 40 40 40 40 40 30 30 30 30 30 30 30 30 10 10 10 50 50 10 50 10 50 50 30 10 50 30 30 30 30 30 30 30 30 30 30 10 10 10 30 30 30 30 80 80 80 80 80 80 80 80 80 80 80 80 80 80 80 80 80 80 80 80 80 80 80 80 80 80 80 80 80 80 80 80 80 80 80 80 80 80 80 80 80 80 80 80 80 80 80 80 80 80 80 80 80 80 80 80 80 80 80 80 80 80 80 90 30 10 30 30 30 30 10 30 30 30 30 30 40 40 40 40 40 40 40 40 40 40 40 40 40 40 40 40 40 40 40 40 40 40 40 40 40 40 40 40 40 40 40 40 40 40 40 40 40 80 80 80 90 80 80 80 80 80 80 80 80 80 80 80 80 80 80 80 80 80 80 80 80 80 80 80 80 80 80 80 80 80 80 80 80 80 80 80 80 80 80 80 80 80 80 80 80 80 80 80 80 80 80 80 80 80 80 80 80 80 80 80 80 80 80 80 80 80 30 40 40 40 40 40 40 40 40 40 40 40 40 40 40 40 40 40 40 40 40 30 40 40 40 40 40 30 30 40 30 30 30 90 30 90 90 30 80 80 80 80 80 80 80 80 80 80 80 80 80 80 80 80 80 80
40 40 40 40 40 40 40 40 40 40 90 40 40 40 40 40 40 40 40 40 30 30 40 40 40 40 40 40 40 40 40 40 40 40 40 40 40 40 40 40 40 40 40 40 40 90 40 40 30 40 40 40 40 40 40 40 40 40 40 40 40 40 40 40 40 40 40 40 40 40 40 40 30 40 90 90 90 40 90 40 90 90 90 40 40 40 40 90 40 90 90 90 30 40 40 40 40 30 40 40 40 40 40 40 40 40 40 30 30 30 50 30 40 40 40 40 40 40 40 40 40 40 40 40 40 30 30 30 30 30 30 30 30 50 10 50 50 50 50 50 10 50 30 50 50 30 30 30 30 30 30 30 30 30 30 10 10 10 30 30 30 80 80 80 80 80 80 80 80 80 80 80 80 80 80 80 80 80 80 80 80 80 80 80 80 80 80 80 80 80 80 80 80 80 80 80 80 80 80 80 80 80 80 80 80 80 80 80 80 80 80 80 80 80 80 80 80 80 80 80 80 80 80 80 80 30 10 10 10 10 10 10 10 30 30 30 10 30 40 40 40 40 40 40 40 40 40 40 40 40 40 40 40 40 40 40 40 40 40 40 40 40 40 40 40 40 40 40 40 40 40 40 40 40 40 30 60 60 60 60 60 60 80 80 60 60 60 60 60 60 80 80 80 80 80 80 80 80 80 80 80 80 80 80 80 80 80 80 80 80 80 80 80 80 80 80 80 80 80 80 80 80 80 80 80 80 80 80 80 80 80 80 80 80 80 80 80 80 80 80 80 80 80 80 30 40 40 40 40 40 40 40 40 40 40 40 40 40 40 40 40 40 40 40 30 30 30 30 30 30 30 30 90 30 30 90 30 90 30 30 30 30 30 80 80 80 80 80 80 80 80 80 80 80 80 80 80 80 80 80
90 40 40 40 40 40 40 90 40 40 90 40 40 40 40 90 40 90 90 90 30 30 40 40 40 90 40 40 40 40 40 40 40 40 40 40 40 40 40 40 40 40 40 40 40 40 40 40 30 40 40 40 40 40 40 40 40 40 40 40 40 40 40 40 40 40 40 40 40 40 40 40 30 30 40 40 40 40 30 90 90 90 90 30 40 90 40 40 40 90 90 90 90 40 40 40 30 30 40 40 40 40 40 30 40 40 40 40 30 30 30 30 40 40 40 40 40 40 40 40 40 40 40 40 40 30 30 30 30 40 40 40 30 50 50 50 50 50 50 50 50 50 50 10 50 50 50 30 30 30 30 30 30 30 30 10 30 30 30 30 80 80 80 80 80 80 80 80 80 80 80 80 80 80 80 80 80 80 80 80 80 80 80 80 80 80 80 80 80 80 80 80 80 80 80 80 80 80 80 80 80 80 80 80 80 80 80 80 80 80 80 80 80 80 80 80 80 80 80 80 80 80 80 80 90 30 30 10 10 10 10 30 30 30 30 30 10 30 40 40 40 40 40 40 40 40 40 40 40 40 40 40 40 40 40 40 40 40 40 40 40 40 40 40 40 40 40 40 40 40 40 40 40 40 40 40 60 60 60 60 60 60 60 60 60 60 60 60 60 60 80 80 80 80 80 80 80 80 80 80 80 80 80 80 80 80 80 80 80 80 80 80 80 80 80 80 80 80 80 80 80 80 80 80 80 80 80 80 80 80 80 80 80 80 80 80 80 80 80 80 80 80 50 80 30 40 40 40 40 40 40 40 40 40 40 40 40 40 40 40 40 30 30 40 40 30 30 30 30 30 30 30 30 30 40 40 30 90 30 30 30 90 30 60 80 80 80 80 80 80 80 80 80 80 80 80 80 80 80 80
90 40 40 90 90 40 40 40 40 40 40 40 40 40 40 40 40 40 40 40 30 30 40 40 40 40 40 40 40 40 40 40 40 40 40 40 40 40 40 40 40 40 40 40 40 40 40 30 30 40 40 40 40 40 40 40 40 40 40 40 40 40 40 40 40 40 40 40 40 90 40 40 40 30 40 40 40 40 90 90 90 90 90 90 40 40 40 40 90 90 90 90 40 30 40 40 30 40 40 40 40 40 40 30 30 40 40 40 30 30 30 30 40 40 40 40 40 40 40 40 40 40 40 40 40 30 30 30 30 30 40 40 40 30 50 10 50 50 10 50 50 50 50 50 50 50 30 30 30 30 30 30 30 30 30 30 30 30 30 80 80 80 80 80 80 80 80 80 80 80 80 80 80 80 80 80 80 80 80 80 80 80 80 80 80 80 80 80 80 80 80 80 80 80 80 80 80 80 80 80 80 80 80 80 80 80 80 80 80 80 80 80 80 80 80 80 80 80 80 80 80 80 80 80 30 30 30 10 10 10 30 30 30 30 30 30 30 30 40 40 40 40 40 40 40 40 40 40 40 40 40 40 40 40 40 40 40 40 40 40 40 40 40 40 40 40 40 40 40 40 40 40 40 40 40 40 30 60 60 60 60 60 60 60 60 60 60 60 60 60 80 80 80 80 80 80 80 80 80 80 80 80 80 80 80 80 80 80 80 80 80 80 80 80 80 80 80 80 80 80 80 80 80 80 80 80 80 80 80 80 80 80 80 80 80 80 80 80 80 80 80 80 80 80 30 40 40 40 40 40 40 40 40 40 40 40 40 40 40 30 30 30 30 30 30 30 30 30 40 40 40 40 40 40 40 40 30 90 30 30 30 30 30 30 80 80 80 80 80 80 80 80 80 80 80 80 80 80 80 80
90 40 90 90 40 40 40 40 40 40 40 40 40 40 40 40 40 40 40 40 40 30 40 40 40 90 40 40 40 40 40 40 40 40 40 40 40 30 40 40 40 40 40 40 40 40 40 40 30 40 40 40 40 40 40 40 40 40 40 40 40 40 40 40 40 40 40 90 90 90 90 90 30 30 40 40 40 40 40 90 90 90 90 90 40 40 40 40 90 40 40 90 40 90 40 90 40 40 40 40 40 40 40 40 40 40 40 40 30 30 30 50 30 40 40 40 40 40 40 40 40 40 40 40 30 30 30 30 30 30 40 40 40 40 50 10 50 50 10 30 50 50 50 50 50 50 50 50 30 30 30 30 30 30 30 30 30 80 80 80 80 80 80 80 80 80 80 80 80 80 80 80 80 80 80 80 80 80 80 80 80 80 80 80 80 80 80 80 80 80 80 80 80 80 80 80 80 80 80 80 80 80 80 80 80 80 80 80 80 80 80 80 80 80 80 80 80 80 80 80 80 80 80 80 30 30 30 10 10 30 10 30 30 30 30 30 30 30 40 40 40 40 40 40 40 40 40 40 40 40 40 40 40 40 40 40 40 40 40 40 40 40 40 40 40 40 40 40 40 40 40 40 40 40 40 40 30 60 60 60 60 60 60 60 60 60 60 60 60 60 90 80 80 80 80 80 80 80 80 80 80 80 80 80 80 80 80 80 80 80 80 80 80 80 80 80 80 80 80 80 80 80 80 80 80 80 80 80 80 80 80 80 80 80 80 80 80 80 80 80 80 80 80 60 30 40 40 40 40 40 40 40 40 40 40 40 30 30 30 30 30 30 30 40 40 40 40 40 40 30 40 40 40 40 40 40 40 40 40 30 30 30 30 30 80 80 80 80 80 80 80 80 80 80 80 80 80 80 80 80
90 90 90 90 90 90 90 90 90 90 90 90 90 40 40 90 40 40 90 90 30 30 40 40 40 90 40 40 40 40 40 40 40 40 40 40 40 40 40 40 40 40 40 40 40 40 40 40 30 40 40 40 40 40 40 40 40 40 40 40 40 40 30 30 90 90 90 90 90 90 90 90 30 30 30 40 40 40 40 30 90 90 90 90 30 40 40 40 40 30 90 90 90 90 30 30 40 40 40 40 40 40 40 40 40 40 40 40 40 30 30 30 30 40 40 40 40 40 40 40 40 40 40 40 30 30 30 30 30 30 40 40 40 40 40 50 10 50 50 50 50 50 30 30 30 30 30 40 40 30 30 30 30 30 30 30 30 80 80 80 80 80 80 80 80 80 80 80 80 80 80 80 80 80 80 80 80 80 80 80 80 80 80 80 80 80 80 80 80 80 80 80 80 80 80 80 80 80 80 80 80 80 80 80 80 80 80 80 80 80 80 80 80 80 80 80 80 80 80 80 80 80 80 30 30 10 30 30 10 30 10 30 10 10 30 30 30 30 40 40 40 40 40 40 40 40 40 40 40 40 40 40 40 40 40 40 40 40 40 40 40 40 40 40 40 40 40 40 40 40 40 40 40 40 40 40 40 60 60 60 60 60 60 60 60 60 60 60 60 60 60 80 80 80 80 80 80 80 80 80 80 80 80 80 80 80 80 80 80 80 80 80 80 80 80 80 80 80 80 80 80 80 80 80 80 80 80 80 80 80 80 80 80 80 80 80 80 80 80 80 80 80 80 50 30 30 40 40 40 40 40 40 90 30 30 30 40 40 40 40 40 40 40 40 40 40 40 40 40 40 40 40 40 40 40 40 40 30 40 30 30 30 30 30 80 80 80 80 80 80 80 80 80 80 80 80 80 80 80 80
40 40 40 40 40 40 40 90 40 40 40 40 40 40 40 40 40 40 40 90 40 40 40 40 40 90 40 40 40 40 40 40 40 40 40 40 40 40 40 40 40 40 40 40 40 40 40 40 30 30 40 40 40 40 40 30 30 30 40 40 40 40 40 40 40 40 40 40 40 40 40 30 30 30 30 40 40 40 40 40 90 90 90 90 90 40 40 40 40 90 40 90 90 90 30 40 40 40 40 40 40 40 40 40 40 40 40 40 40 30 30 30 30 40 40 40 40 40 40 40 40 40 40 30 30 30 30 30 30 30 30 40 40 40 40 50 50 50 50 50 50 30 30 30 30 30 50 30 30 30 30 30 30 90 90 30 60 80 80 80 80 80 80 80 80 80 80 80 80 80 80 80 80 80 80 80 80 80 80 80 80 80 80 80 80 80 80 80 80 80 80 80 80 80 80 80 80 80 80 80 80 80 80 80 80 80 80 80 80 80 80 80 80 80 80 80 80 80 80 80 80 80 80 30 30 10 10 10 30 30 10 10 10 10 30 30 30 30 40 40 40 40 40 40 40 40 40 40 40 40 40 40 40 40 40 40 40 40 40 40 40 40 40 40 40 40 40 40 40 40 40 40 40 40 40 40 40 30 60 60 60 60 60 60 60 60 60 60 60 60 60 80 80 80 80 80 80 80 80 80 80 80 80 80 80 80 80 80 80 80 80 80 80 80 80 80 80 80 80 80 80 80 80 80 80 80 80 80 80 80 80 80 80 80 80 80 80 80 80 80 80 80 80 80 30 30 40 40 40 40 40 40 40 40 40 40 40 40 40 40 40 40 40 40 40 40 40 40 40 40 40 40 40 30 40 30 30 40 40 40 40 30 90 30 80 80 80 80 80 80 80 80 80 80 80 80 80 80 80 80
40 40 40 40 40 40 40 40 40 40 40 40 40 90 40 40 40 40 40 40 40 40 40 40 40 90 40 40 40 40 40 40 40 40 40 40 40 30 40 40 40 40 40 40 40 40 40 40 30 40 40 40 40 40 40 40 40 40 40 40 40 40 40 40 40 40 40 40 40 40 40 40 40 30 30 40 40 40 40 40 90 90 90 90 90 30 90 40 90 90 40 40 90 90 30 40 40 40 40 40 40 40 40 40 40 40 40 40 40 90 30 30 50 30 40 40 40 40 40 40 40 40 30 40 30 30 30 30 30 30 30 40 40 40 40 30 30 30 50 30 30 30 30 30 30 30 50 50 50 30 30 30 30 30 30 80 80 80 80 80 80 80 80 80 80 80 80 80 80 80 80 80 80 80 80 80 80 80 80 80 80 80 80 80 80 80 80 80 80 80 80 80 80 80 80 80 80 80 80 80 80 80 80 80 80 80 80 80 80 80 80 80 80 80 80 80 80 80 80 80 80 80 30 30 30 10 30 30 30 30 10 10 10 10 30 30 30 30 40 40 40 40 40 40 40 40 40 40 40 40 40 40 40 40 40 40 40 40 40 40 40 40 40 40 40 40 40 40 40 40 40 40 40 40 30 40 40 40 60 60 60 60 60 60 60 60 60 60 60 60 60 60 80 80 80 80 80 80 80 80 80 80 80 80 80 80 80 80 80 80 80 80 80 80 80 80 80 80 80 80 80 80 80 80 80 80 80 80 80 80 80 80 80 80 80 80 80 80 80 80 80 80 80 80 50 30 40 40 40 40 40 40 40 40 40 40 40 40 40 40 40 40 40 40 40 40 40 40 40 40 40 40 30 30 30 40 40 40 40 40 40 90 90 30 80 80 80 80 80 80 80 80 80 80 80 80 80 80 80 80
40 40 40 40 40 40 40 40 40 40 40 40 40 40 40 40 40 40 40 90 40 30 40 40 40 40 40 40 40 40 40 40 40 40 40 40 40 30 40 40 40 40 40 40 40 40 40 30 30 40 40 40 40 40 40 40 40 40 40 40 40 40 40 40 40 40 40 40 40 40 40 40 40 30 30 30 40 40 40 40 30 90 90 90 90 30 40 90 40 40 30 40 90 90 40 40 40 40 40 40 40 40 40 40 40 40 40 40 90 40 30 30 50 30 40 40 40 40 40 40 30 40 40 40 30 30 30 30 30 30 30 30 40 30 30 10 50 50 30 30 30 30 30 30 30 30 30 50 30 30 30 30 30 80 80 80 80 80 80 80 80 80 80 80 80 80 80 80 80 80 80 80 80 80 80 80 80 80 80 80 80 80 80 80 80 80 80 80 80 80 80 80 80 80 80 80 80 80 80 80 80 80 80 80 80 80 80 80 80 80 80 80 80 80 80 80 80 80 80 80 80 80 30 10 30 10 30 30 30 30 10 10 10 10 30 30 30 30 40 40 40 40 40 40 40 40 40 40 40 40 40 40 40 40 40 40 40 40 40 40 40 40 40 40 40 40 40 40 40 40 40 40 40 40 30 40 40 40 60 60 60 60 60 60 60 60 60 60 60 60 60 60 60 60 60 80 80 80 80 80 80 80 80 80 80 80 80 80 80 80 80 80 80 80 80 80 80 80 80 80 80 80 80 80 80 80 80 80 80 80 80 80 80 80 80 80 80 80 80 80 80 80 80 80 30 30 40 40 40 40 40 40 40 40 40 40 40 40 40 40 40 40 40 40 40 40 40 40 30 30 30 30 40 40 40 40 40 40 40 90 40 30 90 30 80 80 80 80 80 80 80 80 80 80 80 80 80 80 80 80
90 40 90 40 40 90 90 90 40 40 40 40 40 40 40 40 40 40 40 90 40 40 40 40 40 30 40 40 40 40 40 40 40 40 40 40 40 30 40 40 40 40 40 40 40 40 40 30 30 50 40 30 30 40 40 40 40 40 40 40 40 40 40 40 40 40 40 40 40 40 40 40 30 30 30 30 40 40 40 40 90 30 90 90 90 90 40 40 40 40 40 40 30 40 40 40 40 40 40 40 40 40 40 40 40 40 40 40 40 40 30 30 30 30 40 40 40 40 40 40 40 40 40 40 30 30 30 30 30 30 30 30 10 50 50 50 30 30 30 30 30 30 30 30 30 30 30 50 50 50 30 30 80 80 80 80 80 80 80 80 80 80 80 80 80 80 80 80 80 80 80 80 80 80 80 80 80 80 80 80 80 80 80 80 80 80 80 80 80 80 80 80 80 80 80 80 80 80 80 80 80 80 80 80 80 80 80 80 80 80 80 80 80 80 80 80 80 80 80 80 80 30 30 10 10 10 30 30 10 30 10 10 10 10 30 30 30 30 40 40 40 40 40 40 40 40 40 40 40 40 40 40 40 40 40 40 40 40 40 40 40 40 40 40 40 40 40 30 30 30 30 50 50 50 30 30 40 40 30 60 60 60 60 60 60 60 60 60 60 60 60 60 60 60 60 80 80 80 80 80 80 80 80 80 80 80 80 80 80 80 80 80 80 80 80 80 80 80 80 80 80 80 80 80 80 80 80 80 80 80 80 80 80 80 80 80 80 80 80 80 80 80 80 80 30 50 40 40 40 40 40 40 40 40 40 40 40 40 40 40 40 40 40 40 40 40 30 30 90 30 40 40 40 40 40 40 40 40 40 40 40 30 30 30 80 80 80 80 80 80 80 80 80 80 80 80 80 80 80 80
90 40 40 40 40 40 40 40 40 40 40 40 40 40 40 40 40 40 40 40 40 40 40 40 40 40 40 40 40 40 40 40 40 40 40 40 40 30 40 40 40 40 40 40 40 40 40 40 30 50 40 40 30 40 40 40 40 40 40 40 40 40 40 40 40 40 40 40 40 40 40 30 30 30 30 30 30 40 40 40 40 90 90 90 90 90 90 40 40 40 40 90 30 40 40 40 40 40 40 40 40 40 40 40 40 40 30 40 40 40 40 30 30 50 40 40 40 40 40 40 40 40 40 40 40 30 30 30 30 30 30 10 10 30 10 50 50 30 50 90 30 30 30 30 40 30 30 50 30 30 30 80 80 80 80 80 80 80 80 80 80 80 80 80 80 80 80 80 80 80 80 80 80 80 80 80 80 80 80 80 80 80 80 80 80 80 80 80 80 80 80 80 80 80 80 80 80 80 80 80 80 80 80 80 80 80 80 80 80 80 80 80 80 80 80 80 80 80 80 80 30 30 30 10 10 10 10 10 10 10 10 10 10 10 30 60 30 30 30 40 40 40 40 40 40 40 40 40 40 40 40 40 40 40 40 40 40 40 40 40 40 40 40 30 30 40 30 50 30 30 50 30 30 50 30 30 40 40 40 60 60 60 60 60 90 60 60 80 80 80 80 80 80 80 80 80 80 80 80 80 80 80 80 80 80 80 80 80 80 80 80 80 80 80 80 80 80 80 80 80 80 80 80 80 80 80 80 80 80 80 80 80 80 80 80 80 80 80 80 80 80 80 80 80 30 30 30 40 40 40 40 40 40 40 40 40 40 40 40 40 40 40 40 40 30 30 30 40 40 40 40 40 40 40 40 40 40 40 40 90 40 30 30 30 80 80 80 80 80 80 80 80 80 80 80 80 80 80 80 80
90 40 40 40 40 40 40 40 40 40 40 40 40 40 40 40 40 40 40 90 30 40 40 40 40 40 40 40 40 40 40 40 40 40 40 40 40 40 40 40 40 40 40 40 30 40 40 40 30 50 30 40 30 40 30 40 40 90 40 40 40 40 40 40 40 40 40 40 30 30 30 30 30 30 30 30 30 40 40 40 40 90 90 90 90 90 90 40 40 40 40 30 40 40 40 40 40 40 40 40 40 40 40 40 40 40 40 40 40 40 40 30 50 50 40 40 40 40 40 40 40 40 40 40 40 30 30 30 30 30 50 50 10 10 50 50 30 30 30 30 90 30 30 30 50 30 30 30 30 30 80 80 80 80 80 80 80 80 80 80 80 80 80 80 80 80 80 80 80 80 80 80 80 80 80 80 80 80 80 80 80 80 80 80 80 80 80 80 80 80 80 80 80 80 80 80 80 80 80 80 80 80 80 80 80 80 80 80 80 80 80 80 80 80 80 80 80 80 80 30 30 30 30 10 10 10 10 10 30 10 10 10 10 10 30 30 30 30 40 40 40 40 40 40 40 40 40 40 40 40 40 40 40 40 40 40 40 40 40 40 40 40 40 30 30 40 30 50 30 30 30 30 50 50 30 30 40 40 30 30 30 60 50 60 60 60 80 80 80 80 80 80 80 80 80 80 80 80 80 80 80 80 80 80 80 80 80 80 80 80 80 80 80 80 80 80 80 80 80 80 80 80 80 80 80 80 80 80 80 80 80 80 80 80 80 80 80 80 80 80 80 80 80 80 30 30 30 40 40 40 40 40 40 40 40 40 40 40 40 40 40 40 30 30 30 40 30 40 40 40 40 40 40 40 40 40 40 40 40 90 40 40 30 30 90 80 80 80 80 80 80 80 80 80 80 80 80 80 80 80
90 40 40 40 40 40 40 40 40 40 90 90 90 90 40 40 90 40 40 40 30 30 40 40 40 40 40 40 40 40 40 40 40 40 40 40 40 30 40 40 40 40 40 40 40 40 40 30 30 30 50 30 30 30 30 30 30 30 30 30 30 50 50 50 50 30 30 30 30 30 30 30 30 30 30 30 30 30 40 40 40 40 30 90 90 90 90 40 40 40 30 30 40 40 40 40 40 40 40 40 40 40 40 40 40 40 40 30 40 40 40 30 30 30 40 40 40 40 40 40 40 40 40 40 40 40 30 30 30 30 50 50 50 30 50 50 50 30 30 30 30 30 30 50 30 30 30 90 80 80 80 80 80 80 80 80 80 80 80 80 80 80 80 80 80 80 80 80 80 80 80 80 80 80 80 80 80 80 80 80 80 80 80 80 80 80 80 80 80 80 80 80 80 80 80 80 80 80 80 80 80 80 80 80 80 80 80 80 80 80 80 80 80 80 80 80 80 80 90 30 30 30 30 10 10 10 10 10 10 10 10 10 10 10 30 30 30 30 30 40 40 40 40 40 40 40 40 40 40 40 40 40 40 40 40 40 40 40 40 40 40 40 30 30 30 30 30 30 30 30 50 50 30 50 30 30 30 30 30 30 60 60 60 60 60 90 80 80 80 80 80 80 80 80 80 80 80 80 80 80 80 80 80 80 80 80 80 80 80 80 80 80 80 80 80 80 80 80 80 80 80 80 80 80 80 80 80 80 80 80 80 80 80 80 80 80 80 80 80 80 80 80 80 80 30 30 30 40 40 40 40 40 40 40 40 40 40 40 40 30 30 40 40 40 40 40 40 40 40 40 40 40 40 40 40 40 40 40 40 40 40 40 30 30 60 80 80 80 80 80 80 80 80 80 80 80 80 80 80 80
90 90 90 90 40 40 90 40 40 40 90 40 40 90 40 40 90 90 40 40 30 30 40 90 30 40 40 40 40 40 40 40 40 30 30 30 30 30 40 40 40 40 30 30 30 40 30 30 30 30 30 30 30 30 30 30 30 30 30 30 30 30 30 30 30 30 30 30 30 90 30 90 30 30 30 30 30 30 40 40 40 40 90 90 90 90 90 90 40 30 90 40 40 40 40 40 40 40 40 40 40 40 40 40 40 40 40 40 40 40 40 40 30 50 50 40 40 40 40 40 40 40 40 40 40 40 40 30 30 30 30 50 50 30 30 50 50 50 30 30 30 80 30 90 30 30 80 80 80 80 80 80 80 80 80 80 80 80 80 80 80 80 80 80 80 80 80 80 80 80 80 80 80 80 80 80 80 80 80 80 80 80 80 80 80 80 80 80 80 80 80 80 80 80 80 80 80 80 80 80 80 80 80 80 80 80 80 80 80 80 80 80 80 80 80 80 80 80 30 30 30 30 30 30 30 30 30 30 30 30 30 30 10 10 30 30 30 30 30 40 40 40 40 40 40 40 40 40 40 40 40 40 30 40 40 40 40 40 40 40 30 30 50 30 30 30 50 30 30 30 50 30 50 50 30 40 30 30 30 30 60 30 30 60 60 80 80 80 80 80 80 80 80 60 80 80 80 90 90 80 80 80 80 80 80 80 80 80 80 80 80 80 80 80 80 80 80 80 80 80 80 80 80 80 80 80 80 80 80 80 80 80 80 80 80 80 80 80 80 80 80 80 80 80 30 30 30 40 40 40 40 40 40 40 40 40 40 30 30 40 40 40 40 40 40 40 40 40 40 40 40 40 40 40 40 40 40 40 40 40 40 40 30 30 30 80 80 80 80 80 80 80 80 80 80 80 80 80 80 80
40 40 40 40 40 40 40 40 40 40 40 40 40 40 40 40 40 40 40 40 30 90 40 40 40 40 40 40 40 40 40 40 40 40 40 40 40 40 40 40 40 40 40 40 40 40 40 40 40 40 40 30 40 30 30 30 30 30 30 30 30 40 40 40 40 40 40 40 40 40 40 40 40 40 90 30 30 30 40 40 40 40 40 90 90 90 90 90 30 40 40 40 40 40 40 40 40 40 40 40 40 40 40 40 40 40 40 40 40 40 40 40 30 30 50 40 40 40 40 40 40 40 40 40 40 40 40 30 30 30 50 30 30 30 30 30 30 30 30 80 80 80 80 80 80 80 80 80 80 80 80 80 80 80 80 80 80 80 80 80 80 80 80 80 80 80 80 80 80 80 80 80 80 80 80 80 80 80 80 80 80 80 80 80 80 80 80 80 80 80 80 80 80 80 80 80 80 80 80 80 80 80 80 80 80 80 80 80 80 80 80 80 80 80 80 80 80 30 50 30 30 30 30 30 40 40 40 40 40 40 30 30 10 10 30 60 30 30 30 40 40 40 40 40 40 40 40 40 40 40 40 40 40 40 40 40 40 40 40 30 30 30 30 30 30 30 50 30 30 30 30 30 50 30 30 30 30 30 30 50 60 60 60 60 60 60 80 80 80 80 80 80 80 80 80 80 80 80 90 80 80 80 80 80 80 80 80 80 80 80 80 80 80 80 80 80 80 80 80 80 80 80 80 80 80 80 80 80 80 80 80 80 80 80 80 80 80 80 80 80 80 80 80 80 30 30 30 30 40 40 40 40 40 30 30 40 40 40 40 40 40 40 40 40 40 40 40 40 40 40 40 40 40 40 40 40 40 40 40 40 40 40 90 30 60 80 80 80 80 80 80 80 80 80 80 80 80 80 80 80
40 40 40 40 40 40 40 40 40 40 40 40 40 90 40 40 40 40 40 40 30 30 40 40 40 40 40 40 40 40 40 40 40 40 40 40 40 40 40 40 40 40 40 40 40 40 40 40 40 40 40 40 40 40 40 40 30 90 90 90 40 40 40 40 40 40 40 40 40 40 40 40 40 40 40 30 30 30 40 40 40 40 40 30 30 30 40 40 40 40 40 40 40 40 40 40 40 40 40 40 40 40 40 40 40 40 40 40 40 40 40 30 30 30 30 40 40 40 40 40 40 40 40 40 40 40 40 40 50 50 50 30 30 30 30 30 30 30 30 80 80 80 80 80 80 80 80 80 80 80 80 80 80 80 80 80 80 80 80 80 80 80 80 80 80 80 80 80 80 80 80 80 80 80 80 80 80 80 80 80 80 80 80 80 80 80 80 80 80 80 80 80 80 80 80 80 80 80 80 80 80 80 80 80 80 80 80 80 80 80 80 80 80 80 80 80 30 50 30 30 30 50 30 30 40 40 40 40 40 40 40 30 10 30 30 60 30 30 30 40 40 40 40 40 40 40 40 40 40 40 40 40 40 40 40 40 40 40 40 30 30 10 30 30 30 30 30 30 30 30 30 30 30 30 30 30 30 30 30 50 50 60 60 60 60 60 80 80 80 80 80 80 80 80 60 90 90 80 80 90 90 80 80 90 80 80 80 80 80 80 80 80 80 80 80 80 80 80 80 80 80 80 80 80 80 80 80 80 80 80 80 80 80 80 80 80 80 80 80 80 80 80 80 80 30 30 30 30 40 40 40 30 30 30 40 40 40 40 40 40 40 40 40 40 40 40 40 40 40 40 40 40 40 40 40 30 40 40 40 40 40 90 30 30 90 80 80 80 80 80 80 80 80 80 80 80 80 80 80 80
90 90 90 90 40 90 90 90 90 90 40 40 40 40 40 40 40 40 40 40 30 40 40 40 40 40 40 40 40 40 40 40 40 40 40 40 40 40 40 40 40 40 40 40 40 40 40 40 40 40 40 40 40 40 40 40 30 40 40 40 40 40 40 40 40 40 40 40 40 40 40 40 40 40 40 40 30 30 30 40 40 30 30 90 30 30 40 40 40 40 40 40 40 40 40 40 40 40 40 40 40 40 40 40 40 40 40 40 40 40 30 40 40 30 50 50 40 40 40 40 40 40 40 40 40 30 30 30 50 50 50 50 30 30 30 30 30 30 90 80 80 80 80 80 80 80 80 80 80 80 80 80 80 80 80 80 80 80 80 80 80 80 80 80 80 80 80 80 80 80 80 80 80 80 80 80 80 80 80 80 80 80 80 80 80 80 80 80 80 80 80 80 80 80 80 80 80 80 80 80 80 80 80 80 80 80 80 80 80 80 80 80 80 80 80 30 30 30 30 30 30 30 30 40 40 40 40 40 40 40 40 30 30 30 30 30 30 30 30 40 40 40 40 40 40 40 40 40 40 40 40 40 40 40 40 40 40 40 40 40 50 30 30 30 30 30 30 30 30 30 30 30 30 30 30 30 30 30 30 30 50 30 60 60 60 60 80 80 80 80 80 80 80 60 80 80 90 90 80 90 80 80 80 80 80 80 80 80 80 90 80 80 80 80 80 80 80 80 80 80 80 80 80 80 80 80 80 80 80 80 80 80 80 80 80 80 80 80 80 80 80 80 80 30 50 90 30 30 40 30 30 40 40 40 40 40 40 40 40 40 40 40 40 40 40 40 40 40 40 40 40 40 40 40 40 40 40 40 40 40 40 90 40 30 30 80 80 80 80 80 80 80 80 80 80 80 80 80 80 80
90 90 40 40 40 90 40 90 40 90 40 40 40 40 40 40 40 40 40 40 30 90 40 40 40 40 40 40 40 40 40 40 40 40 40 40 40 40 40 40 40 40 40 40 40 40 40 40 40 40 40 40 40 40 40 40 90 90 40 40 40 40 40 40 40 40 40 40 40 40 40 40 40 40 40 40 30 30 30 30 90 90 90 90 90 40 40 40 40 40 40 40 40 40 40 40 40 40 40 40 40 40 40 40 40 40 40 40 40 40 40 40 40 30 30 50 40 40 40 40 40 40 40 40 30 30 30 30 60 50 50 50 50 30 30 30 30 30 90 80 80 80 80 80 80 80 80 80 80 80 80 80 80 80 80 80 80 80 80 80 80 80 80 80 80 80 80 80 80 80 80 80 80 80 80 80 80 80 80 80 80 80 80 80 80 80 80 80 80 80 80 80 80 80 80 80 80 80 80 80 80 80 80 80 80 80 80 80 80 80 80 80 80 80 30 30 30 30 30 30 30 30 30 40 40 40 40 40 40 40 40 30 30 30 30 30 30 30 30 40 40 40 40 40 40 40 40 40 40 40 40 40 40 40 40 40 40 40 30 40 50 10 30 30 30 30 30 90 30 30 30 30 30 30 30 30 30 30 30 30 30 30 30 30 30 60 30 60 80 80 80 80 80 80 80 80 80 90 90 80 80 80 80 80 80 80 80 80 90 80 80 80 80 80 80 80 80 80 80 80 80 80 80 80 80 80 80 80 80 80 80 80 80 80 80 80 80 80 80 80 80 80 80 50 30 90 90 30 30 40 40 40 40 40 40 40 40 40 40 40 40 40 40 40 40 40 40 40 40 40 40 40 30 40 40 40 40 40 40 40 40 90 40 30 30 80 80 80 80 80 80 80 80 80 80 80 80 80 80 80
40 40 40 40 40 40 40 40 40 40 90 40 40 40 40 40 40 40 40 40 90 90 40 40 40 40 40 40 40 40 40 40 40 40 40 40 40 40 40 40 40 40 40 40 40 40 40 40 40 40 40 40 40 40 40 40 40 90 40 90 40 40 40 40 40 40 40 40 40 40 40 40 40 40 40 40 30 30 30 30 40 40 40 40 40 40 30 40 40 30 40 40 40 40 40 40 40 40 40 40 40 40 40 40 40 40 40 40 40 40 40 40 40 30 30 50 40 40 40 40 40 40 30 30 30 30 30 30 30 50 50 30 30 30 30 30 30 30 80 80 80 80 80 80 80 80 80 80 80 80 80 80 80 80 80 80 80 80 80 80 80 80 80 80 80 80 80 80 80 80 80 80 80 80 80 80 80 80 80 80 80 80 80 80 80 80 80 80 80 80 80 80 80 80 80 80 80 80 80 80 80 80 80 80 80 80 80 80 80 80 80 80 80 30 30 30 30 30 30 30 30 30 30 40 40 40 40 40 40 30 30 30 30 30 30 60 30 30 30 40 40 40 40 40 40 40 40 40 40 40 40 40 40 40 40 40 40 40 30 50 50 10 30 30 30 30 30 90 90 30 30 30 30 30 30 30 30 30 30 30 30 30 30 60 60 50 60 10 60 30 50 80 80 80 80 90 90 90 90 80 80 80 80 80 80 80 80 80 80 80 80 80 80 80 80 80 80 80 80 80 80 80 80 80 80 80 80 80 80 80 80 80 80 80 80 80 80 80 80 80 80 80 30 30 30 90 90 30 30 40 40 40 40 40 40 40 40 40 40 40 40 40 40 40 40 40 40 40 40 40 40 40 40 40 40 40 40 40 40 40 40 40 40 30 30 80 80 80 80 80 80 80 80 80 80 80 80 80 80 80
40 40 40 40 40 40 40 40 40 40 40 40 40 40 40 40 40 40 40 40 90 90 40 40 40 40 40 40 40 40 40 40 40 40 40 40 40 40 40 40 40 40 40 40 40 40 40 40 40 40 40 40 40 40 40 40 30 40 90 90 40 40 40 40 40 40 40 40 40 40 40 40 40 40 40 40 40 30 30 30 30 40 40 40 40 40 90 40 90 40 40 40 40 40 40 40 40 40 40 40 40 40 40 40 40 40 40 40 40 40 40 40 40 40 30 50 50 40 40 40 30 30 30 30 30 30 30 30 30 50 50 30 30 30 30 30 30 80 80 80 80 80 80 80 80 80 80 80 80 80 80 80 80 80 80 80 80 80 80 80 80 80 80 80 80 80 80 80 80 80 80 80 80 80 80 80 80 80 80 80 80 80 80 80 80 80 80 80 80 80 80 80 80 80 80 80 80 80 80 80 80 80 80 80 80 80 80 80 80 80 80 80 80 30 30 30 30 30 30 30 30 30 30 40 40 40 40 30 30 30 30 30 30 30 30 60 30 30 30 40 40 40 40 40 40 40 40 40 40 40 40 40 40 40 40 40 40 40 30 30 10 30 30 30 30 30 30 90 90 90 90 90 30 30 30 30 30 30 30 30 30 30 90 90 80 80 80 80 90 90 10 10 30 30 80 80 80 80 80 80 80 80 80 80 80 80 80 80 80 80 80 80 80 80 80 80 80 80 80 30 30 30 80 80 80 80 80 80 80 80 80 80 80 80 80 80 80 80 80 80 80 10 80 30 30 30 90 90 30 30 40 90 40 40 40 40 40 40 40 40 40 40 40 40 40 40 40 40 40 30 40 40 40 40 40 40 40 40 40 40 40 40 40 30 30 80 80 80 80 80 80 80 80 80 80 80 80 80 80 80
90 40 40 40 40 40 40 40 40 40 40 90 40 40 40 40 40 40 40 40 40 90 40 40 40 40 40 40 40 40 40 40 40 40 40 40 40 40 40 40 40 40 40 40 40 40 40 40 40 40 40 40 40 40 40 40 30 40 90 90 40 40 40 40 40 40 40 40 40 40 40 40 40 40 40 40 40 30 90 30 30 40 40 40 40 40 40 40 40 40 40 40 40 40 40 40 40 40 30 40 40 40 40 40 40 40 40 40 40 40 40 40 40 40 30 30 30 30 30 30 50 30 30 30 30 30 30 30 30 30 30 30 30 30 30 80 80 80 80 80 80 80 80 80 80 80 80 80 80 80 80 80 80 80 80 80 80 80 80 80 80 80 80 80 80 80 80 80 80 80 80 80 80 80 80 80 80 80 80 80 80 80 80 80 80 80 80 80 80 80 80 80 80 80 80 80 80 80 80 80 80 80 80 80 80 80 80 80 80 80 80 80 80 30 30 30 30 30 30 30 30 30 30 40 40 40 40 30 30 30 30 30 10 30 30 30 30 30 30 40 40 40 40 40 40 40 40 40 40 40 40 40 40 40 40 40 40 40 30 50 10 30 30 30 10 30 30 90 90 90 90 50 30 30 90 90 30 30 30 30 30 30 30 80 80 80 80 80 80 80 80 90 80 10 60 10 10 30 80 80 80 80 80 80 80 80 80 80 80 80 80 80 80 80 80 30 30 30 30 30 30 30 30 80 80 80 80 80 80 80 80 80 80 80 80 80 80 80 80 80 60 80 80 30 30 30 30 90 90 30 90 40 40 40 40 40 40 30 40 40 40 40 40 40 40 40 40 40 40 40 40 40 40 40 40 40 40 40 40 40 40 40 40 40 30 80 80 80 80 80 80 80 80 80 80 80 80 80 80 80
40 40 40 40 40 40 40 40 40 40 40 90 40 40 40 40 40 90 90 40 40 90 40 40 40 40 40 40 40 40 40 40 40 40 40 40 40 40 40 40 40 40 40 40 40 40 40 40 40 40 40 40 40 40 40 40 90 90 90 90 40 40 40 40 40 40 40 40 40 40 40 40 40 40 40 40 40 90 30 30 30 40 40 40 40 40 40 40 40 40 40 40 40 40 40 40 30 30 30 40 30 30 30 40 40 40 40 40 40 40 40 40 40 40 40 30 50 50 30 30 10 30 30 50 50 30 30 30 30 30 30 30 30 30 80 80 80 80 80 80 80 80 80 80 80 80 80 80 80 80 80 80 80 80 80 80 80 80 80 80 80 80 80 80 80 80 80 80 80 80 80 80 80 80 80 80 80 80 80 80 80 80 80 80 80 80 80 80 80 80 80 80 80 80 80 80 80 80 80 80 80 80 80 80 80 80 80 80 80 80 80 80 30 30 30 30 30 30 30 30 30 30 30 40 40 40 40 30 50 50 30 30 10 30 30 30 30 30 30 40 40 40 40 40 40 40 40 40 40 40 40 40 40 40 40 40 40 40 30 50 30 30 30 30 50 30 90 90 90 90 30 30 30 30 30 30 30 40 40 40 30 30 30 80 80 80 80 80 80 80 80 80 80 80 80 80 90 90 10 50 50 80 80 80 30 30 30 80 80 80 80 80 80 80 80 30 30 30 30 30 30 30 30 30 30 30 30 80 80 80 80 80 80 80 80 80 80 80 80 80 80 80 80 80 80 80 80 90 90 30 30 40 40 40 40 40 40 40 40 40 40 40 40 40 40 40 40 40 40 40 40 40 40 40 40 40 40 40 40 40 40 40 40 40 30 80 80 80 80 80 80 80 80 80 80 80 80 80 80 80
40 40 40 40 40 40 40 40 40 40 40 40 40 40 40 40 40 40 30 40 40 40 40 40 40 40 40 40 40 40 40 40 40 40 40 40 40 40 40 40 40 40 40 40 40 40 40 40 40 40 40 40 40 40 40 40 90 90 90 90 40 40 40 40 40 40 40 40 40 40 40 40 40 40 40 40 40 40 30 30 30 30 40 40 40 40 40 40 40 40 40 40 30 30 30 30 30 30 30 10 30 50 30 40 40 40 40 40 40 40 40 40 40 30 30 30 30 50 30 30 50 30 30 50 30 30 30 30 30 30 30 30 30 80 80 80 80 80 80 80 80 80 80 80 80 80 80 80 80 80 80 80 80 80 80 80 80 80 80 80 80 80 80 80 80 80 80 80 80 80 80 80 80 80 80 80 80 80 80 80 80 80 80 80 80 80 80 80 80 80 80 80 80 80 80 80 80 80 80 80 80 80 80 80 80 80 80 80 80 80 80 80 30 30 30 30 30 30 30 30 30 30 40 40 40 40 40 50 50 50 30 30 10 30 30 30 30 30 30 40 40 40 40 40 40 40 40 40 40 40 40 40 40 40 40 40 40 40 30 50 30 30 30 30 30 30 90 90 50 30 90 90 30 30 30 30 30 40 40 40 30 30 30 80 80 80 80 80 80 80 80 80 80 80 80 80 80 80 80 90 90 90 90 60 10 30 30 30 80 80 80 80 80 80 40 60 30 30 40 40 40 40 30 30 30 30 30 30 80 80 80 80 80 80 80 80 80 80 60 80 80 80 80 80 80 80 80 80 90 90 30 40 40 40 40 40 40 40 40 40 40 40 40 40 40 40 40 40 40 40 40 40 40 40 40 40 40 40 40 40 40 40 40 40 30 90 80 80 80 80 80 80 80 80 80 80 80 80 80 80
40 40 40 40 40 40 40 40 40 40 40 40 40 40 40 40 40 40 40 40 40 90 90 90 90 40 40 40 40 40 40 40 40 40 40 40 40 40 40 40 40 40 30 40 40 40 40 30 30 40 40 40 40 40 40 40 30 40 40 40 40 40 40 40 40 40 40 40 40 40 40 40 40 40 40 40 40 40 30 30 30 30 40 40 40 40 40 40 40 30 30 30 30 30 30 30 30 30 30 50 50 50 50 40 40 40 40 40 40 40 40 40 30 30 30 30 30 30 50 30 30 30 30 30 50 30 30 30 30 30 30 30 30 80 80 80 80 80 80 80 80 80 80 80 80 80 80 80 80 80 80 80 80 80 80 80 80 80 80 80 80 80 80 80 80 80 80 80 80 80 80 80 80 80 80 80 80 80 80 80 80 80 80 80 80 80 80 80 80 80 80 80 80 80 80 80 80 80 80 80 80 80 80 80 80 80 80 80 80 80 80 30 30 30 50 30 30 30 30 30 30 30 30 40 40 40 30 30 50 50 30 30 30 30 30 60 30 30 30 40 40 40 40 40 40 40 40 40 40 40 40 40 40 40 40 40 40 40 30 50 30 30 30 30 90 90 90 30 30 30 90 90 30 30 30 30 40 40 40 40 40 30 30 80 80 80 80 80 80 80 80 80 80 80 80 80 80 80 80 80 80 80 80 80 80 90 60 10 60 30 80 80 80 30 60 30 30 40 40 40 40 40 40 30 30 30 30 30 30 80 80 80 80 80 80 80 80 60 80 80 80 80 80 80 80 80 80 80 90 90 30 40 40 40 40 40 40 40 40 40 40 40 40 40 40 40 40 40 40 40 40 40 40 40 40 40 40 40 40 40 40 40 40 40 30 90 80 80 80 80 80 80 80 80 80 80 80 80 80 80
40 90 90 90 40 40 40 40 40 40 90 40 40 40 40 40 40 40 40 40 30 90 40 40 40 40 40 40 40 40 40 40 40 40 40 40 40 40 40 40 40 40 40 40 40 40 40 40 90 40 40 40 40 40 40 40 30 90 90 90 30 40 40 40 40 40 40 40 40 40 40 40 40 40 40 40 40 40 90 30 30 30 40 40 40 40 40 30 40 40 40 40 30 30 30 30 30 30 30 50 50 50 50 30 30 40 40 40 40 40 40 40 30 30 30 40 30 30 50 30 30 30 30 10 50 30 30 30 30 30 30 30 80 80 80 80 80 80 80 80 80 80 80 80 80 80 80 80 80 80 80 80 80 80 80 80 80 80 80 80 80 80 80 80 80 80 80 80 80 80 80 80 80 80 80 80 80 80 80 80 80 80 80 80 80 80 80 80 80 80 80 80 80 80 80 80 80 80 80 80 80 80 80 80 80 80 80 80 80 80 80 30 30 30 30 30 30 30 30 30 30 30 30 40 40 30 30 50 30 30 30 30 30 30 30 30 30 30 30 40 40 40 40 40 40 40 40 40 40 40 40 40 40 40 40 40 40 40 30 50 50 30 30 50 30 30 50 30 90 90 90 90 90 30 30 30 40 40 40 40 30 30 90 80 80 80 80 80 80 80 80 80 80 80 80 80 80 80 80 80 80 80 80 80 80 80 80 80 80 90 90 30 30 30 60 30 40 40 40 40 40 40 40 40 40 40 30 30 30 30 30 80 80 80 80 80 80 60 80 60 60 80 80 80 80 80 80 80 80 30 30 40 40 40 40 40 40 40 40 40 40 40 40 40 40 40 40 40 40 40 40 40 40 40 40 40 40 40 40 40 40 40 40 40 30 90 80 80 80 80 80 80 80 80 80 80 80 80 80 80
40 40 40 40 40 40 40 40 40 90 90 90 40 40 40 90 40 90 90 40 40 90 40 40 40 40 40 40 40 40 40 40 40 40 40 40 40 40 40 40 40 40 40 40 40 40 40 40 40 40 40 40 40 40 40 40 30 40 40 40 30 40 40 40 40 40 40 40 40 40 40 40 40 40 40 40 40 40 40 30 90 50 40 40 30 30 40 40 40 40 40 40 40 30 30 30 30 30 30 50 50 50 50 30 30 40 40 40 40 40 40 40 30 30 30 40 30 30 30 50 30 30 30 50 10 50 30 30 30 30 30 30 80 80 80 80 80 80 80 80 80 80 80 80 80 80 80 80 80 80 80 80 80 80 80 80 80 80 80 80 80 80 80 80 80 80 80 80 80 80 80 80 80 80 80 80 80 80 80 80 80 80 80 80 80 80 80 80 80 80 80 80 80 80 80 80 80 80 80 80 80 80 80 80 80 80 80 80 80 80 30 30 30 30 50 30 30 30 30 30 30 30 30 30 30 30 30 30 50 30 30 30 30 30 30 30 30 30 30 40 40 40 40 40 40 40 40 40 40 40 40 40 40 40 40 40 40 40 30 50 30 30 30 50 50 10 90 90 90 90 90 90 90 90 30 30 40 40 40 40 30 30 90 80 80 80 80 80 80 80 80 80 80 80 80 80 80 80 80 80 80 80 80 80 80 80 80 80 80 80 80 60 60 30 30 40 40 40 40 40 40 40 40 40 40 40 40 30 30 30 30 30 30 80 80 80 50 80 50 50 50 50 80 80 80 80 80 80 80 30 30 30 40 40 40 40 40 40 40 40 40 40 40 40 40 40 40 40 40 40 40 40 40 40 40 40 40 40 40 40 40 40 40 40 30 30 80 80 80 80 80 80 80 80 80 80 80 80 80 80
40 40 40 40 40 40 40 40 40 40 90 90 40 40 40 40 40 40 90 40 40 40 40 40 40 40 40 40 40 40 40 40 40 40 40 40 40 40 40 40 40 40 40 40 40 40 40 40 40 40 40 40 40 40 40 40 30 90 40 40 30 40 40 40 40 40 40 40 40 40 40 40 40 40 40 40 40 40 40 40 90 30 30 40 40 40 40 40 40 40 40 40 40 30 30 30 30 30 30 30 30 30 30 30 30 40 40 40 40 40 40 40 30 30 30 30 40 30 50 50 30 30 30 50 10 50 30 30 30 30 30 80 80 80 80 80 80 80 80 80 80 80 80 80 80 80 80 80 80 80 80 80 80 80 80 80 80 80 80 80 80 80 80 80 80 80 80 80 80 80 80 80 80 80 80 80 80 80 80 80 80 80 80 80 80 80 80 80 80 80 80 80 80 80 80 80 80 80 80 80 80 80 80 80 80 80 80 80 80 80 30 30 30 30 30 30 30 30 30 30 30 30 50 10 10 10 10 50 80 80 30 30 30 30 30 30 30 30 30 40 40 40 40 40 40 40 40 40 40 40 40 40 40 40 40 40 40 30 50 30 30 30 30 50 50 30 90 90 90 90 90 90 90 90 30 30 40 40 40 40 30 30 80 80 80 80 80 80 80 80 80 80 80 80 80 80 80 80 80 80 80 80 80 80 80 80 80 80 80 80 90 80 30 30 40 40 40 40 40 40 40 40 40 40 40 40 40 40 40 30 30 30 30 60 60 60 30 10 50 50 50 60 80 80 80 80 80 80 80 30 30 30 30 40 40 40 40 40 40 40 40 40 40 40 40 40 40 40 40 40 40 40 40 40 40 40 40 40 40 40 40 40 40 40 40 30 80 80 80 80 80 80 80 80 80 80 80 80 80 80
40 40 40 40 40 40 40 40 40 90 90 90 90 40 40 40 40 40 40 40 40 90 40 40 40 40 40 40 90 90 40 40 40 40 90 40 40 40 40 40 40 40 40 40 40 40 40 40 30 40 40 30 40 90 40 40 30 90 90 90 90 90 90 90 90 40 40 40 40 40 40 40 40 40 40 40 40 40 40 30 30 30 30 40 40 40 40 40 40 40 40 40 40 30 30 50 50 50 30 30 30 30 30 30 30 40 40 40 40 40 40 40 30 30 40 40 40 30 30 30 50 30 30 30 50 50 30 30 30 30 30 80 80 80 80 80 80 80 80 80 80 80 80 80 80 80 80 80 80 80 80 80 80 80 80 80 80 80 80 80 80 80 80 80 80 80 80 80 80 80 80 80 80 80 80 80 80 80 80 80 80 80 80 80 80 80 80 80 80 80 80 80 80 80 80 80 80 80 80 80 80 80 80 80 80 80 80 80 80 80 30 30 30 30 30 30 30 30 30 50 50 50 50 10 10 10 10 30 80 80 30 30 30 30 30 50 30 30 30 40 40 40 40 40 40 40 40 40 40 40 40 40 40 40 40 40 30 30 30 30 30 30 30 30 30 30 90 90 90 80 80 90 90 90 30 30 40 40 40 40 30 90 80 80 80 80 80 80 80 80 80 80 80 80 80 80 80 80 80 80 80 80 80 80 80 80 80 80 80 90 80 80 30 40 40 40 40 40 40 40 40 40 40 40 40 40 40 40 40 40 40 30 30 50 50 60 30 60 60 60 50 60 80 80 80 80 80 80 80 80 30 30 30 40 40 40 40 40 40 40 40 40 40 40 40 40 40 40 40 40 40 40 40 40 40 40 40 40 40 40 90 40 40 30 40 30 60 80 80 80 80 80 80 80 80 80 80 80 80 80
40 40 40 40 40 90 40 90 90 40 40 40 30 90 40 90 90 90 90 40 40 90 40 40 40 40 40 40 40 40 90 90 90 90 40 40 40 40 40 40 40 40 40 40 40 40 40 40 40 40 40 40 90 40 40 40 40 40 40 40 30 40 40 90 90 40 40 40 40 40 40 40 40 40 40 40 40 40 40 30 30 40 30 30 40 40 40 40 40 40 40 40 40 30 30 50 30 30 30 30 30 30 30 30 30 40 40 40 40 40 40 40 40 40 40 40 30 30 30 30 50 30 30 30 30 30 30 30 30 30 80 80 80 80 80 80 80 80 80 80 80 80 80 80 80 80 80 80 80 80 80 80 80 80 80 80 80 80 80 80 80 80 80 80 80 80 80 80 80 80 80 80 80 80 80 80 80 80 80 80 80 80 80 80 80 80 80 80 80 80 80 80 80 80 80 80 80 80 80 80 80 80 80 80 80 80 80 80 80 80 30 30 30 30 50 50 30 30 50 50 50 50 30 30 10 10 10 30 30 30 30 30 30 30 30 30 30 30 30 30 40 40 40 40 40 40 40 40 40 40 40 40 40 30 30 30 30 30 30 30 30 50 30 30 30 30 30 90 90 80 80 90 90 90 90 30 30 40 40 30 30 90 80 80 80 80 80 80 80 80 80 80 80 80 80 80 80 80 80 80 80 80 80 80 80 80 80 80 80 90 30 30 40 40 40 40 40 40 40 40 40 40 40 40 40 40 40 40 40 40 40 30 30 30 30 50 60 50 60 30 30 60 80 80 80 80 80 80 80 80 30 30 30 40 40 40 40 40 40 40 40 40 40 40 40 40 40 40 40 40 40 40 40 40 40 40 40 40 40 40 40 40 40 40 40 30 80 80 80 80 80 80 80 80 80 80 80 80 80 80
40 40 40 40 40 90 90 90 90 40 40 40 40 40 40 40 40 40 40 40 40 40 40 40 40 40 40 40 40 40 40 40 40 40 40 40 40 40 40 40 40 40 40 40 40 40 90 40 40 40 40 40 40 40 40 40 40 40 40 40 30 40 40 40 90 40 40 40 40 40 40 40 40 40 40 40 40 40 40 30 30 90 30 30 40 40 40 40 30 30 30 30 30 30 30 30 30 30 30 30 30 30 30 40 40 40 40 40 40 40 40 40 40 40 40 40 30 30 30 50 30 30 30 30 30 30 90 30 30 30 80 80 80 80 80 80 80 80 80 80 80 80 80 80 80 80 80 80 80 80 80 80 80 80 80 80 80 80 80 80 80 80 80 80 80 80 80 80 80 80 80 80 80 80 80 80 80 80 80 80 80 80 80 80 80 80 80 80 80 80 80 80 80 80 80 80 80 80 80 80 90 80 80 80 80 80 80 80 80 30 30 30 30 50 30 30 30 30 50 50 50 50 50 50 10 10 10 30 30 30 30 30 30 30 30 60 30 30 30 30 30 30 30 30 30 40 40 30 30 40 40 30 30 30 30 30 30 60 30 30 30 30 30 30 30 30 30 30 90 80 80 90 30 90 30 30 30 30 30 30 30 80 80 80 80 80 80 80 80 80 80 80 80 80 80 80 80 80 80 80 80 80 80 80 80 80 80 80 90 90 30 30 40 40 40 40 40 40 40 40 40 40 40 40 40 40 40 40 40 40 40 40 40 40 30 30 50 30 30 90 90 80 80 80 80 80 80 80 80 80 80 90 30 30 40 40 40 40 40 40 40 40 40 40 40 40 40 40 40 40 40 40 40 40 40 40 40 40 40 40 40 40 40 40 40 40 60 80 80 80 80 80 80 80 80 80 80 80 80 80
40 40 40 40 40 90 90 90 90 40 40 40 40 40 40 40 40 40 40 40 40 40 40 40 40 40 40 40 40 40 40 40 40 40 40 40 40 40 40 40 40 40 40 40 40 40 40 40 40 40 40 40 40 40 40 40 30 90 90 90 30 40 90 90 30 40 40 40 40 30 40 40 40 90 90 90 90 40 90 30 30 90 30 50 30 30 30 30 30 30 30 30 30 50 30 30 30 30 30 50 50 50 50 50 50 50 30 30 50 30 40 30 30 50 40 30 30 30 30 30 30 50 30 30 30 30 30 30 30 30 80 80 80 80 80 80 80 80 80 80 80 80 80 80 80 80 80 80 80 80 80 80 80 80 80 80 80 80 80 80 80 80 80 80 80 80 80 80 80 80 80 80 80 80 80 80 80 80 80 80 80 80 80 80 80 80 80 80 80 80 80 80 80 80 80 80 80 80 80 90 80 80 80 80 80 80 80 80 30 30 30 30 30 30 30 30 30 50 50 50 50 50 50 50 10 10 10 10 30 30 30 30 30 30 30 60 30 30 30 30 50 30 30 30 40 40 30 30 40 40 40 30 30 50 30 50 30 60 50 50 50 50 30 30 30 30 50 30 90 90 90 30 30 30 90 30 90 30 30 30 90 80 80 80 80 80 80 80 80 80 80 80 80 80 80 80 80 80 80 80 80 80 80 80 80 80 80 80 90 30 30 30 40 40 40 40 40 40 40 40 40 40 40 40 40 40 40 40 40 40 40 40 40 40 40 40 30 30 30 90 90 80 80 80 80 80 80 80 80 80 80 80 90 30 40 40 40 40 40 40 40 40 40 40 40 40 40 40 40 40 40 40 40 40 30 30 40 40 30 30 90 90 90 30 30 30 60 80 80 80 80 80 80 80 80 80 80 80 80 80
40 40 40 40 40 90 90 90 90 40 40 40 40 40 40 40 40 90 90 40 40 40 40 40 40 40 40 40 40 40 40 90 40 40 40 40 40 40 40 40 40 40 40 40 40 40 40 40 90 40 40 90 90 30 30 30 30 30 30 90 30 90 90 30 30 30 40 30 30 40 40 40 40 40 40 40 40 40 40 30 30 90 30 50 30 30 30 30 30 30 30 30 50 30 50 30 30 30 30 30 50 50 30 50 50 50 50 30 50 50 50 50 50 50 50 50 50 50 50 30 50 30 30 30 30 30 30 90 90 30 80 80 80 80 80 80 80 80 80 80 80 80 80 80 80 80 80 80 80 80 80 80 80 80 80 80 80 80 80 80 80 80 80 80 80 80 80 80 80 80 80 80 80 80 80 80 80 80 80 80 80 80 80 80 80 80 80 80 80 80 80 80 80 80 80 80 80 80 90 80 80 80 90 80 80 80 80 30 30 30 30 30 10 50 50 50 50 50 50 50 50 50 50 50 10 10 10 10 30 30 30 50 30 30 30 50 30 50 50 30 30 40 40 40 40 40 40 40 40 40 40 40 30 30 30 50 50 50 50 50 50 30 30 30 30 30 30 30 30 90 90 90 90 90 30 30 30 30 30 90 80 80 80 80 80 80 80 80 80 80 80 80 80 80 80 80 80 80 80 80 80 80 80 80 80 80 80 90 30 30 30 30 40 40 40 40 40 40 40 40 40 40 40 40 40 40 40 40 40 40 40 40 40 40 40 40 40 40 30 30 90 90 80 80 80 80 80 80 80 80 80 80 80 60 30 40 40 40 40 40 40 40 40 40 40 40 40 40 40 40 40 40 40 40 40 30 30 30 30 30 90 30 30 30 30 30 30 80 80 80 80 80 80 80 80 80 80 80 80 80
40 40 40 40 40 40 40 40 40 40 90 90 40 90 40 40 40 40 40 40 30 90 40 40 40 40 40 40 40 40 90 90 90 90 90 40 40 40 40 40 40 40 40 40 90 90 90 90 90 40 90 90 90 90 90 90 90 90 90 90 90 30 90 90 90 40 40 40 40 40 40 40 40 40 40 40 40 40 40 30 30 90 40 30 30 30 30 30 30 30 30 30 30 50 50 50 30 30 30 30 10 10 10 10 10 50 30 30 10 10 30 30 30 10 30 30 30 30 30 30 30 30 30 30 30 30 30 30 30 30 80 80 80 80 80 80 80 80 80 80 80 80 80 80 80 80 80 80 80 80 80 80 80 80 80 80 80 80 80 80 80 80 80 80 80 80 80 80 80 80 80 80 80 80 80 80 80 80 80 80 80 80 80 80 80 80 80 80 80 80 80 80 80 80 80 80 80 80 80 80 80 80 80 90 80 80 30 30 30 30 30 30 30 10 10 50 30 50 50 50 50 50 50 50 10 30 10 10 30 30 30 30 30 30 30 30 30 30 40 40 40 40 40 40 40 40 40 40 40 40 40 40 40 30 30 50 50 50 50 30 30 30 30 30 30 30 30 30 90 90 90 90 90 30 30 30 30 90 90 80 80 80 80 80 80 80 80 80 80 80 80 80 80 80 80 80 80 80 80 80 80 80 80 80 80 80 80 90 30 30 30 40 40 40 40 40 40 40 40 40 40 40 40 40 40 40 40 40 40 40 40 40 40 40 40 40 40 40 40 30 30 90 90 80 80 80 80 80 80 80 80 80 80 30 30 40 40 40 40 40 40 40 30 40 90 40 40 40 40 40 40 30 30 30 30 30 30 90 90 90 90 90 90 90 90 90 90 80 80 80 80 80 80 80 80 80 80 80 80 80
40 40 40 40 40 40 40 40 40 40 90 40 90 40 40 40 40 40 40 40 40 90 40 40 40 40 40 40 40 40 40 40 40 40 40 40 40 40 40 40 40 40 40 40 40 40 40 40 40 40 40 30 30 90 90 90 90 90 90 90 90 30 90 90 30 40 40 40 40 40 40 40 40 40 40 40 40 40 40 30 30 90 40 90 30 30 30 30 30 30 30 30 30 50 30 30 30 30 50 50 50 50 50 30 50 50 50 50 50 50 50 50 50 50 50 50 50 50 50 30 30 30 30 30 30 30 30 30 30 30 80 80 80 80 80 80 80 80 80 80 80 80 80 80 80 80 80 80 80 80 80 80 80 80 80 80 80 80 80 80 80 80 80 80 80 80 80 80 80 80 80 80 80 80 80 80 80 80 80 80 80 80 80 80 80 80 80 80 80 80 80 80 80 80 80 80 90 80 80 80 80 80 80 90 90 30 30 30 30 30 30 30 30 50 50 50 50 50 30 30 30 30 30 10 10 30 30 30 30 30 30 30 30 30 30 60 30 30 40 40 40 40 40 40 40 40 40 40 40 40 40 40 40 30 30 30 30 30 50 30 30 30 30 30 30 30 30 30 90 90 90 90 90 90 30 30 60 80 80 80 80 80 80 80 80 80 80 80 80 80 80 80 80 80 80 80 80 80 80 80 80 80 80 80 80 80 90 30 30 30 30 40 40 40 40 40 40 40 40 40 40 40 40 40 40 40 40 40 40 40 40 40 40 40 40 40 40 40 40 40 40 30 30 90 90 80 80 80 80 80 80 80 80 30 30 30 30 40 40 40 30 90 90 90 90 90 30 30 30 30 30 30 30 30 30 30 90 90 90 90 90 90 90 90 90 80 80 80 80 80 80 80 80 80 80 80 80 80 80 80
40 40 40 40 40 40 40 40 40 40 40 40 40 40 40 40 40 40 40 40 40 30 40 40 40 40 40 40 40 40 40 40 40 40 40 40 40 40 40 40 40 40 40 40 40 40 40 40 40 40 40 90 30 90 90 90 90 30 90 90 30 90 80 90 30 40 40 40 40 40 40 40 40 40 40 40 40 40 40 30 30 90 40 40 30 30 30 30 30 30 30 30 30 30 30 50 30 10 30 10 50 50 50 10 50 50 50 30 50 50 50 30 30 10 50 10 50 50 50 30 10 50 30 50 30 30 30 90 90 80 80 80 80 80 80 80 80 80 80 80 80 80 80 80 80 80 80 80 80 80 80 80 80 80 80 80 80 80 80 80 80 80 80 80 80 80 80 80 80 80 60 80 80 80 80 80 80 80 80 80 80 80 80 80 80 80 80 80 80 80 80 80 80 80 80 80 80 80 80 80 80 80 80 90 30 50 30 30 50 50 50 50 50 30 30 30 30 30 30 10 30 30 10 10 10 10 10 30 30 30 30 30 30 30 30 30 30 40 40 40 40 40 40 40 40 40 40 40 40 40 40 40 40 30 30 30 30 30 30 30 30 30 30 30 30 30 30 30 90 90 80 80 90 80 60 80 80 80 80 80 80 80 80 80 80 80 80 80 80 80 80 80 80 80 80 80 80 80 80 80 80 80 80 80 80 80 90 30 40 40 40 40 40 40 40 40 40 40 40 40 40 40 40 40 40 40 40 40 40 40 40 40 40 40 40 40 40 40 40 40 40 40 40 30 30 90 80 80 80 80 80 80 30 30 30 30 30 30 30 30 30 90 90 90 90 90 90 30 30 30 30 30 30 30 90 90 80 80 80 80 80 80 80 80 80 80 80 80 80 80 80 80 80 80 80 80 80 80 80 80
40 40 40 40 40 40 40 40 40 40 90 40 90 90 90 40 90 40 40 40 40 30 40 40 40 40 40 40 40 40 40 40 40 40 40 40 40 40 40 40 40 40 40 40 40 40 40 40 90 90 40 90 90 90 90 30 30 90 90 90 80 80 30 30 30 40 40 40 90 90 90 90 90 90 90 40 40 90 90 30 30 90 40 40 30 30 30 30 30 30 30 30 30 30 50 30 50 50 50 30 50 30 50 50 30 50 30 50 50 30 30 30 10 50 50 50 50 50 10 30 10 30 30 30 50 30 30 90 80 80 80 80 80 80 80 80 80 80 80 80 80 80 80 80 80 80 80 80 80 80 80 80 80 80 80 80 80 80 80 80 80 80 80 80 80 80 80 80 80 80 80 80 80 80 80 80 80 80 80 80 80 80 80 80 80 80 80 80 80 80 80 80 80 80 80 80 80 80 90 80 80 80 90 10 50 30 50 30 50 10 50 50 50 30 30 30 30 30 30 10 30 30 10 10 10 30 30 30 30 30 30 30 30 30 30 30 30 40 40 40 40 40 40 40 40 40 40 40 40 40 40 40 40 40 40 40 40 40 40 40 40 40 40 40 30 30 30 90 90 90 80 80 80 80 80 80 80 80 80 80 80 80 80 80 80 80 80 80 80 80 80 80 80 80 80 80 80 80 80 80 80 80 80 80 80 80 90 30 40 40 40 40 40 40 40 40 40 40 40 40 40 40 40 40 40 40 40 40 40 40 40 40 40 40 40 40 40 40 40 40 40 40 40 40 90 90 90 80 80 80 80 30 30 30 30 30 90 30 30 30 30 30 30 90 90 90 90 30 30 30 30 30 60 90 80 80 80 80 80 80 80 80 80 80 80 80 80 80 80 80 80 80 80 80 80 80 80 80 80 80
40 40 40 40 40 40 40 40 40 40 40 40 40 40 40 40 40 40 40 40 40 90 40 40 40 40 40 40 40 40 40 40 40 40 40 40 40 40 40 40 40 40 40 40 40 40 40 40 90 90 90 90 30 90 90 90 90 90 80 80 90 90 90 30 30 40 40 40 40 40 90 90 40 40 40 40 40 40 40 30 30 40 40 40 40 50 30 30 30 30 30 30 30 30 30 30 50 30 30 30 50 10 50 50 10 10 10 10 50 30 30 30 30 50 10 50 50 50 30 30 30 30 50 30 30 30 30 80 80 80 80 80 80 80 80 80 80 80 80 80 80 80 80 80 80 80 80 80 80 80 80 80 80 80 80 80 80 80 80 80 80 80 80 80 80 80 80 80 90 90 60 60 80 80 80 80 80 80 80 80 80 80 80 80 80 80 80 80 80 80 80 80 80 80 80 80 80 80 80 90 80 10 10 50 50 50 30 50 50 50 50 50 50 30 50 30 30 30 30 30 30 30 10 10 30 30 30 30 30 30 30 50 30 30 30 60 30 40 40 40 40 40 40 40 40 40 40 40 40 40 40 40 40 40 40 40 40 40 40 40 40 40 40 40 40 30 30 30 90 90 80 80 80 80 80 80 80 80 80 80 80 80 80 80 80 80 80 80 80 80 80 80 80 80 80 80 80 80 80 80 80 80 80 80 80 60 30 30 40 40 30 40 40 40 40 40 40 40 40 40 40 40 40 40 40 40 40 40 40 40 40 40 40 40 40 40 40 40 40 40 40 40 40 40 30 90 90 90 90 30 30 90 30 30 30 30 30 30 30 90 30 30 30 60 60 90 90 30 30 30 30 60 90 80 80 80 80 80 80 80 80 80 80 80 80 80 80 80 80 80 80 80 80 80 80 80 80 80 80 80
40 40 40 40 40 40 40 40 40 40 40 40 40 40 40 40 40 40 40 40 40 90 40 40 40 90 40 40 40 40 40 40 90 90 30 90 90 30 30 30 90 90 30 90 90 30 30 30 90 90 90 30 30 90 90 90 90 90 80 90 90 30 30 30 30 40 40 40 40 40 40 90 40 40 40 40 40 40 40 30 30 40 40 90 40 30 30 30 30 30 30 30 30 30 30 30 30 30 50 50 50 50 50 10 10 30 30 50 50 30 30 30 30 50 10 50 50 30 30 30 40 30 30 30 30 50 30 30 30 30 80 80 80 80 80 80 80 80 80 80 80 80 80 80 80 80 80 80 80 80 80 80 80 80 80 80 80 80 80 80 80 80 80 80 80 80 80 90 90 90 60 60 80 80 80 80 80 80 80 80 80 80 80 80 80 80 80 80 80 80 80 80 80 80 80 80 80 80 80 80 30 50 50 50 50 50 50 50 50 50 50 10 50 50 50 50 50 50 50 50 50 50 50 50 10 50 50 50 50 50 30 50 30 30 30 30 30 40 40 40 40 40 40 40 40 40 40 40 40 40 40 40 40 40 40 40 40 40 40 40 40 40 40 40 40 40 30 30 90 90 80 80 80 80 80 80 80 80 80 80 80 80 80 80 80 80 80 80 80 80 80 80 80 80 80 80 80 80 80 80 80 80 80 80 80 90 30 30 40 30 30 40 40 40 40 40 40 40 40 40 40 40 40 40 40 40 40 40 40 40 40 40 40 40 40 40 40 40 40 40 40 40 40 40 30 90 90 90 40 40 30 30 30 30 30 30 30 30 30 90 30 30 30 30 60 60 30 30 30 90 90 80 80 80 80 80 80 80 80 80 80 80 80 80 80 80 80 80 80 80 80 80 80 80 80 80 80 80 60 60
40 40 40 40 40 40 40 40 40 40 40 40 40 40 40 40 40 40 40 40 40 40 40 40 40 40 40 40 40 40 40 40 40 40 40 40 40 40 40 40 40 40 40 40 40 40 30 90 90 90 30 30 30 90 90 90 90 80 90 90 90 30 30 30 30 40 40 40 40 40 40 40 40 40 40 40 40 40 40 30 30 90 40 40 40 30 30 30 30 30 30 30 30 30 30 30 30 30 50 50 50 10 30 50 10 30 30 50 10 10 30 30 50 50 10 50 50 30 30 30 40 40 30 30 30 30 30 30 30 30 80 80 80 80 80 80 80 80 80 80 80 80 80 80 80 80 80 80 80 80 80 80 80 80 80 80 80 80 80 80 80 80 80 80 80 80 80 90 60 60 80 60 60 80 80 80 80 80 80 80 80 80 80 80 80 80 80 80 80 80 80 80 80 80 80 80 80 80 80 30 30 50 50 50 50 50 50 50 50 50 50 50 50 50 50 50 50 50 50 50 50 50 50 30 50 50 30 30 50 50 30 50 30 30 30 30 30 40 40 40 40 40 40 40 40 40 40 40 40 40 40 40 40 40 40 40 40 40 40 40 40 40 40 40 40 40 30 30 30 90 80 80 80 80 80 80 80 80 80 80 80 80 80 80 80 80 80 80 80 80 80 80 80 80 80 80 80 80 80 80 80 80 80 80 90 90 30 40 40 30 30 40 40 40 40 40 40 40 40 40 40 40 40 40 40 40 40 40 40 40 40 40 40 40 40 40 40 40 40 40 40 40 40 40 40 40 40 40 40 40 40 40 30 30 30 30 30 30 30 30 30 30 30 30 30 60 90 30 30 80 80 80 80 80 80 80 80 80 80 80 80 80 80 80 80 80 80 80 80 80 80 80 80 80 80 80 60 90 90 30
40 90 90 90 40 40 40 90 90 40 40 40 40 40 40 90 90 90 90 40 30 40 40 40 40 40 40 40 40 40 40 40 40 40 40 40 40 40 40 40 40 40 40 40 40 40 40 40 90 90 30 30 30 90 30 90 80 80 90 90 90 90 30 30 90 90 40 40 90 90 90 90 90 90 90 90 40 40 90 30 30 30 40 40 90 40 30 30 30 30 30 30 30 30 40 40 30 30 50 50 50 50 50 50 30 30 30 50 50 30 50 50 30 50 30 50 30 30 30 30 40 40 40 30 30 30 50 30 30 30 30 80 80 80 80 80 80 80 80 80 80 80 80 80 80 80 80 80 80 80 80 80 80 80 80 80 80 80 80 80 80 80 80 80 80 80 80 80 80 60 60 60 60 80 80 80 90 80 80 80 80 80 80 80 80 80 80 80 80 80 80 80 80 80 80 80 80 30 30 50 50 50 50 50 50 50 50 50 50 50 50 50 50 50 50 50 50 50 50 50 50 50 50 50 50 50 50 30 30 50 50 50 30 30 30 30 30 40 40 40 40 40 40 40 40 40 40 40 40 40 40 40 40 40 40 40 40 40 40 40 40 40 40 40 40 40 40 30 30 90 80 80 80 80 80 80 80 80 80 80 80 80 80 80 80 80 80 80 80 80 80 80 80 80 80 80 80 80 80 80 80 80 80 80 90 30 40 90 40 40 40 40 40 40 40 40 40 40 40 40 40 40 40 40 40 40 40 40 40 40 40 40 40 40 40 40 40 40 40 40 40 40 40 40 40 40 40 40 40 40 40 40 40 40 40 40 30 30 30 30 30 30 30 30 30 30 90 30 60 80 80 80 80 80 80 80 80 80 80 80 80 80 80 80 80 80 80 80 80 80 80 80 80 80 60 90 90 90 30 40
40 40 40 40 40 90 40 40 90 90 90 90 40 90 90 90 90 90 90 40 40 40 40 40 40 40 40 40 40 40 40 40 40 40 40 40 40 40 40 40 40 40 40 40 40 40 40 40 40 40 30 90 90 90 90 90 80 80 90 90 90 90 90 90 90 90 40 30 40 40 40 40 40 40 40 30 40 40 30 30 30 30 30 30 90 40 30 30 30 30 30 40 40 40 40 40 40 40 50 50 50 50 50 50 30 30 30 50 50 10 50 10 10 50 10 10 50 30 30 30 40 40 40 40 30 30 30 50 30 30 30 80 80 80 80 80 80 80 80 80 80 80 80 80 80 80 80 80 80 80 80 80 80 80 80 80 80 80 80 80 80 80 80 80 80 80 90 50 50 80 60 60 60 60 80 80 90 80 80 80 80 80 80 80 80 80 80 80 80 80 80 80 80 80 80 80 30 50 30 50 50 50 50 50 50 50 50 50 50 50 50 50 50 50 50 50 50 50 50 50 50 50 30 50 50 30 30 30 30 50 50 30 30 30 30 30 30 30 40 40 40 40 40 40 40 40 40 40 40 40 40 40 40 40 40 40 40 40 40 40 40 40 40 40 40 40 40 30 30 90 80 80 80 80 80 80 80 80 80 80 80 80 80 80 80 80 80 80 80 80 80 80 80 80 80 80 80 80 80 80 80 80 80 90 30 30 30 30 30 30 40 40 40 40 40 40 40 40 40 40 40 40 40 40 40 40 40 40 40 40 40 40 40 40 40 40 40 40 40 40 40 40 40 40 40 40 40 40 40 40 40 40 40 40 40 40 40 40 40 40 30 30 30 30 30 90 60 90 80 80 80 80 80 80 80 80 80 80 80 80 80 80 80 80 80 80 80 80 80 80 80 80 60 60 90 90 30 40 40 40
40 40 90 40 40 90 40 40 90 90 90 90 40 40 40 90 90 90 40 40 40 40 40 40 40 40 40 40 40 90 40 90 40 40 40 40 40 40 40 40 40 90 90 90 30 40 40 40 40 40 30 90 30 90 90 80 90 80 90 90 90 90 90 90 90 40 40 40 40 40 40 40 40 40 40 40 40 40 40 30 30 30 90 90 30 30 30 30 30 30 30 30 30 30 40 40 40 40 50 50 50 50 50 50 50 50 50 50 10 10 30 30 50 50 10 50 50 50 30 30 40 40 40 40 40 40 30 30 30 30 30 30 80 80 80 80 80 80 80 80 80 80 80 80 80 80 80 80 80 80 80 80 80 80 80 80 80 80 80 60 60 30 80 80 30 30 30 60 60 30 30 30 30 60 60 30 80 80 80 80 80 80 80 80 80 80 80 80 80 80 80 80 80 30 50 50 50 50 50 50 50 50 50 50 50 50 50 50 50 50 50 50 50 50 50 50 50 50 50 50 50 50 50 50 50 50 50 50 50 50 50 30 30 30 30 30 30 40 40 40 40 40 40 40 40 40 40 40 40 40 40 40 40 40 40 40 40 40 40 40 40 40 40 40 40 40 40 30 30 90 80 80 80 80 80 80 80 80 80 80 80 80 80 80 80 80 80 80 80 80 80 80 80 80 80 80 80 80 80 80 80 80 80 90 30 30 40 90 30 30 40 40 40 40 40 40 40 40 40 40 40 40 40 40 40 40 40 40 40 40 40 40 40 40 40 40 40 40 40 40 40 40 40 40 40 40 40 40 40 40 40 40 40 30 40 40 40 40 40 40 40 40 30 30 30 90 60 80 80 80 80 80 80 80 80 80 80 80 80 80 80 80 80 80 80 80 80 80 80 80 80 90 90 90 30 30 40 40 40 40
40 90 90 90 90 40 40 40 40 40 90 90 90 90 90 90 90 40 40 40 30 40 40 40 40 90 90 90 40 90 90 90 90 90 90 90 90 90 90 90 90 30 90 30 90 90 30 40 40 40 30 90 30 90 90 90 80 80 90 90 90 90 90 90 90 40 40 40 40 40 40 40 40 40 40 40 40 40 40 30 30 40 40 40 40 40 30 30 30 30 50 30 30 30 30 30 40 40 50 40 30 30 50 50 10 50 50 50 50 50 50 50 50 50 30 50 30 30 30 30 40 40 40 40 40 40 40 30 30 50 30 30 80 80 80 80 80 80 80 80 80 80 80 80 80 80 80 80 80 80 80 80 80 80 80 80 80 80 80 80 30 60 30 30 30 30 50 50 30 50 50 30 50 60 60 30 50 30 80 30 80 80 80 80 80 80 80 80 80 30 50 50 50 50 30 50 30 50 50 50 50 50 50 50 50 50 50 50 50 50 50 50 50 50 50 50 50 50 50 50 50 50 50 50 50 50 50 30 30 50 50 50 30 30 90 30 30 30 40 40 40 40 40 40 40 40 40 40 40 40 40 40 40 40 40 40 40 40 40 40 40 40 40 40 40 40 30 30 30 90 80 80 80 80 80 80 80 80 80 80 80 80 80 80 80 80 80 80 80 80 80 80 80 80 80 80 80 80 80 80 80 80 60 30 30 40 40 30 30 40 40 40 40 40 40 40 40 40 40 40 40 40 40 40 40 40 40 40 40 40 40 40 40 40 40 40 40 40 40 40 40 40 40 40 40 40 40 40 40 40 40 40 40 40 40 40 40 40 40 40 40 40 30 30 30 30 90 80 80 80 80 80 80 80 80 80 80 80 80 80 80 80 80 80 80 80 80 80 80 80 90 90 30 90 40 40 40 40 40 40
90 90 90 90 90 40 40 40 40 40 40 40 40 40 40 40 40 40 40 40 40 40 40 40 40 40 40 90 40 90 40 90 90 90 30 30 30 30 90 40 40 40 40 40 40 40 90 40 40 40 90 90 30 90 90 80 80 80 90 90 90 90 30 30 90 40 40 40 40 40 40 40 40 40 40 40 40 40 40 30 30 40 40 40 40 40 40 40 40 30 30 30 30 30 30 30 30 30 30 50 50 50 50 50 50 10 10 50 50 50 50 50 50 50 30 30 30 30 30 30 40 40 40 40 40 40 40 40 30 30 50 30 30 80 80 80 80 80 80 80 80 80 80 80 80 80 80 80 80 80 80 80 80 80 80 80 80 80 80 80 30 30 30 30 30 30 50 50 50 50 50 30 50 50 30 60 50 50 50 50 60 30 30 30 30 30 10 30 30 30 30 30 30 30 30 30 30 30 30 30 30 40 50 50 50 50 50 50 50 50 50 50 50 50 50 50 50 50 50 50 50 50 50 50 50 50 50 30 30 30 30 30 30 30 30 30 30 40 30 30 40 40 40 40 40 40 40 40 40 40 40 40 40 40 40 40 40 40 40 40 40 40 40 40 40 40 30 30 30 90 80 80 80 80 80 80 80 80 80 80 80 80 80 80 80 80 80 80 80 80 80 80 80 80 80 80 80 80 80 80 80 90 90 30 30 30 30 30 30 40 40 40 40 40 40 40 40 40 40 40 40 40 40 40 40 40 40 30 40 40 40 40 40 40 40 40 40 40 40 40 40 40 40 40 40 40 40 40 40 40 40 40 40 40 40 40 40 40 40 40 40 40 30 30 30 30 90 80 80 80 80 80 80 80 80 80 80 80 80 80 80 80 80 80 80 80 80 80 80 90 90 90 90 30 40 40 40 40 40 40
40 90 90 90 90 90 40 40 40 40 40 40 40 40 40 40 40 40 40 40 40 40 40 40 40 40 40 40 90 90 90 90 90 40 30 30 30 30 90 40 40 40 40 40 40 40 90 90 40 40 90 90 90 90 90 90 80 80 80 80 90 90 90 90 90 90 40 90 90 90 90 90 90 40 30 90 90 90 90 30 30 30 40 40 40 40 40 30 30 40 40 40 40 30 30 50 30 30 30 30 30 30 30 50 50 10 10 50 50 50 50 50 10 50 30 50 50 30 30 30 40 40 40 40 40 40 40 40 40 30 30 50 30 30 80 80 80 80 80 80 80 80 80 80 80 80 80 80 80 80 80 80 80 80 80 80 80 80 80 80 30 50 30 30 30 50 50 50 50 50 10 50 50 50 50 30 50 50 60 50 50 50 50 50 50 30 30 30 30 30 30 30 30 30 30 30 30 30 30 30 30 30 50 50 50 50 50 50 50 50 50 50 50 50 50 50 50 50 50 50 50 50 50 50 50 50 50 50 30 30 30 30 30 30 30 30 30 30 10 10 40 40 40 40 40 40 40 40 40 40 40 40 40 40 40 40 40 40 40 40 40 40 40 40 40 40 30 30 30 90 80 80 80 80 80 80 80 80 80 80 80 80 80 80 80 80 80 80 80 80 80 80 80 80 80 80 80 80 80 80 90 90 30 30 30 30 40 30 40 40 40 40 40 40 40 40 40 40 40 40 40 40 40 40 30 40 40 40 40 40 40 40 40 40 40 40 40 40 40 40 40 40 40 40 40 40 40 40 40 40 40 40 40 40 40 40 40 40 40 40 40 40 40 30 30 30 60 80 80 80 80 80 80 80 80 80 80 80 80 80 80 80 80 80 80 80 80 80 90 60 60 60 90 30 40 40 40 40 40 40
90 90 90 90 90 90 40 90 40 40 40 40 40 40 40 40 40 40 40 90 40 40 40 40 40 90 90 90 90 90 90 90 90 90 90 30 30 40 40 40 40 40 40 90 40 30 90 90 90 90 30 30 30 90 90 90 90 80 80 80 80 90 90 90 90 40 40 40 90 90 90 90 40 40 40 90 40 40 90 90 30 30 30 40 40 40 40 30 40 40 40 40 40 40 40 30 30 30 30 30 30 30 30 50 50 50 50 50 50 10 50 50 10 50 30 30 50 30 30 30 40 40 40 40 40 40 40 40 40 40 30 30 50 30 30 30 80 80 80 80 80 80 80 80 80 80 80 80 80 80 80 80 80 80 80 80 80 80 80 30 30 30 30 30 50 50 50 50 50 50 50 50 50 50 30 30 50 50 50 50 50 50 50 30 50 30 30 30 30 30 30 30 30 30 30 30 30 30 30 30 30 30 50 50 50 50 50 50 50 50 50 50 50 50 50 50 50 50 50 50 50 50 50 50 50 50 50 50 30 30 30 30 30 30 30 30 30 30 10 10 30 40 40 40 40 40 40 40 40 40 40 40 40 40 40 40 40 40 40 40 40 40 40 40 40 40 30 30 30 90 90 80 80 80 80 80 80 80 80 80 80 80 80 80 80 80 80 80 80 80 80 80 80 80 80 80 80 80 80 60 90 30 30 30 40 40 40 40 40 40 40 40 40 40 40 40 40 40 40 40 40 40 40 40 40 40 40 40 40 40 40 40 40 40 40 40 40 40 40 40 40 40 40 40 40 40 40 40 40 40 40 40 40 40 30 40 40 40 40 40 40 40 40 30 30 30 30 80 80 80 80 80 80 80 80 80 80 80 80 80 80 80 80 80 80 80 60 90 60 60 90 90 90 30 40 40 40 40 40 40
90 90 90 90 90 90 90 90 90 90 90 90 90 90 90 40 40 40 90 90 30 30 40 40 40 90 90 90 90 90 90 90 30 30 30 30 40 40 40 40 40 90 90 90 40 40 90 40 90 90 30 30 30 90 90 90 80 80 80 90 80 90 90 90 90 40 40 40 90 90 90 40 40 40 40 40 40 40 40 90 90 90 30 40 40 40 30 40 40 40 40 90 40 40 40 40 40 40 30 30 30 50 30 30 30 30 30 50 50 50 50 50 10 50 50 50 50 30 30 30 40 40 40 40 40 40 40 40 40 40 40 30 30 50 30 30 30 80 80 80 80 80 80 80 80 80 80 80 80 80 80 80 80 80 80 80 80 80 30 30 30 30 50 30 30 10 30 10 10 50 10 50 50 50 30 10 50 30 50 30 50 50 50 50 50 30 30 30 30 30 30 30 30 30 30 30 30 30 30 30 30 30 50 50 50 50 50 50 50 50 50 50 50 50 50 50 50 50 50 50 50 50 50 50 50 50 50 50 30 90 90 30 30 30 30 30 30 10 10 30 40 40 40 40 40 40 40 40 40 40 40 40 40 40 40 40 40 40 40 40 40 40 40 40 40 40 30 10 10 30 90 80 80 80 80 80 80 80 80 80 80 80 80 80 80 80 80 80 80 80 80 80 80 80 80 80 80 80 90 90 30 30 30 40 40 40 40 30 40 40 40 40 40 40 40 40 40 40 40 40 40 40 40 40 40 40 40 40 40 40 40 40 40 40 40 40 40 40 40 40 40 40 40 40 40 40 40 40 40 40 40 40 40 40 30 40 40 40 40 40 40 40 40 30 30 30 30 80 80 80 80 80 80 80 80 80 80 80 80 80 80 80 80 80 80 90 60 90 60 60 60 90 90 30 40 40 40 40 40 40
90 30 90 30 30 30 90 90 90 90 90 90 90 30 30 30 90 90 90 90 30 30 30 90 90 90 90 40 90 90 90 90 30 30 30 30 30 40 40 40 40 40 90 90 90 90 90 90 90 90 30 30 30 90 90 90 90 80 80 80 80 90 90 90 30 40 40 40 90 90 90 90 40 40 40 90 40 40 90 90 90 90 30 30 30 30 40 40 40 40 40 40 40 40 40 40 40 40 40 40 40 30 30 50 30 30 30 30 30 30 40 40 30 30 30 30 40 40 40 40 40 40 40 40 40 40 40 40 40 40 40 40 30 30 30 30 30 30 80 80 80 80 80 80 80 80 80 80 80 80 80 80 80 80 80 80 80 80 30 30 30 50 30 30 50 50 10 10 10 10 50 50 30 30 50 50 10 50 50 50 50 50 50 50 30 30 30 30 30 30 30 30 30 30 30 30 30 30 30 30 30 30 30 50 50 50 50 50 50 50 50 50 50 10 50 50 50 50 50 50 50 50 50 50 50 50 50 50 30 30 90 30 30 30 30 30 30 30 30 40 40 40 40 40 40 40 40 40 40 40 40 40 40 40 40 40 40 40 40 40 40 40 40 40 40 40 30 10 10 30 90 80 80 80 80 80 80 80 80 80 80 80 80 80 80 80 80 80 80 80 80 80 80 80 80 80 80 90 90 30 30 40 40 40 40 40 30 40 40 40 40 40 40 40 40 40 40 40 40 40 40 40 40 30 40 40 40 40 40 40 40 40 40 40 40 40 40 40 40 40 40 40 40 40 40 40 40 40 40 40 40 40 40 40 30 40 40 40 40 40 40 40 40 30 30 30 30 90 80 80 80 80 80 80 80 80 80 80 80 80 80 80 80 80 90 90 90 60 60 60 90 90 30 40 40 40 40 40 40 40
30 30 30 30 30 30 30 30 90 30 30 30 30 30 90 30 30 90 90 30 30 30 30 30 30 30 30 30 30 40 30 30 90 30 30 90 90 40 40 40 40 30 90 90 30 90 90 90 30 90 90 90 90 90 90 90 90 80 80 80 90 90 90 90 30 90 90 90 30 90 90 30 90 90 90 30 90 30 90 90 90 30 30 30 30 40 40 40 40 40 40 40 40 40 40 40 40 40 40 40 40 40 40 40 30 30 30 30 30 30 40 40 40 40 40 40 40 40 40 40 40 40 40 40 40 40 40 40 40 40 40 40 40 30 30 50 30 30 30 80 80 80 80 80 80 80 80 80 80 80 80 80 80 80 80 30 30 30 30 30 30 30 30 30 50 50 50 50 50 50 50 50 50 30 10 50 10 30 30 30 50 50 30 30 30 30 30 30 30 30 30 30 30 30 30 30 30 30 30 30 30 30 30 50 50 50 50 50 50 50 50 50 50 50 50 50 50 50 50 50 50 50 50 50 50 50 50 50 30 30 30 30 30 30 30 30 30 30 40 40 40 40 40 40 40 40 40 40 40 40 40 40 40 40 40 40 40 40 40 40 40 40 40 40 40 30 30 30 30 30 90 80 80 80 80 80 80 80 80 80 80 80 80 80 80 80 80 80 80 80 80 80 80 80 80 80 90 90 30 30 40 40 40 40 40 40 30 40 40 40 40 40 40 40 40 40 40 40 40 40 40 40 40 40 40 40 40 40 40 40 40 40 40 40 40 40 40 40 40 40 40 40 40 40 40 40 40 40 40 40 40 40 40 40 30 40 40 40 40 40 40 40 40 30 30 30 30 90 80 80 80 80 80 80 80 80 80 80 80 80 80 80 80 90 90 90 90 90 90 60 90 30 30 40 40 40 40 40 40 40
90 90 90 90 90 90 90 90 90 90 90 90 90 90 90 90 90 90 30 30 30 30 30 30 30 30 30 30 30 30 30 30 30 30 30 30 30 30 30 30 30 30 30 30 30 30 30 30 30 30 90 30 30 30 30 90 90 90 90 90 90 90 90 30 30 90 90 30 90 30 30 30 30 30 40 40 40 40 40 40 40 40 40 40 30 30 40 40 40 40 40 40 40 40 40 40 40 40 40 40 40 40 40 40 40 40 30 30 30 30 40 40 40 40 40 40 40 40 40 40 40 40 40 40 40 40 40 40 40 40 40 40 40 40 30 30 30 30 30 30 30 80 80 80 80 80 80 80 80 80 80 80 80 80 80 30 50 30 30 10 10 30 30 30 50 50 50 10 10 50 50 50 50 50 50 50 50 50 50 50 50 30 30 50 50 30 30 30 30 30 30 30 30 30 30 30 30 30 30 30 30 30 30 50 50 50 50 50 50 50 50 50 50 50 50 50 50 10 50 50 50 50 50 50 50 50 50 50 30 30 30 30 30 30 30 30 30 40 40 40 40 40 40 40 40 40 40 40 40 40 40 40 40 40 40 40 40 40 40 40 40 40 40 40 40 30 30 30 30 30 30 90 80 80 80 80 80 80 80 80 80 80 80 80 80 80 80 80 80 80 80 80 80 80 80 80 90 30 30 40 40 40 40 40 40 40 40 40 40 40 40 40 40 40 40 40 40 40 40 40 40 40 30 40 40 40 40 40 40 40 40 40 40 40 40 40 40 40 40 40 40 40 40 40 40 40 40 40 40 40 40 40 40 40 30 40 40 40 40 40 40 40 40 30 30 30 30 90 80 80 80 80 80 80 80 80 80 80 80 80 80 80 80 90 90 90 90 90 90 90 90 30 40 40 40 40 40 40 40 40
40 90 90 90 90 90 90 90 90 90 90 90 90 90 90 90 90 90 90 90 30 30 30 30 30 30 30 30 30 30 30 90 90 30 30 30 30 30 90 90 90 90 90 90 30 30 30 90 90 30 30 30 30 90 40 30 80 90 90 90 90 90 90 90 30 30 30 30 90 90 90 90 30 30 40 40 40 40 40 40 40 40 40 40 40 40 30 30 40 40 40 40 40 40 40 40 40 40 40 40 40 40 40 40 40 40 30 30 30 30 40 40 40 40 40 40 40 40 40 40 40 40 40 40 40 40 40 40 40 40 40 40 40 40 40 30 50 50 50 30 30 30 80 80 80 80 80 80 80 30 80 30 30 90 90 30 90 30 50 50 50 50 50 50 50 50 50 50 50 50 30 30 50 50 50 10 10 50 50 50 50 30 10 50 30 30 30 30 30 30 30 30 30 30 30 30 30 30 30 30 30 30 90 60 50 50 50 50 50 50 50 50 50 50 50 50 50 50 50 50 50 50 50 50 50 50 50 50 30 30 30 30 30 30 30 30 30 40 40 40 40 40 40 40 40 40 40 40 40 40 40 40 40 40 40 40 40 40 40 40 40 40 40 40 40 30 10 10 30 30 30 30 80 80 80 80 80 80 80 80 80 80 80 80 80 80 80 80 80 80 80 80 80 80 80 90 30 30 40 40 40 40 40 40 40 40 40 40 40 40 40 40 40 40 40 40 40 40 40 40 40 40 40 40 40 40 40 40 40 40 40 40 40 40 40 40 40 40 40 40 40 40 40 40 40 40 40 40 40 40 40 40 40 40 30 40 40 40 40 40 40 40 40 30 30 30 30 90 80 80 80 80 80 80 80 80 80 80 80 80 80 80 90 90 60 90 90 30 90 30 30 40 40 40 40 40 40 40 40 40
40 90 40 90 90 90 90 90 90 90 90 90 90 90 90 90 90 90 90 90 30 90 30 30 30 30 30 30 30 30 30 90 90 90 90 90 90 90 90 90 90 30 90 90 90 90 30 90 90 30 30 30 30 90 30 90 90 90 80 90 90 90 90 90 90 30 30 90 90 90 90 90 90 90 40 40 40 40 40 40 40 40 40 40 40 40 40 30 30 40 40 40 40 40 40 40 40 40 40 40 40 40 40 40 40 40 30 30 30 30 40 40 40 40 40 40 40 40 40 40 40 40 40 40 40 40 40 40 40 40 40 40 40 40 40 30 50 30 30 50 30 30 30 30 30 30 30 30 30 30 30 30 30 30 30 30 50 50 50 50 50 50 50 50 50 50 50 50 50 50 30 30 50 30 50 50 50 50 50 60 50 50 50 50 50 30 30 30 30 30 30 30 30 30 30 30 30 30 30 30 30 30 30 30 30 50 50 50 30 30 50 50 50 50 50 50 50 50 50 50 50 50 50 50 50 50 10 50 30 30 10 10 30 30 30 30 30 40 40 40 40 40 40 40 40 40 40 40 40 40 40 40 40 40 40 40 40 40 40 40 40 40 40 40 30 30 30 30 30 30 30 30 80 80 80 80 80 80 80 80 80 80 80 80 80 80 80 80 80 80 80 80 80 80 90 90 30 30 40 40 40 40 40 40 40 30 40 40 40 40 40 40 40 40 40 40 40 40 40 40 40 40 40 40 40 40 40 40 40 40 40 40 40 40 40 40 40 40 40 40 40 40 40 40 40 40 40 40 40 40 40 40 40 40 40 40 40 40 40 40 40 40 40 30 30 30 30 90 80 80 80 80 80 80 80 80 80 80 80 80 80 80 90 90 90 90 90 30 30 30 40 40 40 40 40 40 40 40 40 40
90 90 90 90 90 90 90 90 90 90 90 90 90 90 90 90 90 90 90 90 30 90 30 30 30 30 30 30 30 30 30 30 90 90 90 30 90 90 30 30 30 90 30 30 90 30 90 30 30 30 90 90 90 90 90 90 90 80 90 90 90 90 90 90 90 30 90 90 90 90 30 90 90 90 40 40 40 40 40 40 40 40 40 40 40 40 40 40 30 30 40 40 40 40 40 40 40 40 40 40 40 40 40 40 40 40 40 30 30 30 50 40 40 40 40 40 40 40 40 40 40 40 40 40 40 40 40 40 40 40 40 40 50 30 30 40 40 30 30 30 50 30 30 30 30 30 10 10 10 30 30 30 30 30 30 30 30 50 50 50 50 50 50 50 50 10 50 50 50 50 50 30 50 10 50 50 50 50 50 50 30 30 10 30 50 30 30 30 30 30 30 30 30 30 30 30 30 30 30 30 30 30 30 30 30 50 50 50 50 50 50 10 10 50 50 50 50 50 50 50 30 30 30 10 10 10 10 10 10 10 10 30 30 30 30 30 30 40 40 40 40 40 40 40 40 40 40 40 40 40 40 40 40 40 40 40 40 40 40 40 40 40 40 40 30 90 30 30 30 30 30 30 80 80 80 80 80 80 80 80 80 80 80 80 80 80 80 80 80 80 80 80 80 80 90 30 30 40 40 40 40 40 40 40 40 40 40 40 40 40 40 40 40 40 40 40 40 40 40 40 40 30 40 40 40 40 40 40 40 40 40 40 40 40 40 40 40 40 40 40 40 40 40 40 40 40 40 40 40 30 40 40 40 40 40 40 40 40 40 40 40 40 40 30 30 30 30 90 80 80 80 80 80 80 80 80 80 80 80 80 80 80 90 90 90 90 90 90 30 30 40 40 40 40 40 40 40 40 40 40
90 90 90 90 90 90 90 90 90 90 90 90 90 90 90 90 90 90 90 90 90 30 90 30 90 90 90 30 90 30 90 90 90 90 30 30 30 90 90 90 90 30 30 90 30 90 90 90 30 30 90 90 30 30 90 90 90 90 90 30 30 90 90 90 90 90 30 30 30 30 30 90 90 30 40 40 40 40 40 40 40 40 40 40 90 90 30 30 40 30 40 40 40 40 40 40 40 40 40 40 40 40 40 40 40 40 40 40 40 40 30 30 30 40 40 40 40 40 40 40 40 40 40 40 40 40 40 40 40 40 40 40 40 30 50 40 40 40 30 30 30 50 30 30 30 30 50 30 30 30 30 30 30 30 30 30 30 50 50 50 50 50 50 50 50 50 50 50 50 50 50 30 30 30 10 50 50 50 10 30 50 10 50 30 30 30 30 30 30 30 30 30 30 30 30 30 30 30 30 30 30 30 30 30 30 50 50 50 50 50 50 10 50 50 50 50 30 30 30 30 60 30 30 30 90 90 10 10 30 10 10 30 30 30 30 30 30 40 40 40 40 40 40 40 40 40 40 40 40 40 40 40 40 40 40 40 40 40 40 40 40 40 40 40 30 30 90 90 30 30 30 30 80 80 80 80 80 80 80 80 80 80 80 80 80 80 80 80 80 80 80 80 90 90 30 30 40 40 40 40 40 40 40 40 40 40 40 40 40 40 40 40 40 40 40 40 40 40 40 40 40 30 40 40 40 40 40 40 40 40 40 40 40 40 40 40 40 40 40 40 40 40 40 40 40 40 40 40 40 40 40 40 40 40 40 30 40 40 40 40 40 40 40 40 30 30 30 90 80 80 80 80 80 80 80 80 80 80 80 80 80 90 90 90 90 90 90 90 30 30 40 40 40 40 40 40 40 40 40 40
90 90 90 90 90 90 90 90 90 90 90 90 90 90 90 90 90 90 90 90 90 30 30 30 90 90 90 90 30 30 90 90 90 90 90 90 90 90 90 90 90 30 90 30 90 90 90 90 30 30 30 30 30 90 90 90 90 90 90 30 30 90 90 90 90 30 30 30 30 90 90 90 90 30 30 40 40 40 40 40 40 40 40 40 40 40 40 40 40 40 30 40 40 40 40 40 40 40 30 40 40 40 40 40 40 40 40 40 40 40 40 30 50 30 40 40 40 40 40 40 40 40 40 40 40 40 40 40 40 40 40 40 40 40 50 40 40 40 40 30 30 30 50 30 50 50 50 50 50 30 10 30 50 50 30 30 50 50 50 50 50 50 50 50 50 50 50 50 50 50 50 50 30 30 30 50 10 50 50 50 50 10 10 10 50 30 30 30 30 30 30 30 30 30 30 30 30 30 30 90 30 30 30 30 50 50 50 50 10 50 10 10 10 10 30 30 30 30 30 30 60 30 30 30 10 90 30 30 30 10 10 10 30 30 30 30 30 40 40 40 40 40 40 40 40 40 40 40 40 40 40 40 40 40 40 40 40 40 40 40 40 40 40 40 30 10 10 90 90 90 30 30 60 80 80 80 80 80 80 80 80 80 80 80 80 80 80 80 80 80 80 80 90 90 30 30 40 40 40 40 40 40 40 40 40 40 40 40 40 40 40 40 40 40 40 40 40 40 40 40 40 30 40 40 40 40 40 40 40 40 40 40 40 40 40 40 40 40 40 40 40 40 40 40 40 40 40 40 40 40 40 40 40 40 40 30 40 40 40 40 40 40 40 40 30 30 30 30 80 80 80 80 80 80 80 80 80 80 80 80 80 90 90 90 60 60 90 90 30 30 40 40 40 40 40 40 40 40 40 40
90 90 90 90 90 90 90 90 90 90 90 90 90 90 90 90 90 90 90 90 90 90 90 90 90 90 90 90 90 30 30 30 90 90 90 90 30 90 90 90 30 30 90 90 30 90 90 90 90 60 90 90 90 90 90 90 90 90 90 30 30 90 30 90 90 30 30 30 90 90 90 90 90 90 40 40 40 40 40 40 40 40 40 40 40 40 40 40 30 40 90 30 40 40 40 40 40 40 40 30 30 40 40 40 40 40 40 40 40 40 40 90 30 30 30 40 40 40 40 40 40 40 40 40 40 40 40 40 40 40 40 40 40 40 40 40 40 40 30 30 30 30 30 50 30 50 50 50 50 50 30 30 50 50 50 50 50 50 50 50 50 50 50 50 50 50 50 50 50 50 50 50 30 30 30 50 10 50 50 50 30 30 30 10 10 10 30 30 30 30 30 30 30 30 30 30 30 30 50 30 30 30 30 30 30 30 30 30 30 30 10 10 10 10 30 30 30 30 30 30 50 30 30 30 30 30 90 30 10 10 10 10 30 30 30 30 30 30 40 40 40 40 40 40 40 40 40 40 40 40 40 40 40 40 40 40 40 40 40 40 40 40 40 30 30 30 30 90 90 90 30 30 60 80 80 80 80 80 80 80 80 80 80 80 80 80 80 80 80 80 80 80 90 90 30 30 40 40 40 40 40 40 40 40 40 40 40 40 40 40 40 40 40 40 40 40 40 40 40 40 40 30 40 40 40 40 40 40 40 40 40 40 40 40 40 40 40 40 40 40 40 40 40 40 40 40 40 40 40 40 40 40 40 40 40 30 40 40 40 40 40 40 40 40 30 30 30 30 90 80 80 80 80 80 80 80 80 80 80 80 80 90 90 90 90 90 90 30 30 30 40 40 40 40 40 40 40 40 40 40
90 90 90 90 90 90 90 90 90 90 90 90 90 90 90 90 90 90 90 90 90 90 90 90 90 90 90 90 90 90 30 30 30 90 90 90 30 90 30 30 30 90 90 90 90 90 90 90 90 60 90 90 90 90 90 90 90 90 30 90 30 30 30 90 40 40 40 40 40 40 90 90 90 90 30 40 40 40 40 40 40 40 40 40 40 40 40 40 30 40 40 90 30 40 40 40 40 40 40 40 40 40 40 40 40 40 40 40 40 40 40 40 90 90 30 30 40 40 40 40 40 40 40 40 40 40 40 40 40 40 40 40 40 40 40 40 40 40 30 30 30 30 50 30 50 30 50 50 50 50 50 30 50 50 10 50 50 50 50 50 50 50 50 50 50 50 50 50 50 50 50 50 50 30 30 30 10 50 50 50 50 30 30 10 30 30 30 30 30 30 30 30 30 30 30 30 30 30 30 30 30 30 30 30 30 30 30 30 30 30 30 90 10 30 30 30 50 50 30 30 30 30 30 30 30 30 90 10 10 10 10 10 30 30 30 30 30 30 30 30 40 40 40 40 40 40 40 40 40 40 40 40 40 40 40 40 40 40 40 40 40 40 40 30 10 30 30 30 30 30 90 60 80 80 80 80 80 80 80 80 80 80 80 80 80 80 80 80 80 80 80 90 90 30 30 30 40 40 40 40 40 40 40 40 40 40 40 40 40 40 40 40 40 40 40 40 40 40 40 40 40 40 40 40 40 40 40 40 40 40 40 40 40 40 40 40 40 40 40 40 40 40 40 40 40 40 40 40 40 40 40 40 40 40 40 30 40 40 40 40 40 40 40 40 30 30 30 30 90 80 80 80 80 80 80 80 80 80 80 80 80 80 90 90 90 90 90 90 30 30 40 40 40 40 40 40 40 40 40 40
90 30 90 90 90 90 90 90 90 90 90 90 90 90 90 90 90 90 90 90 90 90 90 90 90 90 90 90 90 90 90 90 30 30 30 30 30 30 90 90 30 90 90 90 90 90 90 90 90 90 90 90 90 90 90 90 30 30 90 30 90 90 90 30 90 40 90 90 40 90 90 90 90 90 90 40 40 40 40 40 40 40 40 40 40 40 40 40 30 40 40 40 30 30 90 40 40 40 40 40 40 40 40 40 40 40 40 40 40 40 90 40 90 90 30 30 30 40 40 40 40 40 40 40 40 40 40 40 40 40 40 40 40 50 40 40 40 30 30 30 30 30 30 30 30 50 50 50 50 50 50 50 50 50 50 50 50 50 50 50 50 50 50 50 50 50 50 50 50 50 50 50 50 50 30 30 30 30 50 50 30 30 50 30 30 10 30 30 10 10 10 10 10 30 30 30 30 30 30 30 30 30 30 30 30 30 30 30 30 30 30 30 30 30 30 30 50 50 30 30 30 30 30 90 30 90 30 10 30 30 10 10 30 60 30 30 30 30 40 40 40 40 40 40 40 40 40 40 40 40 40 40 40 40 40 40 40 40 40 40 40 40 40 30 30 30 30 30 30 30 90 80 80 80 80 80 80 80 80 80 80 80 80 80 80 80 80 80 80 80 80 90 90 30 30 30 40 40 40 40 40 40 40 30 40 40 40 40 40 40 40 40 40 40 40 40 40 40 40 40 30 40 40 40 40 40 40 40 40 40 40 40 40 40 40 40 40 40 40 40 40 40 40 40 40 40 40 40 40 40 40 40 40 40 40 30 40 40 40 40 40 40 40 40 30 30 30 90 90 80 80 80 80 80 80 80 80 80 80 80 80 80 90 90 90 90 90 90 30 30 40 40 40 40 40 40 40 40 40 40
90 30 90 90 90 90 90 90 90 90 90 90 90 90 90 90 90 90 90 90 90 90 90 90 90 90 80 90 80 90 90 90 90 90 90 90 30 30 90 90 90 90 90 90 90 90 90 90 90 90 90 90 90 90 90 90 90 90 90 90 90 90 90 30 40 90 90 90 90 90 90 90 40 90 90 90 40 40 40 40 40 40 40 40 40 40 90 90 40 40 40 40 40 30 30 90 40 40 40 40 40 40 40 40 40 40 40 40 40 40 40 40 40 40 30 30 30 30 40 40 40 40 40 40 40 40 40 40 40 40 40 40 40 30 30 30 40 30 30 90 90 30 40 30 50 30 50 50 30 30 30 50 50 50 50 50 50 30 50 50 50 50 50 50 50 50 50 50 50 50 50 50 30 50 30 30 30 30 30 50 30 30 30 30 10 10 10 10 10 10 10 10 10 30 30 30 30 30 30 30 30 30 30 30 30 30 30 30 30 30 30 30 30 30 30 30 50 50 50 40 30 30 30 90 30 90 90 30 30 30 10 30 30 30 30 30 30 10 30 40 40 40 40 40 40 40 40 40 40 40 40 40 40 40 40 40 40 40 40 40 40 40 30 30 30 30 30 30 30 30 90 80 80 80 80 80 80 80 80 80 80 80 80 80 80 80 80 80 80 80 80 90 30 30 30 40 40 40 40 40 40 40 40 40 40 40 40 40 40 40 40 40 40 40 40 40 40 40 40 40 30 40 40 40 40 40 40 40 40 40 40 40 40 40 40 40 40 40 40 40 40 40 40 40 40 40 40 40 40 40 40 40 40 40 40 30 40 40 40 40 40 40 40 40 30 30 30 90 90 80 80 80 80 80 80 80 80 80 80 80 80 80 90 90 90 90 90 90 30 30 40 40 40 40 40 40 40 40 40 40
90 90 90 90 90 90 90 90 90 90 90 90 90 90 90 90 90 90 90 90 90 90 90 90 90 90 90 80 90 80 90 90 90 90 90 90 90 90 90 90 80 80 80 90 90 90 90 90 90 90 90 90 90 90 90 90 90 90 40 40 40 40 40 40 40 40 90 90 90 90 90 40 40 40 40 90 40 40 40 40 40 40 40 40 40 40 40 40 40 40 90 40 40 30 30 40 40 40 40 40 40 40 40 40 40 40 40 90 40 40 40 40 40 40 40 40 40 30 30 40 40 40 40 40 40 40 40 40 40 40 40 40 50 30 30 30 60 50 50 30 30 40 40 30 30 50 30 30 50 30 30 30 50 50 50 60 30 30 30 50 50 50 50 50 50 50 50 50 50 50 30 30 30 50 30 30 30 30 30 30 30 50 30 10 10 10 10 10 10 10 10 10 30 30 30 30 30 30 30 30 30 30 30 30 30 30 30 30 30 30 30 30 30 90 30 30 50 50 30 30 30 30 90 30 30 30 90 30 30 10 10 10 30 30 30 30 30 30 30 40 40 40 40 40 40 40 40 40 40 40 40 40 40 40 40 40 40 40 40 40 40 40 30 30 90 30 30 30 30 90 80 80 80 80 80 80 80 80 80 80 80 80 80 80 80 80 80 80 80 80 80 90 30 90 30 30 30 30 40 40 40 40 40 40 40 40 40 40 40 40 40 40 40 40 40 40 40 40 40 40 40 40 40 40 40 40 40 40 40 40 40 40 40 40 40 40 40 40 40 40 40 40 40 40 40 40 40 40 40 40 40 40 40 40 40 30 40 40 40 40 40 40 40 40 30 30 30 90 90 80 80 80 80 80 80 80 80 80 80 80 80 80 80 90 90 90 60 90 30 30 40 40 40 40 40 40 40 40 40 40
90 90 90 90 90 90 90 90 90 90 90 90 90 90 90 90 90 90 90 90 90 90 90 90 90 80 80 90 90 80 80 80 90 90 90 90 90 90 90 90 90 90 90 90 90 90 90 90 90 90 90 90 90 90 90 90 40 40 40 40 40 40 40 40 40 90 90 90 90 90 90 90 90 90 90 90 40 40 40 40 40 40 40 40 40 40 40 40 40 40 40 40 40 40 90 30 40 40 30 30 90 40 40 40 40 90 90 30 30 40 40 40 40 40 40 40 40 40 30 30 90 40 40 40 40 40 40 40 40 40 40 50 30 30 30 50 50 50 50 50 50 30 30 30 30 30 30 50 30 50 30 30 10 30 30 30 30 30 50 50 50 50 50 50 50 50 50 50 50 60 60 30 30 50 30 50 30 30 30 30 50 10 10 50 30 30 10 10 10 10 10 10 30 30 30 30 30 30 30 30 30 30 30 30 30 30 30 30 30 30 30 30 30 30 30 30 50 50 30 30 30 30 30 30 30 90 30 10 10 10 10 10 10 30 30 30 30 30 40 40 40 40 40 40 40 40 40 40 40 40 40 40 40 40 40 40 40 40 40 40 40 40 30 30 10 30 30 30 90 80 80 80 80 80 80 80 80 80 80 80 80 80 80 80 80 80 80 80 80 80 80 90 30 90 30 30 90 30 30 30 40 40 30 40 40 40 40 40 40 40 40 40 40 40 40 40 40 40 40 40 40 40 40 40 40 40 40 40 40 40 40 40 40 40 40 40 40 40 40 40 40 40 40 40 40 40 40 40 40 40 40 40 40 40 40 30 30 40 40 40 40 40 40 40 40 30 30 90 90 80 80 80 80 80 80 80 80 80 80 80 80 80 80 80 90 90 60 60 90 30 30 30 30 30 30 30 30 30 30 30
90 90 90 90 90 90 90 90 90 90 90 90 90 90 90 90 90 90 90 90 90 90 90 90 90 90 80 90 90 80 80 90 80 80 80 80 90 90 90 90 90 30 90 90 90 90 90 90 90 90 90 90 90 90 90 90 90 90 90 30 30 90 90 90 90 40 40 40 40 40 40 90 40 40 40 40 40 40 40 40 40 40 40 40 40 40 40 40 40 40 40 40 40 40 40 30 30 40 30 30 40 40 40 40 90 90 90 30 40 40 40 30 40 40 40 40 40 40 40 30 30 40 40 40 40 40 40 40 40 40 50 30 30 30 30 30 30 30 50 50 50 30 30 30 30 30 30 30 30 30 50 30 30 30 30 30 30 30 50 50 50 50 50 50 50 50 50 50 30 60 40 30 30 30 50 50 30 30 30 30 50 10 10 50 50 30 10 10 10 10 10 10 30 30 90 10 30 30 30 30 30 30 30 30 30 30 30 30 30 30 30 30 30 30 30 30 50 50 30 30 30 30 30 30 30 30 30 30 10 10 10 10 30 30 30 30 30 40 40 40 40 40 40 40 40 40 40 40 40 40 40 40 40 40 40 40 40 40 40 40 40 40 30 30 30 30 30 90 90 80 80 80 80 80 80 80 80 80 80 80 80 80 80 80 80 80 80 80 80 80 80 90 90 30 90 90 90 90 90 30 30 30 30 40 40 40 40 40 40 40 40 40 40 40 40 40 40 40 40 30 30 30 40 40 40 40 40 40 40 40 40 40 40 40 40 40 40 40 40 40 40 40 40 40 40 40 40 40 40 40 40 40 40 40 40 40 30 40 40 40 40 40 40 40 40 30 30 90 90 80 80 80 80 80 80 80 80 80 80 80 80 80 80 80 80 90 60 60 90 30 30 30 30 30 30 30 30 30 30 40
90 90 90 90 90 90 90 90 90 90 90 90 90 90 90 90 90 90 90 90 90 90 90 90 90 90 90 90 90 90 90 90 90 90 80 90 90 90 90 90 90 90 40 40 40 40 40 40 40 40 40 40 40 40 40 40 40 40 40 40 40 40 40 40 40 40 40 40 40 40 40 40 40 40 40 40 40 40 40 40 40 40 40 40 40 40 40 40 40 40 40 40 40 40 40 30 30 30 40 40 40 40 40 30 90 90 90 30 40 40 40 90 90 40 40 40 40 40 40 90 30 30 40 40 40 40 40 40 40 30 30 90 90 30 30 30 30 30 30 30 30 30 30 50 50 30 30 30 30 30 30 50 50 30 30 30 30 30 30 30 30 30 30 30 50 50 30 30 30 30 30 30 30 50 50 50 30 30 30 50 50 50 50 10 50 50 50 10 10 10 30 30 30 30 30 30 90 30 30 30 30 30 30 30 30 30 30 30 30 30 30 30 30 30 30 50 50 50 30 30 30 30 90 30 90 30 30 10 10 10 10 10 10 30 30 30 30 40 40 40 40 40 40 40 40 40 40 40 40 40 40 40 40 40 40 40 40 40 40 40 40 30 30 30 10 10 30 90 80 80 80 80 80 80 80 80 80 80 80 80 80 80 80 80 80 80 80 80 80 80 80 90 90 90 90 60 90 30 30 90 90 30 30 40 40 40 40 40 40 40 40 40 40 40 40 40 40 40 40 40 40 40 30 30 40 40 40 40 40 40 40 40 40 40 40 40 40 40 40 40 40 40 40 40 40 40 40 40 40 40 40 40 40 40 40 40 30 40 40 40 40 40 40 40 40 30 30 90 90 80 80 80 80 80 80 80 80 80 80 80 80 80 80 80 80 80 90 60 60 60 30 30 30 30 30 30 30 30 30 40
90 90 90 90 90 90 90 90 90 90 90 90 90 90 90 90 90 90 90 90 90 90 90 90 90 90 90 90 90 90 90 90 90 90 90 90 90 90 90 90 30 40 40 40 40 40 40 40 40 40 40 40 40 40 40 40 40 40 40 40 40 40 40 40 40 40 40 40 40 40 40 40 40 40 40 40 90 90 40 90 90 30 40 40 90 90 90 40 40 30 30 30 90 90 90 30 30 30 40 40 40 40 30 30 30 90 90 40 40 40 40 90 90 90 40 40 40 40 40 40 40 30 30 40 40 40 40 40 50 30 90 90 90 30 30 30 30 50 30 30 50 50 50 50 50 50 30 30 30 30 30 30 50 30 30 30 30 30 30 30 30 30 30 30 50 50 30 30 30 30 30 30 50 50 50 50 50 30 30 50 50 50 50 50 50 50 50 50 50 30 30 30 30 30 10 10 30 30 30 30 30 30 30 30 30 30 30 30 30 30 30 30 30 30 30 30 30 30 30 30 30 30 30 30 30 30 10 10 10 10 10 10 10 30 30 30 30 40 40 40 40 40 40 40 40 40 40 40 40 40 40 40 40 40 40 40 40 40 40 40 40 30 10 10 30 30 30 60 80 80 80 80 80 80 80 80 80 80 80 80 80 80 80 80 80 80 80 80 80 80 80 80 90 90 60 60 90 90 90 90 90 30 40 40 40 40 40 40 40 40 40 40 40 40 40 40 40 40 40 40 40 40 40 40 40 40 30 40 40 40 40 40 40 40 40 40 40 40 40 40 40 40 40 40 40 40 40 40 40 40 40 40 40 40 40 40 30 30 40 40 40 40 40 40 40 30 30 90 90 80 80 80 80 80 80 80 80 80 80 80 80 80 80 80 80 80 90 90 60 60 60 30 30 30 30 30 30 30 30 40
90 90 90 90 90 90 90 90 90 90 90 90 90 90 90 90 90 90 90 90 90 90 90 90 90 90 90 90 90 90 90 90 90 90 90 90 90 90 90 90 90 30 40 40 40 40 40 40 40 40 40 40 40 40 40 40 40 40 40 40 40 40 40 40 40 40 40 40 40 40 40 40 40 40 40 40 90 90 90 90 90 90 40 40 40 40 40 40 40 40 40 40 40 30 30 30 30 30 30 40 40 30 30 30 40 40 40 40 30 40 40 90 90 40 30 40 40 40 40 40 40 40 30 30 40 40 40 50 30 90 30 90 90 90 90 30 30 30 90 30 30 30 50 50 50 50 30 30 30 30 30 30 30 50 30 30 30 50 50 50 50 30 30 30 30 10 50 30 50 50 30 50 50 50 50 50 50 50 30 30 50 50 50 50 50 50 50 50 50 50 30 30 10 30 30 30 30 30 30 30 30 30 30 30 30 30 30 30 30 30 30 30 30 30 30 30 30 30 30 30 30 30 30 30 30 10 10 10 10 10 30 30 10 30 30 30 30 40 40 40 40 40 40 40 40 40 40 40 40 40 40 40 40 40 40 40 40 40 40 40 40 30 10 10 30 30 30 60 80 80 80 80 80 80 80 80 80 80 80 80 80 80 80 80 80 80 80 80 80 80 80 80 80 90 60 60 90 90 30 30 90 30 40 40 40 40 40 40 40 40 40 40 40 40 40 40 40 40 30 40 40 40 40 40 40 40 40 40 30 30 40 40 40 40 40 40 40 40 40 40 40 40 40 40 40 40 40 40 40 40 40 40 40 40 40 40 30 30 30 40 40 40 40 40 40 30 30 90 90 80 80 80 80 80 80 80 80 80 80 80 80 80 80 80 80 80 80 90 90 60 90 90 30 30 30 30 30 30 30 40
90 90 90 90 30 90 90 90 90 90 90 90 90 30 90 90 90 90 90 90 90 90 90 90 90 90 90 90 30 90 90 90 90 90 90 90 90 40 40 40 40 40 40 40 40 40 40 40 40 40 40 40 40 40 40 40 40 40 40 40 40 40 40 40 40 40 40 40 40 40 40 40 40 40 40 40 40 40 40 40 40 40 40 40 40 40 40 40 40 40 40 40 40 30 30 30 30 30 30 30 30 30 30 30 40 30 30 40 40 40 40 40 90 40 30 30 40 40 40 40 40 40 90 30 30 90 50 30 30 30 30 30 30 90 90 30 30 90 90 30 30 30 30 30 30 50 50 50 30 30 30 30 50 30 50 30 50 50 50 50 50 50 30 30 30 30 30 30 30 30 30 30 50 50 50 50 50 50 30 30 50 30 30 30 50 50 50 10 50 50 50 10 10 50 30 90 30 90 30 30 30 30 30 30 30 30 30 30 30 30 30 30 30 30 30 30 30 30 30 30 30 30 30 30 30 10 10 10 10 10 10 10 10 60 30 30 30 40 40 40 40 40 40 40 40 40 40 40 40 40 40 40 40 40 40 40 40 40 40 40 30 30 10 10 10 30 60 80 80 80 80 80 80 80 80 80 80 80 80 80 80 80 80 80 80 80 80 80 80 80 80 80 80 90 90 90 90 90 30 30 90 30 40 40 40 40 40 40 40 40 40 40 40 40 40 40 40 40 30 40 40 40 40 40 40 40 40 40 40 40 40 30 30 40 40 40 40 40 40 40 40 40 40 40 40 40 40 40 40 40 40 40 40 40 40 40 30 40 40 40 40 40 40 40 40 30 30 90 90 80 80 80 80 80 80 80 80 80 80 80 80 80 80 80 80 80 80 90 90 60 60 90 90 30 30 30 30 30 30 40
90 90 90 90 90 90 90 90 90 90 90 90 90 90 90 90 90 30 30 90 90 90 90 90 90 90 90 90 90 40 90 90 90 40 90 40 40 40 40 40 40 40 40 40 40 40 40 40 40 40 40 40 40 40 40 40 40 40 40 40 40 40 40 40 40 40 40 40 40 40 40 40 40 40 40 40 40 40 40 40 40 40 40 40 40 30 40 40 40 40 40 40 40 30 30 30 30 30 30 30 30 30 30 30 30 40 30 40 40 40 40 40 40 40 40 30 40 40 40 40 40 30 30 90 30 50 30 90 30 30 30 30 90 30 30 30 30 30 30 30 30 30 30 30 50 50 50 50 30 30 30 30 30 30 30 50 50 50 50 50 50 50 50 30 30 30 30 50 30 50 10 50 10 50 50 50 50 50 30 50 50 10 50 50 50 50 50 50 50 50 50 50 50 50 30 30 30 30 30 30 30 30 30 30 30 30 30 30 30 30 30 30 30 30 30 30 30 30 30 30 30 30 30 30 30 10 10 10 10 10 10 10 30 60 30 30 30 30 40 40 40 40 40 40 40 40 40 40 40 40 40 40 40 40 40 40 40 40 40 40 30 30 10 30 10 30 60 80 80 80 80 80 80 80 80 80 80 80 80 80 80 80 80 80 80 80 80 80 80 80 80 80 80 90 90 90 90 90 30 30 30 40 40 40 40 40 40 40 40 40 40 40 40 40 40 40 40 40 30 40 40 40 40 40 40 40 40 40 40 40 40 40 40 40 30 40 40 40 40 40 40 40 40 40 40 40 40 40 40 40 40 40 40 40 40 40 30 40 40 40 40 30 40 40 40 30 30 90 90 80 80 80 80 80 80 80 80 80 80 80 80 80 80 80 80 80 80 80 90 90 90 90 90 90 30 30 30 30 30 40
90 90 90 90 90 90 90 90 90 90 90 40 40 40 40 40 40 40 40 30 40 40 40 40 40 40 40 40 40 40 90 90 90 90 90 40 40 40 40 40 40 90 40 40 40 40 40 40 40 40 40 40 40 40 40 40 40 40 40 40 40 40 40 40 40 40 40 40 40 40 40 40 40 40 40 40 40 40 40 40 40 30 40 40 40 30 90 90 40 40 40 40 40 30 30 30 30 30 30 30 30 30 30 30 30 30 30 40 40 40 40 40 40 40 40 40 40 40 40 40 40 30 40 40 30 30 30 90 30 30 30 30 90 30 90 30 30 30 30 30 30 30 30 10 50 50 50 10 50 50 50 30 30 10 50 10 30 50 50 50 50 50 30 30 50 50 50 10 50 50 50 50 50 10 50 30 30 50 50 50 50 50 50 50 10 50 50 50 10 10 50 50 50 50 50 10 30 30 30 30 30 30 30 30 30 30 90 30 30 30 30 30 30 30 30 30 30 30 30 30 30 10 30 30 10 30 10 10 10 10 10 10 30 60 30 30 30 10 10 30 40 40 40 40 40 40 40 40 40 40 40 40 40 40 40 40 40 40 40 30 30 30 30 30 30 30 60 80 80 80 80 80 80 80 80 80 80 80 80 80 80 80 80 80 80 80 80 80 80 80 80 80 80 80 90 90 90 90 90 90 30 40 40 40 40 40 40 40 40 40 40 40 40 40 40 40 40 30 40 40 40 40 40 40 40 40 40 40 40 40 40 40 40 40 40 40 40 30 40 40 40 40 40 40 40 40 40 40 40 40 40 40 40 40 40 40 30 30 40 40 40 30 30 40 40 30 30 90 90 80 80 80 80 80 80 80 80 80 80 80 80 80 80 80 90 80 80 80 80 90 90 60 90 90 30 30 30 30 30 40
90 90 90 90 90 90 90 90 90 90 90 40 40 40 40 40 40 40 40 40 40 40 40 40 40 90 90 90 90 90 90 90 90 90 90 40 40 90 90 90 90 90 40 40 40 40 40 40 40 40 40 40 40 40 40 40 40 40 40 40 40 40 40 40 30 40 40 40 40 40 40 40 40 40 40 40 40 30 30 90 30 30 90 90 30 90 90 90 90 90 30 30 90 90 30 30 30 30 30 30 30 30 30 30 30 90 90 30 30 40 40 40 40 40 40 40 40 40 40 30 40 40 40 40 40 90 30 30 30 90 30 90 30 30 90 90 30 30 30 30 30 30 10 50 50 50 50 50 50 10 50 50 30 30 10 50 30 30 50 50 50 30 30 50 50 50 50 50 50 50 50 50 50 50 10 10 30 50 50 50 50 10 30 30 10 10 50 10 50 10 10 50 50 50 10 10 50 30 30 30 30 30 30 30 30 90 30 30 30 30 30 30 30 30 30 30 30 30 30 30 30 30 30 30 10 10 10 10 10 10 10 10 30 60 30 30 30 50 50 50 30 30 40 40 40 40 40 40 40 40 40 40 40 40 40 40 40 40 30 30 30 30 30 10 30 30 60 80 80 80 80 80 80 80 80 80 80 80 80 80 80 80 80 80 80 80 80 80 80 80 80 80 80 80 90 90 90 90 90 30 30 40 40 40 40 40 40 40 40 40 40 40 40 40 40 40 40 30 40 40 40 40 40 40 40 40 40 40 40 40 40 40 40 40 40 40 40 40 30 30 30 40 40 40 40 40 40 40 40 40 40 40 40 40 40 40 40 30 40 40 40 40 30 30 40 30 30 90 90 80 80 80 80 80 80 80 80 80 80 80 80 80 80 80 80 80 80 80 80 90 90 60 90 90 30 30 30 30 30 40
90 90 90 90 90 90 90 90 90 90 40 40 40 40 40 40 40 40 40 40 90 90 90 90 90 90 90 90 40 90 90 90 90 40 40 40 40 40 40 40 40 40 40 40 40 40 40 40 40 40 40 40 40 40 40 40 40 40 40 40 40 40 40 40 40 40 40 40 40 40 40 40 40 40 40 40 40 30 40 90 30 40 40 40 90 90 40 40 40 40 40 30 40 40 40 40 30 40 40 40 30 40 40 30 30 40 40 30 30 40 40 40 40 40 40 40 40 40 30 40 40 40 40 40 90 90 90 30 30 30 30 30 30 30 30 30 30 30 30 30 10 10 50 50 50 10 10 50 10 50 50 10 50 30 30 30 50 30 30 50 50 50 30 50 50 50 50 50 50 50 10 50 50 10 50 10 50 10 50 10 50 30 50 50 10 10 50 10 50 50 50 10 50 50 50 10 50 50 50 30 30 30 30 30 30 30 30 30 30 30 30 30 30 30 30 30 30 30 30 30 30 10 30 30 10 10 10 10 10 10 10 10 30 30 30 30 30 10 50 30 30 30 40 40 40 40 30 30 30 30 40 40 40 40 40 40 40 30 30 30 30 30 30 30 30 30 60 80 80 80 80 80 80 80 80 80 80 80 80 80 80 80 80 80 80 80 80 80 80 80 80 80 80 80 80 80 90 90 90 90 90 40 40 40 40 40 40 40 40 40 40 40 40 40 40 40 40 30 40 40 40 40 40 40 40 40 40 40 40 40 40 40 40 40 40 40 40 40 40 40 40 40 30 30 40 40 40 40 40 40 40 40 40 40 40 40 40 30 40 40 40 40 40 30 30 30 30 90 60 80 80 80 80 80 80 80 80 80 80 80 80 80 80 80 80 80 80 80 90 90 90 90 90 90 30 30 30 30 30 40
90 90 90 40 40 40 90 40 40 40 40 40 40 40 40 90 90 90 40 40 40 90 90 40 90 40 40 40 40 40 40 40 40 40 40 40 40 40 40 40 40 40 40 40 40 40 40 40 40 40 40 40 40 40 40 40 40 40 40 40 40 40 40 40 40 40 40 40 40 40 40 40 40 40 40 40 40 30 40 30 30 30 40 40 40 40 40 40 40 40 40 30 40 40 40 40 30 40 40 40 30 40 40 40 30 40 40 40 30 40 40 40 40 40 40 40 40 30 40 40 40 40 40 90 90 90 90 90 30 30 30 30 30 30 30 90 30 30 30 10 10 50 50 50 10 50 50 10 10 50 50 30 50 10 10 30 30 50 30 50 50 50 30 50 50 50 50 10 50 50 50 10 10 10 50 50 50 10 50 50 50 10 50 50 10 10 10 10 50 50 50 50 50 50 50 50 50 50 50 50 30 30 30 30 30 30 30 30 30 50 30 30 30 30 30 30 30 30 30 30 30 10 30 30 10 10 10 10 10 10 10 30 30 30 30 30 30 10 30 30 30 30 40 40 40 40 30 30 40 40 40 40 40 40 40 30 30 30 30 30 30 30 30 30 30 30 60 80 80 80 80 80 80 80 80 80 80 80 80 80 80 80 80 80 80 80 80 80 80 80 80 80 80 80 80 90 90 90 90 90 30 40 40 40 40 40 40 40 40 40 40 40 40 40 40 40 40 30 40 40 40 40 40 40 40 40 40 40 40 40 40 40 40 40 40 40 40 40 40 40 40 40 40 40 40 30 30 40 40 40 40 40 40 40 40 40 40 30 40 40 40 40 40 40 30 30 30 90 60 80 80 80 80 80 80 80 80 80 80 80 80 80 80 80 80 80 80 80 90 90 60 90 90 90 30 30 30 30 30 30
90 90 90 40 40 40 40 40 40 40 40 40 40 40 40 90 90 40 40 90 90 90 90 90 90 90 40 40 40 40 90 90 40 40 40 40 40 40 40 40 40 40 40 40 40 40 40 40 40 40 40 40 40 40 40 40 40 40 40 40 40 40 40 40 40 40 40 40 40 40 40 40 40 40 40 40 40 30 40 30 40 90 40 40 40 40 40 40 40 40 40 30 40 40 40 40 40 40 40 40 30 40 40 40 30 40 40 40 30 40 40 40 40 40 40 40 30 40 40 40 40 40 40 90 90 80 80 90 90 30 30 30 30 30 30 30 50 30 30 50 50 50 50 50 50 50 50 50 50 50 10 10 10 50 50 10 30 30 50 50 50 50 50 30 50 50 50 50 10 10 50 10 50 50 50 50 50 50 50 10 50 50 10 10 50 10 50 50 50 10 50 50 50 10 50 50 50 50 50 50 50 30 30 30 30 30 30 30 30 30 30 30 30 30 30 30 30 30 30 30 10 30 30 10 10 30 10 10 10 10 30 30 30 30 30 30 50 30 10 10 30 10 30 40 40 40 90 10 40 40 40 40 40 40 40 30 10 10 10 30 30 30 30 30 30 30 60 80 80 80 80 80 80 80 80 80 80 80 80 80 80 80 80 80 80 80 80 80 80 80 80 80 80 80 80 90 90 90 90 30 30 40 40 40 40 40 40 40 40 40 40 40 40 40 40 40 40 40 40 40 40 40 40 40 40 40 40 40 40 40 40 40 40 40 40 40 40 40 40 40 40 40 40 40 40 40 40 40 30 30 40 40 40 40 40 40 40 30 40 40 40 40 40 40 40 30 30 90 90 60 80 80 80 80 80 80 80 80 80 80 80 80 80 80 80 80 90 90 80 80 90 60 90 90 30 30 30 30 30 40
90 90 90 40 40 40 40 40 40 40 40 40 40 40 40 90 90 40 40 90 90 90 90 90 40 40 40 40 40 40 90 90 90 40 40 40 40 40 40 40 40 40 40 40 40 40 40 40 40 40 40 40 40 40 40 40 40 40 40 40 40 40 40 40 40 40 40 40 40 40 40 40 40 40 40 40 40 30 30 30 30 90 90 90 90 90 90 90 90 90 90 30 40 40 40 40 40 40 40 40 30 40 40 40 30 40 40 40 30 40 40 40 40 40 40 30 40 40 40 40 40 40 40 40 90 90 80 90 80 30 50 30 30 30 30 50 50 10 50 50 50 10 10 50 50 50 10 50 50 30 30 50 50 10 50 10 10 30 50 50 30 30 50 50 50 50 10 50 50 10 50 50 10 50 50 50 50 50 50 10 50 50 50 50 10 10 50 50 10 50 50 50 50 50 50 50 50 50 50 50 50 50 50 10 30 30 30 30 30 30 30 30 30 30 30 30 30 30 30 30 30 30 90 30 10 10 10 10 10 10 30 30 30 30 30 50 50 30 30 50 30 10 10 30 40 40 90 30 40 40 40 90 90 90 30 30 10 10 30 30 30 30 30 30 30 30 80 80 80 80 80 80 80 80 80 80 80 80 80 80 80 80 80 80 80 80 80 80 80 80 80 80 80 80 90 90 90 90 90 30 30 40 40 40 40 40 40 40 40 40 40 40 40 40 40 40 30 40 40 40 40 40 40 40 40 40 40 40 40 40 40 40 40 40 40 40 40 40 40 40 40 40 40 40 40 40 40 40 40 40 30 40 40 40 40 40 40 30 40 40 40 40 40 40 40 40 30 30 90 60 80 80 80 80 80 80 80 80 80 80 80 80 80 80 80 80 80 90 80 80 90 90 90 90 90 30 30 30 30 40
90 90 90 90 90 90 90 90 30 30 90 30 30 90 90 90 90 90 90 90 40 40 90 40 40 40 40 90 90 90 90 90 90 90 40 40 40 40 40 40 40 40 40 40 40 40 40 40 40 40 40 40 40 40 40 40 40 40 40 40 40 40 40 40 40 40 40 40 40 40 40 40 40 40 40 40 40 30 40 40 40 40 40 40 40 40 40 40 40 40 40 30 40 40 40 40 40 40 40 40 30 40 40 40 40 40 40 40 30 40 40 40 40 40 30 30 40 40 40 40 40 40 40 40 40 90 30 80 30 50 50 30 30 30 30 30 50 50 50 50 10 10 50 50 50 10 50 50 30 10 50 50 10 10 10 50 50 30 30 30 50 50 30 50 50 50 10 30 50 50 50 50 50 10 50 10 10 50 50 50 10 10 10 50 50 50 50 50 10 50 50 50 50 50 50 50 10 50 50 50 50 10 50 10 10 30 30 30 30 10 30 30 30 30 30 30 30 30 30 30 30 30 30 10 10 10 10 10 10 10 30 30 30 30 30 50 30 30 10 50 50 10 30 10 30 30 30 30 40 40 90 90 30 30 30 30 30 30 30 30 30 30 30 30 30 80 80 80 80 80 80 80 80 80 80 80 80 80 80 80 80 80 80 80 80 80 80 80 80 80 80 80 80 80 80 90 60 90 30 90 30 40 40 40 40 40 40 40 40 40 40 40 40 40 40 40 30 40 40 40 40 40 40 40 40 40 40 40 40 40 40 40 40 40 40 40 40 40 40 40 40 40 40 40 40 40 40 40 40 40 40 40 40 40 30 40 40 30 40 40 40 40 40 40 40 40 30 30 30 90 60 80 80 80 80 80 80 80 80 80 80 80 80 80 80 80 80 80 80 90 90 90 90 90 90 30 30 30 40 40
30 90 90 90 30 90 40 40 40 40 40 40 40 90 40 40 90 90 90 90 40 40 40 40 40 40 90 90 90 90 90 90 90 90 40 40 40 40 40 40 40 40 40 40 40 40 40 40 40 40 40 40 40 40 40 40 40 40 40 40 40 40 40 40 40 40 40 40 40 40 40 40 40 40 40 40 40 30 40 40 40 40 40 40 40 40 40 40 40 40 40 30 40 40 40 40 30 40 40 40 30 40 40 30 30 40 40 40 30 30 40 40 90 30 30 40 40 40 40 40 40 40 40 40 40 40 30 30 30 50 50 50 50 50 30 30 10 50 50 10 10 50 50 10 50 50 50 50 10 50 50 10 10 10 50 50 50 50 30 30 30 50 50 50 50 50 50 10 50 50 10 10 50 50 50 50 50 10 50 50 10 50 10 50 10 10 10 10 50 10 50 10 30 10 50 50 50 50 50 50 50 50 50 50 50 50 30 30 30 30 30 30 30 30 30 30 30 30 30 30 30 30 10 10 10 10 10 10 10 30 30 30 50 50 50 10 50 50 10 10 10 10 10 10 10 30 30 30 30 30 30 30 90 90 30 30 30 30 30 90 30 30 90 30 90 80 80 80 80 80 80 80 80 80 80 80 80 80 80 80 80 80 80 80 80 80 80 80 80 80 80 80 80 80 80 90 60 90 30 30 30 40 40 40 40 40 40 40 40 40 40 40 40 40 40 40 40 40 40 40 40 40 40 40 40 40 40 40 40 40 40 40 40 40 40 40 40 40 40 40 40 40 40 40 40 40 40 40 40 40 40 40 40 40 40 40 30 30 30 40 40 40 40 40 40 40 30 30 30 30 90 80 80 80 80 80 80 80 80 80 80 80 80 80 80 80 80 80 80 90 90 90 90 90 90 30 30 30 40 40
40 40 40 40 40 40 40 40 40 40 40 40 40 90 40 40 40 90 90 90 90 90 40 40 40 40 90 90 90 90 90 90 90 90 40 40 40 40 40 40 40 40 40 40 40 40 40 40 40 40 40 40 40 40 40 40 40 40 40 40 40 40 40 40 40 40 40 40 40 40 40 40 40 40 40 40 40 30 40 40 40 40 40 40 40 40 40 40 40 40 40 30 40 40 40 40 40 40 40 40 30 40 30 30 30 40 40 40 30 30 40 40 30 30 40 40 40 40 40 40 40 40 40 40 90 90 90 30 30 30 50 50 30 30 30 30 50 50 50 10 50 50 50 50 50 50 50 10 50 50 10 10 50 50 50 50 50 50 50 50 30 30 50 50 10 50 50 50 50 10 50 10 50 10 50 50 50 10 10 50 10 50 50 10 50 50 50 10 10 50 50 30 30 10 30 30 50 10 50 50 50 50 50 50 50 50 50 50 30 30 30 10 30 30 30 30 30 30 30 30 10 10 30 10 10 10 10 10 50 30 30 30 30 50 60 30 10 10 10 10 10 10 10 10 10 10 10 10 30 30 90 90 90 90 90 30 30 30 90 30 90 30 30 90 80 80 80 80 80 80 80 80 80 80 80 80 80 80 80 80 80 80 80 80 80 80 80 80 80 80 80 80 80 80 80 80 60 30 30 30 40 40 40 40 40 40 40 40 40 40 40 40 40 40 40 30 40 40 40 40 40 40 40 40 40 40 40 40 40 40 40 40 40 40 40 40 40 40 40 40 40 40 40 40 40 40 40 40 40 40 40 40 40 40 40 40 30 30 40 40 40 40 40 40 40 40 30 30 30 30 90 60 80 80 80 80 80 80 80 80 80 80 80 80 80 80 80 80 90 80 90 90 90 90 30 30 30 30 40 40
40 40 40 30 40 40 90 40 40 40 40 40 40 40 40 40 40 90 40 90 90 90 90 40 40 40 90 90 90 90 90 90 90 90 40 40 40 40 40 40 40 40 40 40 40 40 40 40 40 40 40 40 40 40 40 40 40 40 40 40 40 40 40 40 40 40 40 40 40 40 40 40 40 40 40 40 40 90 30 30 40 40 40 30 30 40 40 90 40 30 30 30 40 40 40 40 30 40 40 40 30 40 30 30 30 40 40 40 30 30 40 90 90 30 40 40 40 40 40 40 40 40 40 40 90 30 50 30 30 30 30 30 30 30 30 50 50 50 50 10 50 10 50 50 50 10 10 50 50 10 10 10 50 50 50 50 50 50 50 30 30 30 10 50 50 50 50 50 50 10 10 50 10 10 10 10 50 50 50 10 10 50 10 50 10 10 50 50 10 50 50 10 10 10 30 50 50 10 50 50 50 50 10 50 10 50 50 50 30 30 30 10 30 30 30 30 30 30 30 30 30 30 30 30 30 30 30 30 30 30 30 30 30 60 30 10 50 10 30 10 10 10 10 10 10 10 10 10 30 30 30 30 90 30 30 30 90 90 90 90 90 90 90 80 80 80 80 80 80 80 80 80 80 80 80 80 80 80 80 80 80 80 80 80 80 80 80 80 80 80 80 80 80 80 80 90 60 30 30 30 40 40 40 40 40 40 40 40 40 40 40 40 40 40 40 30 40 40 40 40 40 40 40 40 40 40 40 40 40 40 40 40 40 40 40 40 40 40 40 40 40 40 40 40 40 40 40 40 40 40 40 40 40 40 40 40 40 30 40 40 40 40 40 40 40 40 30 30 30 30 30 90 80 80 80 80 80 80 80 80 80 80 80 80 80 80 80 80 90 90 90 90 90 90 30 30 30 30 40 40
90 90 90 90 90 90 90 90 40 40 40 40 40 90 40 40 40 90 90 90 90 40 40 40 40 40 90 90 90 90 90 90 90 90 40 40 40 40 40 40 40 40 40 40 40 40 40 40 40 40 40 40 40 40 40 40 40 40 40 40 40 40 40 40 40 40 40 40 40 40 40 40 40 40 40 40 40 30 40 40 40 40 40 40 40 40 40 30 40 30 30 30 40 40 40 40 30 40 40 40 30 30 30 30 90 40 40 40 30 30 30 90 90 90 40 40 40 40 40 40 40 40 40 90 30 30 50 50 30 30 30 30 30 30 30 30 50 10 50 30 10 50 50 50 10 10 50 50 50 10 10 10 50 50 50 10 50 50 30 30 30 30 30 30 50 50 50 50 50 50 50 10 10 10 10 10 10 10 10 10 10 50 50 50 10 10 50 50 50 60 50 10 30 50 50 50 50 50 50 50 50 50 50 50 50 50 50 50 10 30 50 10 10 10 30 10 10 10 10 30 30 30 30 30 30 30 30 30 30 30 30 30 30 30 60 50 10 10 10 10 10 10 10 10 10 10 10 90 90 30 90 90 90 90 90 90 90 90 30 90 90 90 80 80 80 80 80 80 80 80 80 80 80 80 80 80 80 80 80 80 80 80 80 80 80 80 80 80 80 80 80 80 80 80 80 90 90 30 30 40 40 40 40 40 40 40 40 40 40 40 40 40 40 40 40 30 40 40 40 40 40 40 40 40 40 40 40 40 40 40 40 40 40 40 40 40 40 40 40 40 40 40 40 40 40 40 40 40 40 40 40 40 40 40 40 40 40 40 30 40 40 40 40 40 40 40 30 30 30 30 30 30 90 80 80 80 80 80 80 80 80 80 80 80 80 80 80 80 80 80 90 90 90 90 30 30 30 30 40 40
90 90 90 90 90 90 90 90 40 40 40 40 40 90 40 40 40 90 90 90 90 40 40 40 40 40 90 90 90 90 90 90 90 90 40 40 40 40 40 40 40 40 40 40 40 40 40 40 40 40 40 40 40 40 40 40 40 40 40 40 40 40 40 40 40 40 40 40 40 40 40 40 40 40 40 40 40 40 40 40 40 40 40 40 40 40 40 30 40 40 40 30 40 40 40 40 40 40 40 40 30 30 30 30 90 40 40 40 30 30 40 40 40 40 40 40 40 40 40 40 40 30 30 30 30 50 50 60 30 30 30 30 30 30 30 30 30 50 30 50 50 50 50 10 10 50 50 10 50 50 30 50 30 10 10 50 50 30 30 30 30 30 30 10 10 50 50 50 50 50 50 10 50 50 50 10 50 10 50 10 50 50 50 10 50 10 50 50 50 50 50 50 10 50 50 50 50 50 10 10 50 50 50 50 50 50 50 50 50 50 50 10 10 30 30 50 30 30 30 30 30 30 30 30 30 30 30 30 30 30 30 30 30 30 60 50 10 10 10 10 10 10 10 10 10 10 10 90 90 90 90 90 90 90 90 90 90 90 90 90 80 80 80 80 80 80 80 80 80 80 80 80 80 80 80 80 80 80 80 80 80 80 80 80 80 80 80 80 80 80 80 80 80 80 80 90 90 30 30 40 40 40 40 40 40 40 40 40 40 40 40 40 40 40 40 40 40 40 40 40 40 40 40 40 40 40 40 40 40 40 40 40 40 40 40 40 40 40 40 40 40 40 40 40 40 40 40 40 40 40 40 40 40 40 40 40 40 40 30 40 40 40 40 40 40 40 40 30 30 30 30 30 90 80 80 80 80 80 80 80 80 80 80 80 80 80 80 80 80 80 80 90 90 90 30 30 30 30 40 40
90 90 90 90 40 90 90 90 40 40 40 40 40 90 40 40 40 90 90 90 90 90 90 40 40 40 90 90 90 90 90 90 90 90 40 40 40 40 40 40 40 40 40 40 40 40 40 40 40 40 40 40 40 40 40 40 40 40 40 40 40 40 40 40 40 40 40 40 40 40 40 40 40 40 40 40 40 40 40 40 40 40 40 40 40 40 40 40 40 40 40 30 40 40 40 40 40 40 40 40 30 30 30 30 90 40 40 40 30 30 40 40 40 40 40 40 40 40 40 40 30 90 30 30 30 50 60 50 30 30 30 50 30 30 30 50 50 50 50 10 50 10 10 10 50 50 10 10 10 50 50 30 30 10 50 50 30 30 30 30 30 90 30 50 50 10 50 50 50 50 50 50 50 10 50 10 10 10 50 50 10 10 10 10 50 50 50 50 50 50 50 50 50 50 50 50 50 10 50 50 50 50 50 50 50 50 50 50 50 10 50 50 50 50 50 50 30 30 30 30 30 30 30 30 30 30 30 30 30 30 30 30 30 30 60 10 10 10 50 50 10 10 10 10 10 10 10 90 90 90 90 80 60 90 80 90 90 90 90 90 80 80 80 80 80 80 80 80 80 80 80 80 80 80 80 80 80 80 80 80 80 80 80 80 80 80 80 80 80 80 80 80 80 80 90 90 90 30 30 40 40 40 40 40 40 40 40 40 40 40 40 40 40 40 30 40 40 40 40 40 40 40 40 40 40 40 40 40 40 40 40 40 40 40 40 40 40 40 40 40 40 40 40 40 40 40 40 40 40 40 40 40 40 40 40 40 40 40 30 40 40 40 40 40 40 40 40 30 30 30 30 30 90 90 80 80 80 80 80 80 80 80 80 80 80 80 80 80 80 80 80 80 90 90 30 30 30 30 40 40
90 90 90 90 90 90 90 90 40 40 40 40 40 90 90 40 90 90 30 30 30 30 30 30 30 30 30 90 90 90 30 90 30 30 40 40 40 40 40 40 40 40 40 40 40 40 40 40 40 40 40 40 40 40 40 40 40 40 40 40 40 40 40 40 40 40 40 40 40 40 40 40 40 40 40 40 40 40 40 40 40 40 40 40 40 40 40 30 40 30 30 30 40 40 40 40 40 40 40 40 30 30 30 30 30 40 40 40 30 30 40 40 40 40 40 40 40 40 30 90 90 90 90 90 90 30 50 50 30 30 30 30 30 30 50 50 50 10 50 50 50 50 50 50 50 50 10 10 10 50 50 50 50 50 50 50 30 30 30 30 30 30 30 30 50 30 30 50 50 30 30 50 30 30 50 50 10 10 50 50 50 50 50 10 50 50 50 10 50 50 10 10 30 30 30 30 10 10 50 50 10 50 50 10 50 50 50 50 50 10 50 50 50 50 50 30 30 30 30 30 30 30 30 30 30 30 30 30 30 30 30 30 30 30 30 10 10 50 50 10 10 10 10 10 10 10 90 90 90 90 80 80 80 80 80 80 90 80 80 80 80 80 80 80 80 80 80 80 80 80 80 80 80 80 80 80 80 80 80 80 80 80 80 80 80 80 80 80 80 80 80 80 80 80 90 90 30 30 30 40 40 40 40 40 40 40 40 40 40 40 40 40 40 40 30 40 40 40 40 40 40 40 40 40 40 40 40 40 40 40 40 40 40 40 40 40 40 40 40 40 40 40 40 40 40 40 40 40 40 40 40 40 40 40 40 40 40 40 30 40 40 40 40 40 40 40 40 30 30 30 30 30 30 90 80 80 80 80 80 80 80 80 80 80 80 80 80 80 80 80 80 80 90 90 30 30 30 40 40 40
90 90 90 90 40 90 90 40 40 40 40 40 40 40 40 40 40 40 40 40 40 40 40 40 40 40 40 40 40 40 40 40 40 40 40 40 40 40 40 40 40 40 40 40 40 40 40 40 40 40 40 40 40 40 40 40 40 40 40 40 40 40 40 40 40 40 40 40 40 40 40 40 40 40 40 40 40 40 40 40 40 40 40 40 40 40 40 40 40 40 40 30 40 40 40 40 40 40 40 40 40 40 40 40 90 40 40 40 30 40 40 40 40 40 40 40 40 30 30 90 90 90 90 90 30 30 30 50 30 50 30 30 30 30 10 50 50 10 50 50 50 50 30 50 50 50 50 50 50 50 10 50 50 50 30 50 10 50 30 30 30 30 90 30 30 50 50 30 50 50 30 30 50 50 50 50 50 50 50 10 10 50 10 10 10 10 10 50 50 50 50 30 30 10 10 10 10 50 10 10 10 50 50 50 50 10 50 50 50 10 10 10 50 50 50 30 30 30 30 30 30 30 30 30 30 30 30 30 30 30 30 30 30 30 60 10 10 50 50 10 10 10 10 10 10 10 30 90 90 90 60 80 80 80 80 80 80 80 80 80 80 80 80 80 80 80 80 80 80 80 80 80 80 80 80 80 80 80 80 80 80 80 80 80 80 80 80 80 80 80 80 80 80 80 60 90 30 30 30 40 40 40 40 40 40 40 40 40 40 40 40 40 40 40 40 40 40 40 40 40 40 40 40 40 40 40 40 40 40 40 40 40 40 40 40 40 40 40 40 40 40 40 40 40 40 40 40 40 40 40 40 40 40 40 40 40 40 40 30 40 40 40 40 40 40 40 40 30 30 30 30 30 30 90 80 80 80 80 80 80 80 80 80 80 80 80 80 80 80 80 80 80 90 90 30 30 30 40 40 40
90 90 90 90 40 90 90 90 40 40 40 40 40 40 40 40 40 40 40 40 40 40 40 40 40 40 40 40 40 40 40 40 40 40 40 40 40 40 40 40 40 40 40 40 40 40 40 40 40 40 40 40 40 40 40 40 40 40 40 40 40 40 40 40 40 40 40 40 30 40 40 40 40 30 40 40 40 40 40 40 40 40 40 40 40 40 40 40 40 40 40 30 40 40 40 40 40 40 40 40 30 40 30 30 90 40 40 40 30 40 40 40 40 40 40 40 90 30 30 90 90 90 30 30 30 30 30 30 50 30 30 30 30 30 30 30 50 50 50 10 10 50 50 50 50 10 10 50 50 50 50 50 50 30 10 50 50 10 50 30 30 30 30 30 50 50 50 50 30 10 50 40 40 50 50 50 50 50 50 50 10 50 50 50 10 10 50 10 50 10 50 50 10 50 10 50 50 50 10 10 50 50 50 50 50 50 50 50 50 10 10 10 50 50 50 30 30 30 30 30 30 30 30 30 30 30 30 30 30 30 30 30 30 30 30 10 10 10 50 10 50 10 10 10 10 10 30 30 30 60 60 80 80 80 80 80 80 80 80 80 80 80 80 80 80 80 80 80 80 80 80 80 80 80 80 80 80 80 80 80 80 80 80 80 80 80 80 80 80 80 80 80 80 80 90 90 30 30 30 40 40 40 40 40 40 40 40 40 40 40 40 40 40 40 40 40 40 40 40 40 40 40 40 40 40 40 40 40 40 40 40 40 40 40 40 40 40 40 40 40 40 40 40 40 40 40 40 40 40 40 40 40 40 40 40 40 40 40 30 30 40 40 40 40 40 40 40 30 30 30 30 30 30 90 80 80 80 80 80 80 80 80 80 80 80 80 80 80 80 80 80 80 80 90 30 30 30 40 40 40
90 90 90 90 40 30 90 90 40 40 40 40 40 40 40 40 40 40 40 40 40 40 40 40 40 40 40 40 40 40 40 40 40 40 40 40 40 40 40 40 40 40 40 40 40 40 40 40 40 40 40 40 40 40 40 40 40 40 40 30 40 40 40 40 40 40 40 40 40 40 40 40 40 30 40 40 40 40 40 40 40 40 40 40 40 40 40 40 40 40 40 30 40 40 40 40 30 40 40 40 30 40 40 90 90 40 40 40 30 40 40 40 40 40 30 30 30 30 30 90 30 30 30 30 90 30 30 30 30 30 30 40 40 40 30 30 50 50 50 50 50 50 50 50 50 50 10 50 50 30 30 50 30 30 50 50 30 50 30 30 30 30 30 30 10 50 50 50 50 10 10 50 30 60 50 50 50 50 50 50 50 50 50 10 50 50 50 10 10 50 50 50 10 10 10 10 10 50 50 50 50 50 50 10 50 10 50 50 50 50 10 50 50 50 50 30 30 30 30 30 30 30 30 30 30 30 30 30 30 30 30 30 30 30 30 30 10 10 50 50 50 50 10 10 10 50 10 30 90 80 80 80 80 80 80 80 80 80 80 80 80 80 80 80 80 80 80 80 80 80 80 80 80 80 80 80 80 80 80 80 80 80 80 80 80 80 80 80 80 80 80 80 80 90 90 30 30 30 30 40 40 40 40 40 40 40 40 40 40 40 40 40 40 30 40 40 40 40 40 40 40 40 40 40 40 40 40 40 40 40 40 40 40 40 40 40 40 40 40 40 40 40 40 40 40 40 40 40 40 40 40 40 40 40 40 40 40 40 30 30 30 30 40 40 40 40 40 30 30 30 30 30 30 30 80 80 80 80 80 80 80 80 80 80 80 80 80 80 80 80 80 80 80 90 30 30 30 40 40 40
90 90 90 90 40 40 40 40 40 40 40 40 40 40 40 40 40 40 40 40 40 40 40 40 40 40 40 40 40 40 40 40 40 40 40 40 40 40 40 40 40 40 40 40 40 40 40 40 40 40 40 40 40 40 40 40 40 40 40 40 40 40 40 40 40 40 40 40 40 40 40 40 40 40 40 40 40 30 40 40 40 40 40 40 40 40 40 40 40 40 40 30 40 40 40 40 30 40 40 40 30 40 40 40 90 40 40 40 30 30 40 40 40 30 30 30 30 90 90 30 30 90 30 30 30 30 90 30 30 30 40 40 40 40 40 30 30 50 50 50 30 30 30 50 50 50 10 50 50 50 50 10 50 50 50 50 50 50 50 30 30 30 30 30 30 30 50 50 50 50 50 10 50 50 50 50 50 50 10 50 30 10 50 10 10 50 10 50 10 50 50 50 10 50 10 50 50 50 50 50 50 50 50 10 50 50 10 50 50 50 50 10 50 50 30 30 30 30 30 30 30 30 30 30 30 30 30 30 30 30 30 30 30 30 30 30 10 10 50 50 10 10 50 10 10 10 30 30 90 80 80 80 80 80 80 80 80 80 80 80 80 80 80 80 80 80 80 80 80 80 80 80 80 80 80 80 80 80 80 80 80 80 80 80 80 80 80 80 80 80 80 80 80 90 90 30 30 30 30 40 40 40 40 40 40 40 40 40 40 40 40 40 40 40 40 40 40 40 40 40 40 40 40 40 40 40 40 40 40 40 40 40 40 40 40 40 40 40 40 40 40 40 40 40 40 40 40 40 40 40 40 40 40 40 40 40 40 40 30 30 30 30 40 40 40 40 40 30 30 30 30 30 30 30 80 80 80 80 80 80 80 80 80 80 80 80 80 80 80 80 80 80 80 90 30 30 30 40 40 40
90 90 90 90 40 40 90 40 40 40 40 40 40 40 40 40 40 40 40 40 40 40 40 40 40 40 40 40 40 40 40 40 40 40 40 40 40 40 40 40 40 40 40 40 40 40 40 40 40 40 40 40 40 40 40 40 40 40 40 90 40 40 40 40 40 40 40 40 40 40 40 40 40 40 40 40 40 30 40 40 40 30 30 30 30 40 30 30 30 40 30 30 40 40 40 40 30 40 40 40 30 30 30 90 90 40 40 30 30 40 40 30 30 30 30 30 90 30 30 30 30 90 30 30 30 30 30 30 30 40 40 40 40 40 40 40 40 30 50 30 30 30 30 30 50 50 50 50 50 50 30 30 50 50 50 30 50 50 30 30 30 30 30 30 30 30 30 50 30 50 10 10 30 50 50 50 50 50 50 30 50 50 10 50 50 10 50 50 50 50 10 50 10 10 50 10 10 10 50 10 30 30 50 50 50 50 50 50 50 50 50 50 10 50 50 30 30 30 30 30 30 30 30 30 30 30 30 30 30 30 30 30 30 30 30 30 10 10 10 50 10 10 30 30 90 90 90 90 90 90 90 90 90 90 90 80 80 80 80 80 80 80 80 80 80 80 80 80 80 80 80 80 80 80 80 80 80 80 80 80 80 80 80 80 80 80 80 80 80 80 80 80 60 90 30 30 30 30 30 40 40 40 40 40 40 40 40 40 40 40 40 40 30 40 40 40 40 40 40 40 40 40 40 40 40 40 40 40 40 40 40 40 40 40 40 40 40 40 40 40 40 40 40 40 40 40 40 40 40 40 40 40 40 40 40 40 40 40 40 30 30 30 30 40 40 40 40 30 30 30 30 30 30 30 90 80 80 80 80 80 80 80 80 80 80 80 80 80 80 80 80 80 80 90 30 30 90 40 40 40
30 90 90 90 40 40 40 40 40 40 40 40 40 40 40 40 40 40 40 40 40 40 40 40 40 40 40 40 40 40 40 40 40 40 40 40 40 40 40 40 40 40 40 40 40 40 40 40 40 40 40 40 40 40 40 40 40 40 40 40 40 40 40 40 40 40 40 40 40 40 40 40 40 40 40 40 40 40 40 40 40 40 40 40 40 40 40 40 40 40 40 40 40 90 30 30 40 90 30 90 90 40 30 40 40 40 40 40 30 30 30 30 40 30 90 30 90 90 30 30 30 30 30 30 30 30 30 30 30 40 40 40 40 40 40 40 40 40 30 40 30 30 30 50 30 50 50 50 50 50 50 50 50 50 30 30 30 30 30 30 30 30 30 30 30 30 30 30 30 30 50 50 30 30 50 50 50 50 50 10 10 50 50 50 50 50 50 50 10 10 10 50 10 10 50 50 50 50 50 50 50 30 50 50 50 50 50 50 50 50 10 50 50 50 50 30 30 30 30 30 30 30 30 30 30 30 30 30 30 30 30 30 30 30 30 30 10 10 10 10 50 10 30 30 90 90 90 90 60 60 60 90 30 30 30 60 60 80 80 80 80 80 80 80 80 80 80 80 80 80 80 80 80 80 80 80 80 80 80 80 80 80 80 80 80 80 80 80 80 80 80 90 90 30 30 30 30 30 30 40 40 40 40 40 40 40 40 40 40 40 40 40 30 40 40 40 40 40 40 40 40 40 40 40 40 40 40 40 40 40 40 40 40 40 40 40 40 40 40 40 40 40 40 40 40 40 40 40 40 40 40 40 40 40 40 40 40 40 40 30 30 30 30 30 30 30 30 30 30 30 30 30 30 30 90 80 80 80 80 80 80 80 80 80 80 80 80 80 80 80 80 80 80 60 30 30 30 40 40 40
90 30 30 90 90 90 90 90 40 40 90 40 90 90 40 40 40 40 40 40 40 40 40 40 40 40 40 40 40 40 40 40 40 40 40 40 40 40 40 40 40 40 40 40 40 40 40 40 40 40 40 40 40 40 40 40 40 40 40 40 40 40 40 40 40 40 40 40 40 40 40 40 40 40 40 40 40 40 40 40 40 40 40 40 40 40 40 40 40 40 40 40 40 40 40 40 40 40 40 40 40 40 40 40 40 40 40 40 30 30 40 40 30 30 30 30 40 30 30 30 30 30 30 30 30 30 30 40 40 40 40 40 40 40 40 40 40 40 30 30 30 30 30 30 30 10 50 50 50 50 50 50 50 50 30 30 30 30 30 30 30 30 30 30 30 30 30 30 30 50 50 50 50 30 50 50 50 30 50 50 50 50 50 50 50 50 50 50 10 50 10 50 50 10 50 10 50 50 50 50 50 10 50 50 50 50 50 50 50 50 50 50 50 50 50 30 30 30 30 30 30 30 30 30 30 30 30 30 30 30 30 30 30 30 30 30 50 10 10 10 10 10 10 10 30 90 90 90 90 60 30 30 30 90 90 30 30 60 80 80 80 80 80 80 80 80 80 80 80 80 80 80 80 80 80 80 80 80 80 80 80 80 80 80 80 80 80 80 80 80 90 90 30 30 30 30 40 40 40 30 30 40 40 40 40 40 40 40 40 40 40 40 30 40 40 40 40 40 40 40 40 40 40 40 40 40 40 40 40 40 40 40 40 40 40 40 40 40 40 40 40 40 40 40 40 40 40 40 40 40 60 40 40 40 40 40 40 40 40 30 30 30 30 30 30 30 30 30 30 30 30 30 30 30 90 80 80 80 80 80 80 80 80 80 80 80 80 80 80 80 80 80 90 60 30 30 30 40 40 40
90 30 90 90 90 90 90 90 30 30 30 30 90 30 30 30 30 30 40 40 40 40 40 40 40 40 40 40 40 40 40 40 40 40 40 40 40 40 40 40 40 40 40 40 40 40 40 40 40 40 40 40 40 40 40 40 40 40 40 40 40 40 40 40 40 40 40 40 40 40 40 40 40 40 40 40 40 90 40 40 40 40 40 40 40 40 40 40 40 40 40 40 40 40 40 40 40 40 40 40 40 40 40 40 40 40 40 40 30 30 30 30 30 30 90 90 30 30 30 30 30 30 30 30 30 30 30 40 40 40 40 40 40 40 40 40 40 40 40 40 30 30 30 30 10 30 10 50 50 50 50 50 50 30 30 30 30 30 30 30 30 30 30 30 30 50 50 30 30 50 10 30 30 30 30 50 50 30 30 50 10 50 50 50 50 50 50 10 50 50 10 50 50 50 10 50 50 50 50 50 50 50 50 50 10 50 50 50 50 50 50 10 10 50 50 30 30 30 30 30 30 30 30 30 30 30 30 30 30 30 30 30 30 30 30 50 10 10 50 10 30 30 50 90 90 90 90 90 30 30 30 30 90 90 30 30 30 30 80 80 80 80 80 80 80 80 80 80 80 80 80 80 80 80 80 80 80 80 80 80 80 80 80 80 80 80 80 80 90 90 90 30 30 30 40 40 40 40 40 40 40 40 30 30 40 40 40 40 40 40 40 40 40 40 40 40 40 40 40 40 40 40 40 40 40 40 40 40 40 40 40 40 40 40 40 40 40 40 40 40 40 40 40 40 40 40 40 40 40 40 40 40 40 40 40 40 40 40 40 40 40 40 30 30 30 30 30 30 30 30 30 30 30 30 90 80 80 80 80 80 80 80 80 80 80 80 80 80 80 80 80 80 90 30 30 30 30 40 40 40
90 90 90 90 90 90 90 80 80 80 80 80 80 80 90 30 30 30 30 90 90 90 90 90 40 40 40 40 40 40 40 40 40 40 40 40 40 40 40 40 40 40 40 40 40 40 40 40 40 40 30 40 40 40 40 40 40 40 40 40 40 40 40 40 40 40 40 40 40 40 40 40 40 40 40 40 40 90 40 40 40 40 40 40 30 40 40 40 40 40 40 40 30 30 30 30 30 40 90 90 30 30 30 30 30 30 30 30 30 30 30 30 30 30 90 50 30 30 30 30 30 30 30 30 30 30 30 40 40 40 40 40 40 40 40 40 40 40 40 40 40 30 30 30 30 30 90 30 50 30 50 30 30 30 30 30 30 30 30 30 30 30 30 30 10 50 50 50 50 50 50 50 10 50 50 30 50 30 50 50 50 50 50 50 50 50 50 50 50 50 50 50 50 10 10 10 10 50 50 50 10 50 10 50 50 50 50 50 50 50 30 10 10 50 50 10 30 30 30 30 30 30 30 30 30 30 30 30 30 30 30 30 30 30 30 10 10 10 50 10 50 30 30 90 90 80 90 30 30 30 30 90 30 30 30 30 30 90 90 90 80 80 80 80 80 80 80 80 80 80 80 80 80 80 80 80 80 80 80 80 80 80 80 80 80 80 90 90 90 30 30 30 40 40 40 40 40 40 40 40 40 40 40 40 30 30 30 40 40 40 40 40 40 40 40 40 40 40 40 40 40 40 40 40 40 40 40 40 40 40 40 40 40 40 40 40 40 40 40 40 40 40 40 40 40 40 40 40 40 40 40 40 40 40 40 40 40 40 40 40 40 40 40 30 30 30 30 30 30 30 30 30 30 30 90 80 80 80 80 80 80 80 80 80 80 80 80 80 80 80 80 80 90 30 30 30 30 30 30 30
90 90 90 90 90 80 80 80 80 80 80 80 80 80 80 80 80 90 30 30 30 30 30 30 30 90 90 90 40 40 40 40 40 40 40 40 40 40 40 40 40 40 40 40 40 40 40 40 40 40 30 40 40 40 40 40 40 40 40 40 40 40 40 40 40 40 40 40 40 40 40 40 40 40 40 40 40 30 40 40 40 40 40 40 90 40 40 40 90 40 40 40 30 30 30 30 30 30 90 30 30 30 30 30 30 30 30 30 30 30 30 30 90 30 30 50 30 50 30 30 30 30 30 30 50 50 30 30 40 10 40 40 40 40 40 40 40 40 40 40 40 40 30 30 30 30 30 30 50 50 30 30 30 30 30 50 50 30 10 50 50 50 50 50 10 50 50 50 50 50 50 50 50 50 50 50 50 50 30 50 50 50 50 50 10 50 50 50 50 50 10 10 50 10 50 50 50 10 10 50 50 50 10 50 50 10 50 50 50 50 50 30 50 50 50 10 30 30 30 10 30 30 30 30 30 30 30 30 30 30 30 30 30 30 30 10 10 50 50 10 50 30 90 90 80 80 90 30 30 30 30 30 30 30 30 30 90 90 60 90 80 80 80 80 80 80 80 80 80 80 80 80 80 80 80 80 80 80 80 80 80 80 80 80 90 30 90 30 30 30 30 40 40 40 40 40 40 40 40 40 40 40 40 40 40 40 40 40 30 40 40 30 40 40 40 40 40 40 40 40 40 40 40 40 40 40 40 40 40 40 40 40 40 40 40 40 40 40 40 40 40 40 40 40 40 40 40 40 40 40 90 40 30 40 40 40 40 40 40 30 40 40 40 30 30 30 30 30 30 30 30 30 30 30 90 80 80 80 80 80 80 80 80 80 80 80 80 80 80 80 80 80 90 30 30 30 30 30 30 30
90 90 90 80 80 80 80 80 80 80 80 80 80 80 80 80 80 80 80 80 80 30 30 90 30 30 90 90 90 90 90 90 40 40 40 40 40 40 40 40 40 40 40 40 40 40 40 40 40 40 40 40 40 40 40 40 40 40 40 40 40 40 40 40 40 40 40 40 40 40 40 40 40 40 40 40 40 30 40 40 40 30 40 40 40 40 40 90 90 40 40 40 30 30 30 90 30 30 30 30 30 30 30 90 30 30 30 90 90 30 90 90 90 30 50 30 50 30 30 30 30 30 30 10 50 30 40 30 10 50 50 40 40 40 40 40 40 40 40 40 40 40 40 30 30 30 30 30 30 30 30 50 50 50 50 50 50 50 50 50 10 50 50 50 50 50 50 50 50 50 50 50 50 50 50 50 50 10 50 30 30 50 50 50 50 10 50 50 10 50 50 50 50 50 10 50 10 10 50 50 50 50 50 50 10 50 50 50 50 50 50 50 50 30 30 30 30 30 30 30 30 30 30 30 30 30 30 30 30 30 30 30 30 30 30 10 10 50 50 10 10 30 90 90 80 90 30 30 30 30 30 90 30 30 90 60 90 60 60 60 90 80 80 80 80 80 80 80 80 80 80 80 80 80 80 80 80 80 80 60 90 90 90 90 30 30 30 30 30 30 30 40 40 40 40 40 40 40 40 40 40 40 40 40 40 40 40 40 40 40 40 30 40 40 40 40 40 40 40 40 40 40 40 40 40 40 40 40 40 40 40 40 40 40 40 40 40 40 40 40 40 40 40 40 40 30 30 90 90 30 40 40 40 40 30 50 40 30 30 30 30 40 40 40 40 40 30 30 30 30 30 30 30 30 90 80 80 80 80 80 80 80 80 80 80 80 80 80 80 80 80 80 90 60 30 30 30 30 30 30
90 90 80 80 80 80 80 80 80 80 80 80 80 80 80 80 80 80 80 80 80 80 80 80 80 80 30 90 90 90 90 30 30 30 90 90 90 40 40 40 40 40 40 40 40 40 40 40 40 40 40 40 40 40 40 40 40 40 40 40 40 40 40 40 40 40 40 40 90 40 40 40 40 40 40 40 40 30 40 40 40 30 40 40 40 40 40 90 90 40 40 40 30 30 30 30 30 30 30 30 30 30 30 30 30 30 30 90 90 90 90 90 50 60 30 30 30 30 30 10 30 30 30 50 40 40 30 30 30 30 40 40 40 40 40 40 40 40 40 40 40 40 40 40 90 30 30 30 30 30 30 30 30 50 50 50 50 50 50 50 50 50 50 50 50 50 50 50 50 10 50 50 50 50 50 50 50 10 50 50 50 50 50 30 50 10 10 50 50 50 10 50 50 50 50 50 30 10 50 50 50 50 50 50 50 50 50 30 10 10 50 50 50 30 30 30 30 30 30 30 30 30 30 30 30 30 30 30 30 30 30 30 30 30 30 30 10 50 50 10 10 30 90 80 80 80 90 30 50 30 30 30 30 30 30 30 90 90 90 90 90 90 90 80 80 80 80 80 80 80 80 80 80 80 80 80 60 90 30 30 30 30 30 30 30 30 30 30 30 40 40 40 40 40 40 40 40 40 40 40 40 40 40 40 40 40 40 40 40 40 40 30 30 30 40 40 40 40 40 40 60 40 40 40 40 40 40 40 40 40 40 40 40 40 40 40 40 40 40 40 40 40 40 40 40 30 30 40 40 40 40 40 40 10 40 50 40 10 10 30 30 30 30 40 40 40 30 30 30 30 30 30 30 30 90 80 80 80 80 80 80 80 80 80 80 80 80 80 80 80 80 80 90 90 30 30 30 30 30 30
80 80 80 80 80 80 80 80 80 80 80 80 80 80 80 80 80 80 80 80 80 80 80 80 80 80 80 80 80 80 80 90 30 90 30 90 90 30 90 90 40 40 40 40 40 40 40 40 40 40 40 40 40 40 40 40 40 40 40 40 40 40 40 40 40 40 40 40 40 40 40 40 40 40 40 40 40 30 40 40 90 90 30 30 30 40 40 30 30 40 30 30 30 30 30 30 90 90 90 90 90 90 90 90 90 90 90 90 90 90 90 30 50 30 60 30 30 30 30 30 30 30 30 30 40 90 30 30 30 90 30 40 40 40 40 40 40 40 40 40 40 40 40 40 40 30 30 30 30 30 30 30 30 50 50 50 50 50 50 10 50 50 50 50 10 50 50 50 50 50 50 50 50 50 50 50 50 30 50 50 50 50 50 50 30 50 50 50 50 50 50 10 50 50 50 50 50 50 50 50 50 50 50 50 50 10 50 50 50 50 50 50 50 30 30 30 30 30 30 30 30 30 30 30 30 30 30 30 30 30 30 30 30 30 30 30 10 50 50 30 50 30 90 80 80 80 90 10 30 30 30 30 30 30 30 30 30 60 30 90 30 30 30 30 30 30 90 90 60 60 60 60 60 60 90 90 90 90 30 30 30 30 30 30 30 30 30 30 40 40 40 40 40 40 40 40 40 40 40 40 40 40 40 40 40 40 40 40 40 40 40 30 40 40 30 40 40 40 40 40 40 40 40 40 40 40 40 40 40 40 40 40 40 40 40 40 40 40 40 40 40 40 40 30 30 40 40 40 40 40 40 40 10 50 40 50 40 30 10 30 30 30 30 40 40 40 30 30 30 30 30 30 30 30 90 80 80 80 80 80 80 80 80 80 80 80 80 80 80 80 80 80 80 90 90 30 30 30 30 30
80 80 80 80 80 80 80 80 80 80 80 80 80 80 80 80 80 80 80 80 80 80 80 80 80 80 80 80 80 80 80 80 80 80 80 30 80 30 30 90 30 30 30 30 90 90 40 40 40 40 40 40 40 40 40 40 40 40 40 40 40 40 40 40 40 40 40 40 40 40 40 40 40 40 40 40 40 90 90 90 30 90 30 30 30 90 30 30 30 30 30 30 30 90 90 90 90 90 90 90 90 90 90 90 90 30 90 90 90 90 80 30 30 50 50 50 30 30 30 30 30 10 30 30 30 90 90 90 30 30 30 30 30 90 40 40 90 40 40 40 40 40 40 40 40 40 40 30 30 30 30 30 30 50 50 50 50 50 50 50 50 50 50 50 50 50 50 50 50 50 50 50 50 50 50 50 50 50 50 50 50 50 50 50 50 50 50 50 50 50 50 50 50 50 50 50 50 10 10 50 50 50 50 50 50 50 50 50 50 50 50 50 50 30 30 30 30 30 30 30 30 30 30 30 30 30 30 30 30 30 30 30 60 30 30 10 50 30 30 30 30 30 90 80 80 80 90 90 30 50 30 30 30 30 30 30 90 30 30 30 30 30 30 30 30 30 30 30 60 60 60 90 90 30 30 30 30 30 30 30 30 30 30 30 30 30 30 40 40 40 40 40 40 40 40 40 40 40 40 40 40 40 40 40 40 40 40 40 40 40 40 40 40 40 40 40 40 40 30 30 40 40 40 40 40 40 40 40 40 40 40 40 40 40 40 40 40 40 40 40 40 40 40 30 30 40 40 40 40 40 40 40 30 10 40 40 50 40 40 30 30 30 30 40 40 40 30 30 30 30 30 30 30 30 80 80 80 80 80 80 80 80 80 80 80 80 80 80 80 80 80 80 80 80 90 90 30 30 30 30
80 80 80 80 80 80 80 80 80 80 80 80 80 80 80 80 80 80 80 80 80 80 80 80 80 80 80 80 80 80 80 80 80 80 80 80 80 80 80 80 80 80 90 30 30 30 90 90 40 40 40 40 40 40 90 40 40 40 40 30 40 40 40 40 40 40 40 40 40 40 40 40 40 30 40 40 30 30 30 90 30 30 30 30 30 30 30 30 90 90 90 90 90 90 90 90 90 90 90 90 90 90 90 90 90 90 90 90 90 90 80 30 30 30 60 50 30 30 30 30 50 30 10 50 30 30 30 90 90 30 30 90 30 40 90 40 90 40 40 40 40 40 40 40 40 40 40 40 30 30 30 30 40 40 30 30 50 10 50 50 50 50 50 10 10 30 30 10 50 50 30 50 50 50 50 10 10 50 50 50 50 30 50 50 50 50 50 50 10 10 50 50 50 10 50 50 50 50 50 50 50 50 50 10 10 50 50 50 50 50 50 50 50 30 30 30 30 30 30 30 30 30 30 30 30 30 30 30 30 30 30 30 30 30 30 10 30 50 10 50 50 30 90 90 80 80 90 30 10 50 30 30 30 30 30 30 30 30 30 30 30 30 30 30 30 30 30 30 90 30 30 30 30 30 30 30 30 30 30 30 30 30 30 30 30 30 30 40 40 40 40 40 40 40 40 40 40 40 40 40 40 40 40 40 40 40 40 40 40 40 40 40 40 40 40 40 40 40 40 30 30 40 40 40 40 40 40 40 40 40 40 40 40 40 40 40 40 40 40 40 40 40 40 40 40 40 30 40 40 40 40 30 30 30 40 30 10 10 10 10 10 30 30 30 30 30 30 30 30 30 30 30 30 30 80 80 80 80 80 80 80 80 80 80 80 80 80 80 80 80 80 80 80 80 90 90 30 30 30 30
80 80 80 80 80 80 80 80 80 80 80 80 80 80 80 80 80 80 80 80 80 80 80 80 80 80 80 80 80 80 80 80 80 80 80 80 80 80 80 80 80 80 80 80 80 90 30 30 30 30 30 40 40 40 90 40 40 40 40 40 40 40 40 40 40 40 40 40 30 40 40 40 40 30 90 90 30 90 90 90 90 90 90 90 90 90 90 90 90 90 90 90 90 90 30 90 90 90 90 90 90 90 90 90 90 90 90 90 90 90 90 30 30 40 30 30 30 30 30 10 50 30 30 30 30 30 30 90 30 30 30 90 40 40 90 30 30 30 40 40 40 40 40 40 40 40 40 40 40 30 30 40 40 40 30 30 30 30 30 30 30 30 50 50 30 30 30 50 60 30 30 50 50 50 10 50 50 10 50 50 50 50 30 50 50 50 50 50 50 50 50 50 50 50 50 50 50 50 50 10 50 10 50 50 50 50 10 50 50 50 10 50 50 30 30 30 30 30 30 30 30 30 30 30 30 30 30 30 30 30 30 30 30 30 30 10 10 50 10 50 30 30 30 80 80 80 90 30 30 30 30 30 30 30 30 30 30 30 30 30 30 30 30 30 30 30 30 30 30 30 30 30 30 30 30 30 30 30 30 40 40 40 40 40 40 40 30 40 40 40 40 40 40 40 40 40 40 40 40 40 40 40 40 40 40 40 40 40 40 40 40 40 40 40 40 40 40 40 40 40 40 40 40 40 30 40 40 40 40 40 40 40 40 40 40 40 40 40 40 40 40 40 40 40 40 40 30 40 40 40 40 30 30 10 30 30 30 30 10 10 10 30 30 30 40 30 30 30 30 30 30 30 30 90 80 80 80 80 80 80 80 80 80 80 80 80 80 80 80 80 80 80 80 80 80 90 90 30 30 30
80 80 80 80 80 80 80 80 80 80 80 80 80 80 80 80 80 80 80 80 80 80 80 80 80 80 80 80 80 80 80 80 80 80 80 80 80 80 80 80 80 80 80 80 80 80 80 80 90 30 30 30 30 40 90 40 40 40 40 40 40 40 40 40 40 40 40 40 30 40 40 40 30 90 30 30 90 90 90 90 90 90 90 90 90 90 90 90 90 90 90 90 90 30 30 30 90 90 90 90 90 90 90 90 90 90 90 90 90 90 90 90 30 30 30 30 30 30 30 10 10 30 30 30 30 30 30 30 30 30 30 40 40 30 30 30 30 40 40 40 40 40 40 40 40 40 40 40 40 40 40 40 40 40 40 30 30 30 30 50 50 50 50 50 50 30 60 30 50 50 50 50 50 50 50 50 10 50 10 50 50 50 50 30 50 50 50 30 50 50 50 50 10 50 50 50 50 50 50 10 50 50 50 50 50 50 10 50 50 10 50 50 50 30 30 30 30 30 30 30 30 30 30 30 30 30 30 30 30 30 30 30 30 30 30 10 10 30 50 50 30 30 90 80 80 80 90 30 30 50 30 30 30 30 30 30 30 30 30 30 30 30 30 30 30 30 30 30 30 30 30 30 30 30 30 30 40 40 40 40 40 40 40 40 40 40 30 40 40 40 40 40 40 40 40 40 40 40 40 40 40 40 40 40 40 40 40 40 40 40 30 40 40 40 40 40 40 40 40 40 40 40 40 40 40 30 30 40 40 40 40 40 40 40 40 40 40 40 40 40 40 40 40 40 40 30 30 30 30 30 30 30 30 30 30 30 30 30 30 50 30 30 30 30 40 30 30 30 30 30 30 30 30 90 80 80 80 80 80 80 80 80 80 80 80 80 80 80 80 80 80 80 80 80 80 90 90 30 30 30
80 80 80 80 80 80 80 80 80 80 80 80 80 80 80 80 80 80 80 80 80 80 80 80 80 80 80 80 80 80 80 80 80 80 80 80 80 80 80 80 80 80 80 80 80 80 80 80 80 80 80 30 30 30 30 30 30 40 40 40 40 40 40 40 40 40 40 40 30 40 40 90 90 90 90 90 90 90 90 90 90 90 90 90 90 90 90 90 90 90 90 90 90 30 90 90 90 30 30 30 30 90 90 90 90 90 90 90 90 90 90 90 90 30 30 30 30 30 30 30 50 30 30 90 30 30 30 30 30 30 40 40 30 90 30 30 40 40 40 40 40 40 40 40 40 40 40 40 40 40 40 40 40 40 40 40 30 50 50 50 50 50 50 50 50 50 50 50 50 60 50 50 50 50 60 30 10 50 50 50 30 50 50 50 30 50 30 50 30 50 50 50 50 50 50 10 50 50 50 50 50 50 50 50 10 50 50 10 10 10 50 50 30 30 30 30 30 30 30 30 30 30 30 30 30 30 30 30 30 30 30 30 30 30 30 30 30 30 10 50 30 90 90 80 80 80 90 90 10 30 50 50 30 30 30 30 30 30 30 30 30 30 30 30 30 30 30 30 30 30 40 40 40 40 40 40 40 40 40 40 40 40 40 40 40 40 40 40 40 40 40 40 40 40 40 40 40 40 40 40 40 40 40 40 40 40 40 40 40 40 30 40 40 40 40 40 40 40 40 40 40 40 40 40 40 40 40 40 40 30 30 40 40 40 40 40 40 40 40 40 40 40 40 40 40 40 40 40 40 30 30 30 30 30 30 30 30 30 10 30 30 30 30 30 40 40 30 30 30 30 30 30 30 90 80 80 80 80 80 80 80 80 80 80 80 80 80 80 80 80 80 80 80 80 80 90 90 30 30 30
80 80 80 80 80 80 80 80 80 80 80 80 80 80 80 80 80 80 80 80 80 80 80 80 80 80 80 80 80 80 80 80 80 80 80 80 80 80 80 80 80 80 80 80 80 80 80 80 80 80 80 80 80 80 80 80 30 30 30 30 30 40 40 40 40 40 40 40 30 30 90 90 90 90 90 90 90 90 30 30 30 30 30 30 90 90 90 90 80 90 90 90 80 90 80 80 90 90 90 30 30 30 90 90 90 90 90 90 90 90 90 90 90 30 90 90 90 30 30 30 30 30 90 90 30 30 30 30 30 40 40 30 30 30 30 30 30 40 40 40 40 40 40 40 40 40 40 40 40 40 40 40 40 40 40 40 40 30 50 50 50 50 50 50 50 50 50 50 50 50 50 50 50 50 50 30 10 50 30 50 30 50 50 50 50 30 30 30 50 50 50 50 50 50 50 50 50 50 50 50 50 50 50 10 10 10 50 10 50 50 50 50 30 30 30 30 30 30 30 30 30 30 30 30 30 30 30 30 30 30 10 30 30 30 30 30 30 30 50 10 90 30 90 80 80 80 90 90 90 30 50 30 30 30 30 30 30 30 30 30 30 30 30 30 30 30 30 30 30 30 40 40 40 40 40 40 40 40 40 40 40 40 40 40 40 30 30 40 40 40 40 40 40 40 40 40 40 40 40 40 40 40 40 40 40 40 40 40 40 40 90 40 40 40 40 40 40 40 40 40 40 40 40 40 40 40 40 40 40 40 30 30 30 40 40 40 40 40 40 40 40 40 40 40 40 40 40 40 30 30 30 30 30 30 30 30 30 30 10 10 30 30 30 30 30 40 30 30 30 30 30 30 90 90 80 80 80 80 80 80 80 80 80 80 80 80 80 80 80 80 80 80 80 80 80 90 90 90 30 30
80 80 80 80 80 80 80 80 80 80 80 80 80 80 80 80 80 80 80 80 80 80 80 80 80 80 80 80 80 80 80 80 80 80 80 80 80 80 80 80 80 80 80 80 80 80 80 80 80 80 80 80 80 80 80 80 80 80 80 80 80 30 30 30 30 30 30 30 30 30 30 30 30 30 30 30 30 30 90 90 80 80 80 80 80 80 80 80 80 80 80 80 80 80 80 80 80 90 90 90 90 30 90 90 90 90 90 90 90 90 90 90 90 90 90 90 90 30 30 30 30 30 90 30 30 30 90 40 40 90 30 30 30 30 30 30 30 40 40 40 40 40 40 40 40 40 40 40 40 40 40 40 40 40 40 40 40 40 30 50 50 50 50 50 50 50 50 50 50 50 50 50 10 50 30 50 30 30 30 30 30 30 50 50 50 50 50 30 30 50 50 50 50 50 50 50 10 10 50 50 50 50 10 10 10 50 50 50 10 50 50 50 30 40 30 30 30 30 30 30 30 30 30 50 30 30 30 30 30 30 30 60 30 30 30 30 10 10 50 50 30 90 90 80 80 80 80 90 90 30 10 30 50 30 30 30 30 30 30 50 30 30 30 30 30 40 40 40 30 40 40 40 40 40 40 40 40 40 40 40 40 40 40 40 40 30 30 40 40 40 40 40 40 40 40 40 40 40 40 40 40 40 40 40 40 40 40 40 40 40 30 40 40 40 40 40 40 40 40 40 40 40 40 40 40 40 40 40 30 40 40 40 40 30 30 30 40 40 40 40 30 40 40 40 40 40 30 30 40 40 30 30 40 30 50 30 30 90 30 10 30 30 30 30 30 40 30 30 30 30 30 90 90 80 80 80 80 80 80 80 80 80 80 80 80 80 80 80 80 80 80 80 80 80 80 90 90 90 30 30
80 80 80 80 80 80 80 80 80 80 80 80 80 80 80 80 80 80 80 80 80 80 80 80 80 80 80 80 80 80 80 80 80 80 80 80 80 80 80 80 80 80 80 80 80 80 80 80 80 80 80 80 80 80 80 80 80 80 80 80 80 80 80 80 80 80 80 80 80 80 80 80 80 80 80 80 80 80 80 80 80 80 80 80 80 80 80 80 80 80 80 80 80 80 90 80 80 80 80 80 80 80 90 30 90 90 90 90 90 90 90 90 90 90 90 90 90 30 30 30 30 90 30 30 30 30 40 40 40 30 30 30 30 30 30 30 30 40 40 40 40 40 40 40 40 40 40 40 40 40 40 40 40 40 40 40 40 40 40 30 50 50 50 50 50 50 50 50 50 30 30 50 10 50 30 30 30 30 30 30 50 30 50 50 50 50 50 50 50 50 50 50 50 50 50 50 10 50 50 50 30 50 10 10 10 50 50 50 10 10 50 50 50 30 30 30 30 30 30 30 30 30 30 30 30 30 10 30 30 30 30 60 30 30 30 30 10 10 50 10 30 90 90 90 80 80 80 90 30 30 10 10 30 30 30 30 30 30 30 30 30 30 30 30 30 40 40 40 40 40 40 40 40 40 40 40 40 40 40 40 40 40 40 40 40 40 40 30 30 30 40 40 40 40 40 40 40 40 40 40 40 40 40 40 40 40 40 40 40 40 30 40 40 40 40 40 40 40 40 40 40 40 40 40 40 40 40 40 40 40 40 40 40 40 40 40 30 40 40 30 40 40 40 40 40 30 30 30 30 30 30 40 30 30 30 30 30 30 90 30 30 10 30 30 30 30 30 30 30 30 30 90 80 80 80 80 80 80 80 80 80 80 80 80 80 80 80 80 80 80 80 80 80 80 80 60 90 90 30 30
80 80 80 80 80 80 80 80 80 80 80 80 80 80 80 80 80 80 80 80 80 80 80 80 80 80 80 80 80 80 80 80 80 80 80 80 80 80 80 80 80 80 80 80 80 80 80 80 80 80 80 80 80 80 80 80 80 80 80 80 80 80 80 80 80 80 80 80 80 80 80 80 80 80 80 80 80 80 80 80 80 80 80 80 80 80 80 80 80 80 80 80 80 80 80 80 80 80 80 90 80 90 80 30 90 90 90 90 90 90 90 90 90 90 90 60 90 90 30 30 30 30 30 30 30 30 40 40 30 30 30 30 30 30 30 40 40 40 40 40 40 40 40 40 40 40 40 40 40 40 40 40 40 40 40 40 40 40 40 30 50 50 50 50 30 30 30 30 30 50 10 50 50 50 50 10 50 50 30 30 30 50 50 50 50 50 50 30 50 50 50 50 50 10 50 50 10 50 50 30 30 50 50 10 50 50 50 50 10 50 50 50 50 50 30 50 50 50 50 50 30 30 30 30 10 50 30 30 30 30 30 30 30 30 30 30 30 50 50 50 30 90 90 90 80 80 80 90 30 30 10 10 30 30 30 30 30 30 30 30 30 30 30 30 30 40 40 40 40 40 40 40 40 40 40 40 40 40 40 40 40 40 40 40 90 40 40 40 40 30 30 40 40 40 40 40 40 40 40 40 40 40 40 40 40 40 40 40 40 40 30 40 40 40 40 40 40 40 40 40 40 40 40 40 40 40 40 40 40 40 40 40 40 40 40 40 40 40 40 30 30 40 40 40 40 30 30 30 30 30 30 40 30 30 30 10 30 40 30 90 90 10 10 30 30 30 30 30 30 30 90 90 80 80 80 80 80 80 80 80 80 80 80 80 80 80 80 80 80 80 80 80 80 80 80 90 90 90 30 30
80 80 80 80 80 80 80 80 80 80 80 80 80 80 80 80 80 80 80 80 80 80 80 80 80 80 80 80 80 80 80 80 80 80 80 80 80 80 80 80 80 80 80 80 80 80 80 80 80 80 80 80 80 80 80 80 80 80 80 80 80 80 80 80 80 80 80 80 80 80 80 80 80 80 80 80 80 80 80 80 80 80 80 80 80 80 80 80 80 80 80 80 80 80 80 80 80 80 80 80 80 80 80 80 30 90 90 90 90 90 90 90 90 90 90 90 90 90 90 30 30 30 30 30 30 40 40 30 30 30 30 30 30 30 40 40 40 40 40 40 40 40 40 40 40 40 40 40 40 40 40 40 40 40 40 40 40 40 40 40 30 50 50 30 30 30 30 50 50 50 50 50 50 50 50 50 10 50 30 30 50 50 50 50 50 60 50 50 30 50 50 50 30 50 10 50 50 50 30 30 30 50 50 50 50 50 50 50 10 50 50 10 50 50 50 50 50 50 50 50 30 90 30 30 50 50 30 90 30 30 30 30 30 30 30 30 30 50 30 30 30 90 90 90 80 80 80 80 90 90 90 10 30 30 30 30 30 30 30 30 30 30 30 30 40 40 40 40 40 40 40 40 40 40 40 40 40 40 40 40 40 40 40 40 40 40 40 40 40 40 40 40 30 30 40 40 40 40 40 40 40 40 40 40 40 40 40 40 40 40 30 40 40 40 40 40 40 40 40 40 40 40 40 40 40 40 40 40 40 40 40 40 40 40 40 40 40 40 40 40 40 30 30 30 30 30 30 30 30 30 30 30 30 30 30 50 30 40 30 30 30 90 90 30 30 30 30 30 30 30 90 90 80 80 80 80 80 80 80 80 80 80 80 80 80 80 80 80 80 80 80 80 80 80 80 80 90 30 30 30
80 80 80 80 80 80 80 80 80 80 80 80 80 80 80 80 80 80 80 80 80 80 80 80 80 80 80 80 80 80 80 80 80 80 80 80 80 80 80 80 80 80 80 80 80 80 80 80 80 80 80 80 80 80 80 80 80 80 80 80 80 80 80 80 80 80 80 80 80 80 80 80 80 80 80 80 80 80 80 80 80 80 80 80 80 80 80 80 80 80 80 80 80 80 80 80 80 80 80 80 80 80 80 90 90 30 90 90 90 90 90 90 90 30 90 90 90 90 90 90 30 30 30 30 30 30 30 30 30 30 30 30 30 30 40 40 40 40 40 40 40 40 40 40 40 40 40 40 40 40 40 40 40 40 40 40 40 40 40 40 40 30 30 30 30 30 50 50 30 30 50 50 50 50 50 50 50 50 30 30 50 30 50 50 50 50 50 50 30 30 50 50 50 50 10 50 50 50 10 10 50 10 10 50 50 50 10 50 30 10 10 50 50 10 50 30 50 30 50 50 30 30 30 30 30 30 30 30 30 10 30 30 30 30 30 30 10 50 30 50 30 30 90 90 80 80 80 80 90 90 30 10 30 50 30 30 40 30 30 40 40 40 40 30 40 40 40 40 40 40 40 40 40 40 40 40 40 40 40 40 40 40 40 30 40 40 40 40 40 40 40 40 40 40 30 30 40 40 40 40 40 40 40 40 40 40 40 40 40 40 30 40 40 40 40 40 40 40 40 40 40 40 40 40 40 40 40 40 40 40 40 40 40 40 40 40 40 40 40 40 40 40 40 40 30 30 30 30 30 30 30 40 40 40 30 10 50 50 30 30 30 30 80 80 80 30 90 30 30 30 90 80 80 80 80 80 80 80 80 80 80 80 80 80 80 80 80 80 80 80 80 80 80 80 80 90 90 30 30 30
80 80 80 80 80 80 80 80 80 80 80 80 80 80 80 80 80 80 80 80 80 80 80 80 80 80 80 80 80 80 80 80 80 80 80 80 80 80 80 80 80 80 80 80 80 80 80 80 80 80 80 80 80 80 80 80 80 80 80 80 80 80 80 80 80 80 80 80 80 80 80 80 80 80 80 80 80 80 80 80 80 80 80 80 80 80 80 80 80 80 80 80 80 80 80 80 80 80 80 80 80 80 80 80 80 30 90 90 90 90 30 90 90 30 90 90 90 60 90 90 90 30 30 30 30 30 30 30 30 30 30 30 40 40 40 40 40 40 40 40 40 40 40 40 40 40 40 40 40 40 40 40 40 40 40 40 40 40 40 40 40 40 30 30 30 50 50 50 50 50 50 50 50 30 50 50 10 50 10 50 30 50 50 50 50 50 50 50 50 30 30 50 30 50 50 50 50 50 50 50 50 50 50 50 50 50 50 50 30 30 10 10 50 40 10 50 50 50 50 50 30 30 30 30 30 30 30 30 30 10 30 30 30 30 30 30 30 50 30 50 30 30 90 90 80 80 80 80 90 90 30 50 10 30 40 40 40 40 40 40 40 40 40 40 40 40 40 40 40 40 40 40 40 40 40 40 40 40 40 40 40 40 40 40 40 40 40 40 40 40 40 40 40 40 40 40 40 40 30 30 40 40 40 40 40 40 40 40 40 30 40 40 40 40 40 40 40 40 40 40 40 40 40 40 40 40 40 40 40 40 40 40 40 40 40 40 40 40 40 40 40 40 40 40 40 40 40 30 30 30 30 30 30 40 30 30 50 30 30 30 30 30 30 80 80 80 90 90 30 30 90 80 80 80 80 80 80 80 80 80 80 80 80 80 80 80 80 80 80 80 80 80 80 80 90 90 90 30 30 30
80 80 80 80 80 80 80 80 80 80 80 80 80 80 80 80 80 80 80 80 80 80 80 80 80 80 80 80 80 80 80 80 80 80 80 80 80 80 80 80 80 80 80 80 80 80 80 80 80 80 80 80 80 80 80 80 80 80 80 80 80 80 80 80 80 80 80 80 80 80 80 80 80 80 80 80 80 80 80 80 80 80 80 80 80 80 80 80 80 80 80 80 80 80 80 80 80 80 80 80 80 80 80 80 80 90 90 90 90 90 90 90 90 30 30 90 90 90 90 90 90 30 30 30 30 30 30 30 30 30 30 40 40 40 40 40 40 40 40 40 40 40 40 40 40 40 40 40 40 40 40 40 40 40 40 40 40 40 40 40 40 40 40 30 30 50 50 50 50 50 50 50 30 50 30 30 10 10 50 50 30 50 30 50 50 50 50 50 10 30 30 30 30 30 50 50 50 50 50 50 50 50 50 50 50 30 50 30 30 30 10 10 50 40 10 50 50 50 10 40 30 30 30 30 50 50 30 30 30 30 30 30 30 30 30 30 50 30 50 50 30 30 90 90 80 80 80 80 90 90 30 10 50 30 30 40 40 40 40 40 40 40 40 40 40 40 40 40 40 40 40 40 40 40 40 40 40 40 40 40 40 40 40 40 40 40 40 40 40 40 40 40 30 40 40 40 40 40 40 40 30 30 40 40 40 40 40 40 40 30 30 40 40 40 40 40 40 40 40 40 40 40 40 40 40 40 40 40 40 40 40 40 40 40 40 40 40 40 40 40 40 40 40 40 40 40 40 40 40 30 30 30 30 30 30 30 30 30 30 40 40 40 40 30 80 80 80 80 90 90 90 80 80 80 80 80 80 80 80 80 80 80 80 80 80 80 80 80 80 80 80 80 80 80 80 90 90 30 30 30
80 80 80 80 80 80 80 80 80 80 80 80 80 80 80 80 80 80 80 80 80 80 80 80 80 80 80 80 80 80 80 80 80 80 80 80 80 80 80 80 80 80 80 80 80 80 80 80 80 80 80 80 80 80 80 80 80 80 80 80 80 80 80 80 80 80 80 80 80 80 80 80 80 80 80 80 80 80 80 80 80 80 80 80 80 80 80 80 80 80 80 80 80 80 80 80 80 80 80 80 80 80 80 80 80 90 90 90 90 90 90 90 90 90 90 90 90 90 90 90 90 90 30 30 30 30 30 30 30 30 40 40 40 40 40 40 40 40 40 40 40 40 40 40 40 40 40 40 40 40 40 40 40 40 40 40 40 40 40 40 40 40 40 40 50 10 50 50 50 50 50 50 50 50 50 50 50 10 50 30 30 10 30 30 30 50 50 50 10 30 50 30 30 30 30 50 50 10 50 50 50 50 50 30 50 30 50 50 30 50 50 10 50 50 50 50 50 50 50 50 40 30 30 30 30 40 30 30 30 30 30 30 30 30 30 10 50 10 50 50 30 30 40 90 80 80 80 80 90 90 30 10 50 30 30 40 40 40 40 40 40 40 40 40 40 40 40 40 40 40 40 40 40 40 40 40 40 40 40 40 40 40 30 40 40 40 40 40 40 40 40 40 40 40 40 40 40 40 40 40 40 40 40 30 30 30 30 30 40 30 30 40 40 40 40 40 40 40 40 40 40 40 40 40 40 40 40 40 40 40 40 40 40 40 40 40 40 40 40 40 40 40 40 40 40 40 40 40 40 40 40 30 30 30 30 30 30 30 30 40 40 40 40 40 30 80 80 80 80 90 80 80 80 80 80 80 80 80 80 80 80 80 80 80 80 80 80 80 80 80 80 80 80 80 90 90 30 30 30 30
80 80 80 80 80 80 80 80 80 80 80 80 80 80 80 80 80 80 80 80 80 80 80 80 80 80 80 80 80 80 80 80 80 80 80 80 80 80 80 80 80 80 80 80 80 80 80 80 80 80 80 80 80 80 80 80 80 80 80 80 80 80 80 80 80 80 80 80 80 80 80 80 80 80 80 80 80 80 80 80 80 80 80 80 80 80 80 80 80 80 80 80 80 80 80 80 80 80 80 80 80 80 80 80 80 80 80 80 80 80 90 90 80 90 90 90 90 90 90 60 90 90 90 90 30 30 30 30 30 40 40 40 40 40 40 40 40 40 40 40 40 40 40 40 40 40 40 40 40 40 40 40 40 40 40 40 40 40 40 40 40 40 40 40 30 30 50 50 50 50 30 10 10 50 50 50 50 50 10 30 30 30 30 30 50 50 50 50 50 10 10 30 30 30 30 30 50 50 50 50 50 30 30 30 50 50 50 10 50 50 50 50 50 50 10 50 10 50 50 30 30 40 30 90 30 30 40 30 30 30 60 30 30 30 30 10 10 10 50 30 30 30 90 90 80 80 80 90 90 30 30 30 50 30 30 30 30 40 40 40 40 40 40 40 40 40 40 40 40 40 40 40 40 40 40 40 40 40 40 40 40 40 30 40 40 40 40 40 40 40 40 40 40 40 40 40 40 40 40 40 40 40 40 40 40 40 30 30 30 30 30 40 40 40 40 40 40 40 40 40 40 40 40 40 40 40 40 40 40 40 40 40 40 40 40 40 40 40 40 40 40 40 40 40 40 40 40 40 40 40 40 40 40 40 30 30 30 30 30 40 40 40 40 40 40 30 80 80 80 90 90 80 80 80 80 80 80 80 80 80 80 80 80 80 80 80 80 80 80 80 80 80 80 80 90 90 90 30 30 30
80 80 80 80 80 80 80 80 80 80 80 80 80 80 80 80 80 80 80 80 80 80 80 80 80 80 80 80 80 80 80 80 80 80 80 80 80 80 80 80 80 80 80 80 80 80 80 80 80 80 80 80 80 80 80 80 80 80 80 80 80 80 80 80 80 80 80 80 80 80 80 80 80 80 80 80 80 80 80 80 80 80 80 80 80 80 80 80 80 80 80 80 80 80 80 80 80 80 80 80 80 80 80 80 80 80 80 90 80 90 90 80 90 90 80 90 90 90 90 90 60 90 90 90 30 30 30 30 40 40 40 40 40 40 40 40 40 40 40 40 40 40 40 40 40 40 40 40 40 40 40 40 40 40 40 40 40 40 40 40 40 40 40 40 40 30 50 50 50 30 30 10 50 30 50 50 50 10 10 30 30 30 30 30 50 50 50 50 50 10 10 30 30 50 50 30 30 30 50 30 50 30 30 30 30 50 50 50 30 50 50 50 50 50 10 50 10 10 50 30 40 40 30 30 30 90 90 30 30 30 30 30 30 30 30 10 50 10 10 30 30 30 90 90 80 80 80 90 30 30 30 30 50 30 30 30 30 30 30 30 40 40 40 40 40 40 40 40 40 40 40 40 40 40 40 40 40 40 40 40 40 40 40 40 40 40 40 40 40 40 40 40 40 40 40 40 40 40 40 40 40 40 40 40 40 40 40 40 40 30 30 30 30 30 40 40 40 40 40 40 40 40 40 40 40 40 40 40 40 40 40 40 40 40 40 40 40 40 40 40 40 40 40 40 40 40 40 40 40 40 40 40 40 40 40 30 30 40 40 30 40 40 40 40 40 40 30 30 90 90 80 80 80 80 80 80 80 80 80 80 80 80 80 80 80 80 80 80 80 80 80 80 80 80 90 90 30 30 30 30
80 80 80 80 80 80 80 80 80 80 80 80 80 80 80 80 80 80 80 80 80 80 80 80 80 80 80 80 80 80 80 80 80 80 80 80 80 80 80 80 80 80 80 80 80 80 80 80 80 80 80 80 80 80 80 80 80 80 80 80 80 80 80 80 80 80 80 80 80 80 80 80 80 80 80 80 80 80 80 80 80 80 80 80 80 80 80 80 80 80 80 80 80 80 80 80 80 80 80 80 80 80 80 80 80 80 80 80 80 80 90 90 80 80 80 90 30 90 90 90 90 30 90 90 90 30 30 40 40 40 40 40 40 40 40 40 40 40 40 40 40 40 40 40 40 40 40 40 40 40 40 40 40 40 40 40 40 40 40 40 40 40 40 40 40 40 30 50 30 10 10 50 50 10 10 10 10 10 30 30 30 30 50 50 50 30 50 50 50 50 10 30 30 30 30 30 30 30 30 30 50 50 30 10 30 30 50 50 10 10 10 10 10 10 10 10 10 50 30 90 40 30 30 30 30 30 30 30 30 30 30 30 30 30 30 50 30 10 10 30 30 30 90 80 80 80 80 90 90 90 30 30 30 90 30 30 30 30 30 30 30 30 30 40 40 40 40 40 40 40 40 40 40 40 40 40 40 40 40 40 40 90 40 40 40 40 40 40 40 40 40 40 40 40 40 40 40 40 40 40 40 40 40 40 40 40 40 40 40 40 40 40 30 30 30 30 30 40 40 40 40 40 40 40 40 40 40 40 40 40 40 40 40 40 40 40 40 40 40 40 40 40 40 40 40 40 40 40 40 40 40 40 40 40 40 30 30 30 40 40 40 40 40 40 40 40 40 30 30 90 80 80 80 80 80 80 80 80 80 80 80 80 80 80 80 80 80 80 80 80 80 80 80 80 90 90 90 30 30 30
80 80 80 80 80 80 80 80 80 80 80 80 80 80 80 80 80 80 80 80 80 80 80 80 80 80 80 80 80 80 80 80 80 80 80 80 80 80 80 80 80 80 80 80 80 80 80 80 80 80 80 80 80 80 80 80 80 80 80 80 80 80 80 80 80 80 80 80 80 80 80 80 80 80 80 80 80 80 80 80 80 80 80 80 80 80 80 80 80 80 80 80 80 80 80 80 80 80 80 80 80 80 80 80 80 80 80 80 80 80 90 90 80 80 80 80 30 90 90 90 90 60 90 90 90 90 30 30 40 40 40 40 40 40 40 40 40 40 40 40 40 40 40 40 40 40 40 40 40 40 40 40 40 40 40 40 40 40 40 40 40 40 40 40 40 40 40 30 10 10 30 50 10 10 10 10 10 30 30 90 30 50 30 50 50 30 50 50 10 10 30 30 30 30 30 30 30 30 30 30 10 10 10 50 10 30 10 50 50 10 50 50 50 50 10 50 10 50 30 30 90 30 30 30 30 30 30 30 10 30 30 30 30 30 30 50 10 10 30 30 90 90 90 80 80 80 90 90 90 90 90 30 30 90 90 30 30 30 30 30 30 30 30 30 30 40 40 40 40 40 40 40 40 40 40 40 40 40 40 40 90 30 40 40 40 40 40 40 40 40 40 40 40 40 40 40 40 40 40 40 40 40 40 40 40 40 40 40 40 40 40 40 40 40 40 30 30 30 30 30 40 40 40 40 40 40 40 40 40 40 40 40 40 40 40 40 40 40 40 40 40 40 40 40 40 40 40 40 40 40 40 40 40 30 40 30 30 40 40 40 40 40 40 40 40 40 40 30 30 90 90 80 80 80 80 80 80 80 80 80 80 80 80 80 80 80 80 80 80 80 80 80 80 80 90 90 90 30 30 30
80 80 80 80 80 80 80 80 80 80 80 80 80 80 80 80 80 80 80 80 80 80 80 80 80 80 80 80 80 80 80 80 80 80 80 80 80 80 80 80 80 80 80 80 80 80 80 80 80 80 80 80 80 80 80 80 80 80 80 80 80 80 80 80 80 80 80 80 80 80 80 80 80 80 80 80 80 80 80 80 80 80 80 80 80 80 80 80 80 80 80 80 80 80 80 80 80 80 80 80 80 80 80 80 80 80 80 80 80 80 90 90 80 80 80 80 90 90 90 90 90 90 30 90 90 90 30 30 40 40 40 40 40 40 40 40 40 40 40 40 40 40 40 40 40 40 40 40 40 40 40 40 40 40 40 40 40 40 40 40 40 40 40 40 40 40 40 30 30 10 30 10 10 10 10 10 10 30 30 50 30 10 50 50 50 30 10 10 50 50 30 50 50 30 30 30 30 30 30 50 30 50 50 30 30 10 10 50 10 50 30 30 30 30 10 10 10 10 90 90 30 30 30 30 30 30 30 30 30 30 30 30 30 10 10 50 30 30 90 90 90 90 90 80 80 80 90 90 90 30 30 90 30 10 30 90 30 30 30 30 30 30 30 30 30 30 30 30 40 40 40 40 40 40 40 40 40 40 40 40 90 40 40 40 40 40 40 40 40 40 40 40 40 40 40 40 40 40 40 40 40 40 40 40 40 40 40 40 40 40 40 40 40 40 40 40 40 40 30 30 30 30 40 40 30 40 40 40 40 40 40 40 40 40 40 40 40 40 40 40 40 40 40 40 40 40 40 40 40 40 40 40 40 40 40 30 30 40 40 40 40 40 40 40 40 40 30 30 30 90 90 90 80 80 80 80 80 80 80 80 80 80 80 80 80 80 80 80 80 80 80 80 80 90 90 90 30 30 30 30
80 80 80 80 80 80 80 80 80 80 80 80 80 80 80 80 80 80 80 80 80 80 80 80 80 80 80 80 80 80 80 80 80 80 80 80 80 80 80 80 80 80 80 80 80 80 80 80 80 80 80 80 80 80 80 80 80 80 80 80 80 80 80 80 80 80 80 80 80 80 80 80 80 80 80 80 80 80 80 80 80 80 80 80 80 80 80 80 80 80 80 80 80 80 80 80 80 80 80 80 80 80 80 80 80 80 80 80 80 80 80 80 80 80 90 80 90 30 90 90 90 90 90 90 90 90 90 30 40 40 40 40 40 40 40 40 40 40 40 40 40 40 40 40 40 40 40 40 40 40 40 40 40 40 40 40 40 40 40 40 40 40 40 40 40 40 40 30 30 30 30 10 10 10 10 10 10 10 50 30 50 50 50 50 10 30 10 10 50 10 50 50 50 10 10 50 10 30 30 30 50 30 30 30 50 50 50 50 50 50 50 30 30 30 10 10 10 50 90 90 40 30 30 30 30 30 30 30 10 30 30 30 30 10 10 50 30 90 90 90 90 90 90 80 80 80 90 90 90 30 90 90 30 10 30 30 30 90 30 30 30 30 30 30 30 30 30 30 90 30 40 40 40 40 40 40 40 40 40 40 30 40 40 40 40 40 40 40 40 40 40 40 40 40 40 40 40 40 40 40 40 40 40 40 40 40 40 40 40 40 40 40 40 40 40 40 40 40 40 40 40 30 90 30 30 40 40 40 40 40 40 40 40 40 40 40 40 40 40 40 40 40 40 40 40 40 40 40 40 40 40 40 40 40 40 40 40 40 40 40 30 30 30 30 30 30 30 30 30 30 90 90 80 80 80 80 80 80 80 80 80 80 80 80 80 80 80 80 80 80 80 80 80 90 90 90 30 30 30 30
80 80 80 80 80 80 80 80 80 80 80 80 80 80 80 80 80 80 80 80 80 80 80 80 80 80 80 80 80 80 80 80 80 80 80 80 80 80 80 80 80 80 80 80 80 80 80 80 80 80 80 80 80 80 80 80 80 80 80 80 80 80 80 80 80 80 80 80 80 80 80 80 80 80 80 80 80 80 80 80 80 80 80 80 80 80 80 80 80 80 80 80 80 80 80 80 80 80 80 80 80 80 80 80 80 80 80 80 80 80 80 80 80 80 80 80 80 90 90 90 90 90 90 90 90 90 90 30 30 40 40 40 40 40 40 40 40 40 40 40 40 40 40 40 40 40 40 40 40 40 40 40 40 40 40 40 40 40 40 40 40 40 40 40 40 40 30 10 10 30 30 10 10 10 10 10 50 50 30 30 50 50 50 50 50 10 10 50 50 50 10 10 50 50 50 50 50 50 30 30 30 30 30 10 50 50 50 50 10 10 50 10 30 30 30 30 30 50 30 30 30 30 30 30 30 30 30 30 30 30 30 30 30 40 50 50 10 90 90 90 90 90 80 80 80 80 80 90 90 90 30 90 30 50 30 30 90 30 30 90 30 90 30 30 30 30 30 30 30 30 30 30 30 40 40 40 40 40 40 40 40 40 40 40 40 40 40 40 40 40 40 40 40 40 40 40 40 40 40 40 40 40 40 40 40 40 40 40 40 40 40 40 40 40 40 40 40 40 40 40 40 40 40 30 40 40 40 40 40 40 40 40 40 40 40 40 40 40 40 40 40 40 40 40 40 40 40 40 40 40 40 40 40 40 30 40 40 40 40 40 30 30 40 30 30 30 30 30 30 30 90 90 80 80 80 80 80 80 80 90 80 80 80 80 80 80 80 80 80 80 80 80 90 90 90 90 30 30 90 30
80 80 80 80 80 80 80 80 80 80 80 80 80 80 80 80 80 80 80 80 80 80 80 80 80 80 80 80 80 80 80 80 80 80 80 80 80 80 80 80 80 80 80 80 80 80 80 80 80 80 80 80 80 80 80 80 80 80 80 80 80 80 80 80 80 80 80 80 80 80 80 80 80 80 80 80 80 80 80 80 80 80 80 80 80 80 80 80 80 80 80 80 80 80 80 80 80 80 80 80 80 80 80 80 80 80 80 80 80 80 80 80 80 80 80 80 80 90 90 90 90 90 90 90 90 90 90 90 30 30 40 40 40 40 40 40 40 40 40 40 40 40 40 40 40 40 40 40 40 40 40 40 40 40 40 40 40 40 40 40 40 40 40 40 30 10 10 10 10 30 30 10 10 10 10 50 50 50 50 50 50 50 50 50 50 50 50 50 50 50 50 50 50 50 50 50 10 30 50 50 30 30 30 30 50 10 10 10 50 50 50 50 30 30 50 30 30 50 30 90 90 30 30 30 30 30 30 30 30 30 60 30 30 40 10 10 30 30 90 90 90 90 90 80 80 80 80 80 80 90 30 30 30 90 30 30 30 30 30 30 30 90 30 30 30 30 30 90 40 30 30 30 30 40 30 30 40 40 40 30 40 40 40 40 40 40 40 40 40 40 40 40 40 40 40 40 40 40 40 40 40 40 40 40 40 40 40 40 40 40 40 40 40 40 40 40 40 40 40 40 40 40 30 30 40 40 40 40 40 40 40 40 40 40 40 40 40 40 40 40 40 40 40 40 40 40 40 40 40 40 40 40 40 40 40 40 40 30 40 30 30 30 30 30 30 30 30 30 30 30 30 90 80 80 80 80 80 80 90 30 80 80 80 80 80 80 80 80 80 80 80 80 90 90 90 90 30 30 30 10
80 80 80 80 80 80 80 80 80 80 80 80 80 80 80 80 80 80 80 80 80 80 80 80 80 80 80 80 80 80 80 80 80 80 80 80 80 80 80 80 80 80 80 80 80 80 80 80 80 80 80 80 80 80 80 80 80 80 80 80 80 80 80 80 80 80 80 80 80 80 80 80 80 80 80 80 80 80 80 80 80 80 80 80 80 80 80 80 80 80 80 80 80 80 80 80 80 80 80 80 80 80 80 80 80 80 80 80 80 80 80 80 80 80 80 80 80 90 90 90 90 90 90 90 90 90 90 90 90 30 40 40 40 40 40 40 40 40 40 40 40 40 40 30 30 40 40 40 40 40 40 40 40 40 40 40 40 40 40 40 40 40 40 30 10 10 30 30 30 10 30 10 50 10 10 50 50 50 50 50 30 30 50 50 50 50 50 60 50 30 50 30 50 50 50 10 30 30 30 30 50 30 50 30 10 50 50 10 50 50 50 50 50 10 10 10 10 50 30 90 90 30 30 30 30 30 30 10 30 60 60 30 30 30 30 10 30 90 90 90 90 90 80 80 80 80 80 80 80 90 90 30 30 90 30 30 90 90 30 90 30 30 30 30 30 30 30 30 30 30 40 40 40 40 30 30 30 30 30 30 40 40 40 40 40 40 40 40 40 40 40 40 40 40 40 40 40 40 40 40 40 40 40 40 40 40 40 40 40 40 40 40 40 40 40 40 40 40 40 40 40 40 30 40 40 40 40 40 40 40 40 40 40 40 40 40 40 40 40 40 40 40 40 40 40 40 40 30 40 40 40 40 40 40 30 30 30 30 30 30 30 30 30 30 30 30 30 30 30 30 30 90 80 80 80 80 80 80 90 90 80 80 80 80 80 80 80 80 80 80 80 80 90 90 90 90 30 30 30 30
80 80 80 80 80 80 80 80 80 80 80 80 80 80 80 80 80 80 80 80 80 80 80 80 80 80 80 80 80 80 80 80 80 80 80 80 80 80 80 80 80 80 80 80 80 80 80 80 80 80 80 80 80 80 80 80 80 80 80 80 80 80 80 80 80 80 80 80 80 80 80 80 80 80 80 80 80 80 80 80 80 80 80 80 80 80 80 80 80 80 80 80 80 80 80 80 80 80 80 80 80 80 80 80 80 80 80 80 80 80 80 80 80 80 80 80 90 80 90 90 90 90 90 90 90 90 90 90 90 90 30 30 40 40 40 40 40 40 40 40 40 40 90 90 90 40 40 40 40 40 40 40 40 40 40 40 40 40 40 40 40 40 30 10 30 30 30 30 10 30 30 10 10 10 10 10 50 50 50 50 50 50 50 30 30 50 50 50 30 30 30 30 30 50 50 50 50 30 30 30 30 30 30 50 30 30 10 50 50 50 10 10 10 50 10 30 10 30 30 90 30 30 90 30 30 90 30 10 30 60 30 30 30 30 30 10 30 30 30 90 90 90 80 90 80 80 80 80 90 90 90 90 90 90 90 90 90 90 30 30 90 90 30 90 90 90 90 90 90 90 30 40 40 30 30 30 30 50 30 30 30 90 30 30 40 40 40 40 30 40 40 40 40 40 40 40 40 40 40 40 40 40 40 40 40 40 40 40 40 40 40 40 40 40 40 40 40 40 40 40 40 30 40 40 40 40 40 40 40 40 40 40 40 40 40 40 40 40 40 40 40 40 40 40 40 40 40 40 40 40 40 40 40 40 30 30 30 30 30 30 30 30 30 30 30 30 30 30 30 30 30 90 90 80 80 80 80 80 90 90 80 80 80 80 80 80 80 80 80 80 80 90 90 90 30 30 30 30 30 10
80 80 80 80 80 80 80 80 80 80 80 80 80 80 80 80 80 80 80 80 80 80 80 80 80 80 80 80 80 80 80 80 80 80 80 80 80 80 80 80 80 80 80 80 80 80 80 80 80 80 80 80 80 80 80 80 80 80 80 80 80 80 80 80 80 80 80 80 80 80 80 80 80 80 80 80 80 80 80 80 80 80 80 80 80 80 80 80 80 80 80 80 80 80 80 80 80 80 80 80 80 80 80 80 80 80 80 80 80 80 80 80 80 80 80 80 80 80 90 90 90 90 90 90 90 90 30 90 90 90 30 90 90 40 40 40 40 40 40 40 40 90 90 90 90 40 40 40 40 40 40 40 40 40 40 40 40 40 40 40 40 30 30 30 30 30 30 30 10 30 50 10 10 10 10 10 50 50 50 50 50 50 30 30 60 50 10 50 30 30 30 30 30 30 50 50 50 50 50 50 30 30 30 30 50 30 50 50 50 50 50 50 10 50 50 30 30 30 30 30 30 90 30 90 30 90 30 10 30 60 30 30 90 30 10 10 30 30 90 90 90 90 90 90 80 90 80 80 90 90 90 90 90 90 90 90 90 90 90 30 30 30 30 30 30 30 90 90 90 90 30 30 30 30 90 90 30 30 90 30 30 30 30 30 30 40 40 40 40 40 40 40 40 40 40 40 40 40 40 40 40 40 40 40 40 40 40 40 40 40 40 40 40 40 40 40 40 40 40 40 40 30 40 40 40 40 40 40 40 40 40 40 40 40 40 40 40 40 40 40 40 40 40 40 40 40 30 40 40 40 30 40 40 40 30 30 30 30 30 30 30 30 30 30 30 30 30 30 30 30 30 30 90 60 80 80 80 80 90 80 80 80 80 80 80 80 80 80 80 80 80 90 90 90 30 30 30 30 30 10
80 80 80 80 80 80 80 80 80 80 80 80 80 80 80 80 80 80 80 80 80 80 80 80 80 80 80 80 80 80 80 80 80 80 80 80 80 80 80 80 80 80 80 80 80 80 80 80 80 80 80 80 80 80 80 80 80 80 80 80 80 80 80 80 80 80 80 80 80 80 80 80 80 80 80 80 80 80 80 80 80 80 80 80 80 80 80 80 80 80 80 80 80 80 80 80 80 80 80 80 80 80 80 80 80 80 80 80 80 80 80 80 80 80 80 80 80 80 90 90 30 90 90 90 90 90 90 90 90 90 90 30 90 40 40 40 40 90 90 30 30 30 30 90 40 40 40 40 40 40 40 40 40 40 40 40 40 40 40 40 30 30 30 10 30 30 30 30 10 30 10 10 10 10 10 10 10 50 50 50 50 50 30 30 30 10 50 10 30 50 30 90 30 30 50 50 50 50 50 50 30 30 30 30 30 50 50 50 10 50 50 50 50 50 30 30 90 30 90 90 30 30 30 90 90 90 10 10 30 30 30 30 30 30 10 30 30 90 90 90 90 90 90 90 80 80 80 80 90 90 90 90 90 90 90 90 90 90 90 90 90 90 90 90 90 90 90 90 90 90 90 90 90 30 30 90 90 90 10 30 30 90 40 30 30 30 30 30 40 40 40 40 40 40 40 40 40 40 40 40 40 40 40 40 40 40 40 40 40 40 40 40 40 40 40 40 40 40 40 40 30 30 40 40 40 40 40 40 40 40 40 40 40 40 40 40 40 40 40 40 40 40 40 40 40 40 30 40 40 40 30 30 30 30 30 40 40 40 30 30 30 30 30 30 30 30 30 30 30 30 30 30 30 90 80 80 80 80 80 80 80 80 80 80 80 80 80 80 80 80 90 90 90 90 30 30 30 30 10 10
80 80 80 80 80 80 80 80 80 80 80 80 80 80 80 80 80 80 80 80 80 80 80 80 80 80 80 80 80 80 80 80 80 80 80 80 80 80 80 80 80 80 80 80 80 80 80 80 80 80 80 80 80 80 80 80 80 80 80 80 80 80 80 80 80 80 80 80 80 80 80 80 80 80 80 80 80 80 80 80 80 80 80 80 80 80 80 80 80 80 80 80 80 80 80 80 80 80 80 80 80 80 80 80 80 80 80 80 80 80 80 80 80 80 80 80 90 80 90 30 30 90 90 90 90 90 90 90 90 90 90 90 30 30 40 40 30 90 90 90 90 90 30 90 90 40 40 40 40 40 40 40 40 40 40 40 40 40 40 30 30 30 30 10 10 30 30 30 30 10 10 10 10 10 10 10 10 10 50 50 50 50 50 10 10 10 10 10 10 50 50 30 50 50 50 50 50 50 50 50 10 50 30 30 30 30 50 30 50 50 50 30 50 50 30 30 30 90 90 90 40 30 30 90 30 30 10 10 30 60 30 30 90 30 10 40 30 90 90 90 90 90 90 90 80 80 80 80 90 90 90 90 90 90 90 90 90 90 90 90 30 90 30 90 90 90 90 90 30 30 90 90 90 90 90 90 90 30 30 30 30 30 40 40 40 40 30 30 30 30 40 40 40 40 40 40 40 40 40 40 40 40 40 40 40 40 40 40 40 40 40 40 40 40 40 40 40 40 40 40 30 40 40 40 40 40 40 40 40 40 40 40 40 40 40 40 40 40 40 40 40 40 40 40 40 30 40 40 40 40 30 40 40 40 30 40 40 40 40 40 40 40 30 30 30 40 30 30 30 40 30 30 30 90 90 80 80 80 80 80 80 80 80 80 80 80 80 80 80 80 90 90 90 30 30 30 30 30 10 30
80 80 80 80 80 80 80 80 80 80 80 80 80 80 80 80 80 80 80 80 80 80 80 80 80 80 80 80 80 80 80 80 80 80 80 80 80 80 80 80 80 80 80 80 80 80 80 80 80 80 80 80 80 80 80 80 80 80 80 80 80 80 80 80 80 80 80 80 80 80 80 80 80 80 80 80 80 80 80 80 80 80 80 80 80 80 80 80 80 80 80 80 80 80 80 80 80 80 80 80 80 80 80 80 80 80 80 80 80 80 80 80 80 80 80 80 80 80 80 90 30 90 90 90 90 90 90 90 90 90 90 90 90 30 90 90 90 90 90 90 90 90 90 90 90 90 90 90 40 40 40 40 40 40 40 40 40 40 30 90 30 30 10 30 30 10 10 30 10 30 10 10 10 10 10 10 10 10 10 50 50 50 50 10 10 10 10 10 10 50 10 50 50 50 50 50 50 50 50 50 50 50 10 30 30 30 30 30 30 10 50 50 50 50 30 90 30 30 30 30 40 30 30 30 30 10 30 10 30 60 30 30 90 30 50 40 30 30 90 90 90 90 90 90 80 80 80 80 80 90 90 90 90 90 90 90 90 90 90 90 90 90 30 90 90 90 90 90 30 90 90 90 90 90 90 30 30 30 30 30 30 40 40 40 40 40 40 40 40 40 30 30 30 40 40 40 40 40 40 40 40 40 40 40 40 40 40 40 40 40 40 40 40 40 40 40 40 40 40 40 30 40 40 40 40 40 40 40 40 40 40 40 40 40 40 40 40 40 40 40 40 40 40 40 40 30 40 40 40 40 40 40 30 40 30 40 40 40 40 40 40 40 40 40 40 40 40 40 40 40 30 30 30 30 90 80 80 80 80 80 80 80 80 80 80 80 80 80 80 90 90 90 30 30 30 30 30 10 50 50
80 80 80 80 80 80 80 80 80 80 80 80 80 80 80 80 80 80 80 80 80 80 80 80 80 80 80 80 80 80 80 80 80 80 80 80 80 80 80 80 80 80 80 80 80 80 80 80 80 80 80 80 80 80 80 80 80 80 80 80 80 80 80 80 80 80 80 80 80 80 80 80 80 80 80 80 80 80 80 80 80 80 80 80 80 80 80 80 80 80 80 80 80 80 80 80 80 80 80 80 80 80 80 80 80 80 80 80 80 80 80 80 80 80 80 80 80 80 80 90 30 90 90 90 90 90 90 90 90 90 90 90 90 90 90 90 90 90 90 90 90 90 90 90 90 90 90 90 90 90 40 40 40 40 40 40 40 30 90 30 30 30 30 90 30 30 30 10 30 30 10 10 10 10 10 10 10 10 10 10 50 10 10 10 10 10 10 10 10 10 50 50 50 50 50 50 50 50 50 50 50 50 50 10 30 30 30 30 30 30 50 30 50 30 90 30 90 30 90 30 30 30 30 30 90 90 10 10 30 60 30 10 30 50 50 40 30 30 90 90 90 90 90 80 90 80 80 80 80 80 90 90 90 90 90 90 90 90 90 90 90 90 90 90 90 90 90 90 90 90 30 30 30 30 30 90 30 30 30 30 30 40 40 40 40 40 40 40 40 40 40 40 40 30 30 30 30 40 40 40 40 40 40 40 40 40 40 40 40 40 40 40 40 40 40 40 40 40 40 90 30 40 40 40 40 40 40 40 40 40 40 40 40 40 40 40 40 40 40 40 40 40 40 40 40 40 40 40 30 30 30 40 40 40 30 30 40 40 40 40 40 40 40 40 40 40 40 40 40 40 40 30 30 30 30 90 80 80 80 80 80 80 80 80 80 80 80 80 80 90 90 90 30 30 30 30 40 50 50 50
80 80 80 80 80 80 80 80 80 80 80 80 80 80 80 80 80 80 80 80 80 80 80 80 80 80 80 80 80 80 80 80 80 80 80 80 80 80 80 80 80 80 80 80 80 80 80 80 80 80 80 80 80 80 80 80 80 80 80 80 80 80 80 80 80 80 80 80 80 80 80 80 80 80 80 80 80 80 80 80 80 80 80 80 80 80 80 80 80 80 80 80 80 80 80 80 80 80 80 80 80 80 80 80 80 80 80 80 80 80 80 80 80 80 80 80 80 80 80 80 90 30 90 90 90 90 90 90 90 90 90 90 90 90 90 90 90 90 90 90 90 90 90 90 90 90 90 90 90 90 90 90 90 40 40 90 30 30 30 30 30 30 30 30 30 30 30 30 30 30 10 10 10 10 10 10 30 10 10 10 10 10 10 10 10 10 50 10 10 10 10 10 50 50 50 50 50 50 50 50 50 50 50 10 10 30 30 30 50 30 30 30 50 90 90 30 30 30 90 90 90 10 10 30 30 90 10 30 60 60 30 10 30 30 30 30 30 30 90 90 90 90 90 90 90 90 90 90 80 80 90 90 90 90 90 90 90 90 90 90 90 90 90 90 90 90 30 30 30 30 30 30 30 30 30 30 30 10 10 30 90 40 40 40 40 40 40 40 40 40 40 40 40 40 40 30 30 30 30 40 40 40 40 40 40 40 40 40 40 40 40 40 40 40 40 40 40 40 40 30 40 40 40 40 40 40 40 40 40 40 40 40 40 40 40 40 40 40 40 40 40 40 40 40 30 40 40 40 40 40 40 40 40 40 30 30 30 30 40 40 40 40 40 40 40 40 40 40 40 40 40 30 30 30 30 90 90 80 80 80 80 80 80 80 80 80 80 80 80 90 90 90 30 30 30 30 10 50 50 40
80 80 80 80 80 80 80 80 80 80 80 80 80 80 80 80 80 80 80 80 80 80 80 80 80 80 80 80 80 80 80 80 80 80 80 80 80 80 80 80 80 80 80 80 80 80 80 80 80 80 80 80 80 80 80 80 80 80 80 80 80 80 80 80 80 80 80 80 80 80 80 80 80 80 80 80 80 80 80 80 80 80 80 80 80 80 80 80 80 80 80 80 80 80 80 80 80 80 80 80 80 80 80 80 80 80 80 80 80 80 80 80 80 80 80 80 80 80 80 90 90 30 90 90 90 90 90 90 90 90 90 90 90 90 90 90 90 90 90 90 90 90 90 90 90 90 90 90 90 90 90 90 90 30 30 30 30 90 30 30 30 30 90 30 30 30 30 30 30 30 10 10 10 10 10 10 10 10 10 10 10 10 10 10 10 10 10 10 50 10 10 10 10 50 50 50 50 50 50 50 50 50 50 50 10 30 30 30 30 50 30 30 50 30 90 30 30 30 90 10 10 90 90 30 30 90 10 30 60 60 30 10 30 30 30 30 30 90 30 90 90 90 90 90 90 90 90 90 80 80 80 90 90 90 90 90 90 90 90 90 90 30 30 30 30 30 30 30 30 30 30 30 30 40 40 30 30 30 30 30 40 40 40 40 40 40 40 40 40 40 40 40 40 40 40 30 40 40 30 30 30 30 40 40 40 40 40 40 40 40 40 40 40 40 40 40 40 40 40 30 40 40 40 40 40 40 40 40 40 40 40 40 40 40 40 40 40 40 40 40 40 40 40 30 30 40 40 40 40 40 40 40 40 40 30 30 30 30 40 40 40 40 40 40 40 40 40 30 40 40 40 40 30 30 30 90 90 80 80 80 80 80 80 80 80 80 80 80 80 90 90 30 30 30 30 10 50 50 50 30
80 80 80 80 80 80 80 80 80 80 80 80 80 80 80 80 80 80 80 80 80 80 80 80 80 80 80 80 80 80 80 80 80 80 80 80 80 80 80 80 80 80 80 80 80 80 80 80 80 80 80 80 80 80 80 80 80 80 80 80 80 80 80 80 80 80 80 80 80 80 80 80 80 80 80 80 80 80 80 80 80 80 80 80 80 80 80 80 80 80 80 80 80 80 80 80 80 80 80 80 80 80 80 80 80 80 80 80 80 80 80 80 80 80 80 80 80 80 80 80 90 90 90 90 90 90 90 90 90 90 90 90 90 90 90 90 90 90 90 90 90 90 90 90 90 90 90 90 90 90 90 90 90 90 90 90 30 30 30 90 30 30 30 30 30 30 90 30 30 30 10 10 10 10 10 10 10 10 10 10 10 10 10 10 10 10 10 10 10 10 10 10 10 50 50 50 50 50 50 50 50 50 50 50 50 30 30 30 30 30 50 30 90 90 90 90 30 90 90 90 90 90 10 30 30 10 10 30 30 30 30 10 90 30 90 30 90 90 30 90 90 90 90 90 90 90 90 90 80 80 90 90 90 90 30 90 90 90 90 30 30 30 30 40 40 40 40 30 30 30 30 30 30 30 40 40 30 30 30 30 40 40 40 40 40 40 40 40 40 40 40 40 40 40 40 40 40 40 40 40 30 30 30 30 40 40 40 40 40 40 40 40 40 40 40 40 40 30 30 40 40 40 40 40 40 40 40 40 40 40 40 40 40 40 40 40 40 40 40 40 40 40 40 30 30 40 40 40 40 40 40 40 40 40 30 40 40 30 30 40 40 40 40 30 30 30 40 40 40 40 40 40 30 30 30 30 90 60 80 80 80 80 80 80 80 80 80 80 80 90 90 30 30 30 30 50 50 50 30 30
80 80 80 80 80 80 80 80 80 80 80 80 80 80 80 80 80 80 80 80 80 80 80 80 80 80 80 80 80 80 80 80 80 80 80 80 80 80 80 80 80 80 80 80 80 80 80 80 80 80 80 80 80 80 80 80 80 80 80 80 80 80 80 80 80 80 80 80 80 80 80 80 80 80 80 80 80 80 80 80 80 80 80 80 80 80 80 80 80 80 80 80 80 80 80 80 80 80 80 80 80 80 80 80 80 80 80 80 80 80 80 80 80 80 80 80 80 80 80 80 90 90 90 90 90 90 90 90 90 90 90 90 90 90 90 90 90 90 90 90 90 90 90 90 90 90 90 90 90 90 90 90 90 90 90 90 90 90 30 30 30 30 30 90 30 30 30 30 30 30 10 10 10 10 30 10 10 10 10 10 10 10 10 10 10 10 10 10 10 10 10 50 10 10 50 50 50 50 10 50 30 50 50 10 50 50 30 30 30 30 30 50 30 30 90 30 30 30 30 10 10 10 30 10 90 30 10 30 60 30 30 30 30 30 90 30 90 90 90 30 30 90 90 90 90 90 90 90 90 90 90 90 90 30 30 30 30 30 30 40 40 90 30 40 40 40 40 30 30 30 30 30 30 40 30 30 30 40 40 40 40 30 40 40 40 40 40 40 40 40 40 40 40 40 40 40 40 40 40 40 40 40 40 30 30 30 30 40 40 40 40 40 40 40 40 40 30 90 40 40 40 40 40 40 40 40 40 40 40 40 40 40 40 40 40 40 40 40 40 40 40 40 40 30 40 40 40 40 40 40 30 30 30 30 30 40 40 40 30 30 30 30 30 50 30 30 40 40 40 40 40 30 30 30 30 30 90 90 90 80 80 80 80 80 80 80 80 80 80 90 90 30 30 30 30 30 50 40 30 30
80 80 80 80 80 80 80 80 80 80 80 80 80 80 80 80 80 80 80 80 80 80 80 80 80 80 80 80 80 80 80 80 80 80 80 80 80 80 80 80 80 80 80 80 80 80 80 80 80 80 80 80 80 80 80 80 80 80 80 80 80 80 80 80 80 80 80 80 80 80 80 80 80 80 80 80 80 80 80 80 80 80 80 80 80 80 80 80 80 80 80 80 80 80 80 80 80 80 80 80 80 80 80 80 80 80 80 80 80 80 80 80 80 80 80 80 80 80 80 80 80 90 90 90 90 90 90 90 90 90 90 90 90 90 90 90 90 90 90 90 90 90 90 90 90 90 90 90 90 90 90 90 90 90 90 90 90 90 90 90 90 30 30 90 90 30 30 30 30 30 10 10 10 10 10 10 10 10 10 10 10 10 10 10 10 10 10 10 10 10 10 10 10 10 10 50 50 50 10 30 50 30 30 30 30 50 50 30 30 30 30 30 30 30 30 90 30 30 30 90 30 90 10 30 30 30 10 30 60 30 30 30 30 30 30 30 30 90 30 30 30 30 90 90 90 90 90 90 90 90 90 90 30 90 90 40 90 90 40 40 40 40 30 30 30 40 30 30 30 30 30 30 30 40 30 30 30 40 40 40 40 40 40 40 40 40 40 40 40 40 40 40 40 40 30 40 40 40 40 40 40 40 40 40 40 40 30 30 30 30 40 40 40 40 40 40 30 40 40 40 40 40 40 40 40 40 40 40 40 40 40 40 40 40 40 40 40 40 40 40 40 40 40 30 40 40 40 40 40 40 30 30 30 30 30 40 40 30 30 30 40 30 10 10 30 30 30 30 30 30 30 30 30 30 30 30 30 90 90 80 80 80 80 80 80 80 80 80 90 90 30 30 30 30 30 30 40 40 30 30
80 80 80 80 80 80 80 80 80 80 80 80 80 80 80 80 80 80 80 80 80 80 80 80 80 80 80 80 80 80 80 80 80 80 80 80 80 80 80 80 80 80 80 80 80 80 80 80 80 80 80 80 80 80 80 80 80 80 80 80 80 80 80 80 80 80 80 80 80 80 80 80 80 80 80 80 80 80 80 80 80 80 80 80 80 80 80 80 80 80 80 80 80 80 80 80 80 80 80 80 80 80 80 80 80 80 80 80 80 80 80 80 80 80 80 80 80 80 80 80 80 90 90 90 90 90 90 90 90 90 90 90 90 90 90 90 90 90 90 90 90 90 90 90 90 90 90 90 90 90 90 90 90 90 90 90 90 90 90 90 90 90 90 90 90 90 90 90 90 10 10 10 10 10 10 10 10 10 30 30 10 10 10 10 10 90 30 90 90 90 90 90 90 30 30 30 50 50 50 30 30 30 30 30 30 30 30 30 30 30 30 30 30 30 30 30 90 90 30 90 30 10 10 90 90 10 10 30 60 30 30 30 30 30 30 30 30 90 30 30 30 30 90 90 90 90 90 90 90 90 90 90 30 40 40 40 40 40 90 40 40 40 30 30 30 30 30 30 30 10 30 30 30 30 30 30 40 40 40 40 40 40 40 40 40 40 40 40 40 40 40 40 40 40 40 40 40 40 40 40 40 40 40 40 40 40 40 40 30 30 30 30 30 40 40 30 90 40 40 40 40 40 40 40 40 40 40 40 40 40 40 40 40 40 40 40 40 40 40 40 40 40 30 50 30 30 30 30 30 30 50 30 30 30 50 50 40 30 10 10 40 40 40 50 10 30 30 30 30 30 30 30 30 90 90 90 30 90 90 90 80 80 80 80 80 80 80 80 90 90 30 30 30 30 30 30 30 30 30 30
80 80 80 80 80 80 80 80 80 80 80 80 80 80 80 80 80 80 80 80 80 80 80 80 80 80 80 80 80 80 80 80 80 80 80 80 80 80 80 80 80 80 80 80 80 80 80 80 80 80 80 80 80 80 80 80 80 80 80 80 80 80 80 80 80 80 80 80 80 80 80 80 80 80 80 80 80 80 80 80 80 80 80 80 80 80 80 80 80 80 80 80 80 80 80 80 80 80 80 80 80 80 80 80 80 80 80 80 80 80 80 80 80 80 80 80 80 80 80 80 80 80 90 90 90 90 90 90 90 90 90 90 90 90 90 90 90 90 90 90 90 90 90 90 90 90 90 90 90 90 90 90 90 90 90 90 90 90 90 90 60 60 90 30 90 90 90 90 90 30 50 30 10 30 30 10 10 10 30 10 10 10 30 30 30 90 90 90 90 90 90 90 90 90 90 90 30 90 90 90 90 90 90 30 30 90 30 30 30 90 30 30 30 50 30 50 30 30 90 90 30 30 10 10 90 30 10 30 60 30 30 30 30 30 90 90 30 30 30 30 90 90 90 90 90 90 90 90 90 90 30 90 90 40 40 40 40 40 40 40 40 40 30 30 40 40 30 30 30 30 30 30 30 30 30 30 40 40 40 40 40 40 40 40 40 40 40 40 40 40 40 40 40 30 40 40 40 40 40 40 40 40 40 40 40 40 40 40 40 40 40 30 30 30 30 30 30 30 40 40 40 40 40 40 40 40 40 40 40 40 40 40 40 40 40 40 40 40 40 40 40 40 30 30 30 30 30 30 50 30 50 50 30 50 50 50 30 40 10 10 50 30 40 50 50 50 40 30 30 30 30 30 30 90 90 90 30 90 30 90 80 80 80 80 80 80 80 80 90 30 30 30 30 30 30 30 30 30 30 60
80 80 80 80 80 80 80 80 80 80 80 80 80 80 80 80 80 80 80 80 80 80 80 80 80 80 80 80 80 80 80 80 80 80 80 80 80 80 80 80 80 80 80 80 80 80 80 80 80 80 80 80 80 80 80 80 80 80 80 80 80 80 80 80 80 80 80 80 80 80 80 80 80 80 80 80 80 80 80 80 80 80 80 80 80 80 80 80 80 80 80 80 80 80 80 80 80 80 80 80 80 80 80 80 80 80 80 80 80 80 80 80 80 80 80 80 80 80 80 80 80 80 90 90 90 90 90 90 90 90 90 90 90 90 90 90 90 90 90 90 90 90 90 90 90 90 90 90 90 90 90 90 90 90 90 90 90 90 90 90 90 60 60 60 90 90 90 90 90 50 30 30 30 30 30 10 10 30 30 30 10 30 90 30 90 90 60 90 60 60 60 60 60 30 60 90 90 90 90 90 90 90 90 90 30 90 90 30 90 90 30 30 30 30 50 30 30 30 30 90 90 30 30 90 30 30 10 30 60 30 30 30 30 30 90 30 30 30 90 90 30 30 90 90 90 90 90 90 90 30 90 30 90 90 90 40 90 40 40 40 40 40 30 40 40 40 40 40 30 30 30 30 30 30 30 30 40 40 40 40 40 40 40 40 40 40 40 40 40 40 40 40 40 30 40 40 40 40 40 40 40 40 40 40 40 40 40 40 40 40 40 40 40 40 40 40 30 30 90 30 30 40 40 40 40 40 40 40 40 40 40 40 40 40 40 40 40 40 40 40 40 30 30 30 30 30 40 50 50 50 50 50 30 30 50 50 10 30 40 10 30 30 30 40 10 50 40 40 30 30 30 30 30 30 90 30 30 30 30 90 80 80 80 80 80 80 80 90 90 30 30 30 30 40 30 30 30 30 30 50
80 80 80 80 80 80 80 80 80 80 80 80 80 80 80 80 80 80 80 80 80 80 80 80 80 80 80 80 80 80 80 80 80 80 80 80 80 80 80 80 80 80 80 80 80 80 80 80 80 80 80 80 80 80 80 80 80 80 80 80 80 80 80 80 80 80 80 80 80 80 80 80 80 80 80 80 80 80 80 80 80 80 80 80 80 80 80 80 80 80 80 80 80 80 80 80 80 80 80 80 80 80 80 80 80 80 80 80 80 80 80 80 80 80 80 80 80 80 80 80 80 80 80 90 90 90 90 90 90 90 90 90 90 90 90 90 90 90 90 90 90 90 90 90 90 90 90 90 90 90 90 90 90 90 90 90 90 90 90 90 90 60 60 60 60 60 60 90 90 30 90 90 90 90 30 30 90 30 90 30 30 90 90 90 60 60 60 60 90 60 60 30 90 90 90 30 90 90 30 90 90 30 90 90 90 30 30 90 90 90 90 90 30 50 90 50 30 30 30 90 90 30 90 30 10 30 10 30 60 30 30 30 30 30 30 90 30 30 30 30 30 90 90 30 90 90 90 90 30 30 30 90 90 90 90 90 90 90 90 90 40 90 90 40 40 40 40 40 40 40 40 40 30 30 30 40 40 40 40 40 40 40 40 40 40 40 40 40 40 40 40 40 40 40 40 40 40 40 40 40 40 40 40 40 40 40 40 40 40 40 40 40 40 40 40 40 40 40 30 30 30 30 30 30 40 40 40 40 40 40 40 40 40 40 40 40 40 40 40 40 30 30 40 40 30 30 30 40 50 50 30 50 50 50 50 50 10 10 40 40 10 50 30 30 10 50 50 40 30 30 30 30 30 30 30 30 30 30 90 90 80 80 80 80 80 90 90 90 90 30 30 30 30 40 40 30 30 10 10 30
80 80 80 80 80 80 80 80 80 80 80 80 80 80 80 80 80 80 80 80 80 80 80 80 80 80 80 80 80 80 80 80 80 80 80 80 80 80 80 80 80 80 80 80 80 80 80 80 80 80 80 80 80 80 80 80 80 80 80 80 80 80 80 80 80 80 80 80 80 80 80 80 80 80 80 80 80 80 80 80 80 80 80 80 80 80 80 80 80 80 80 80 80 80 80 80 80 80 80 80 80 80 80 80 80 80 80 80 80 80 80 80 80 80 80 80 80 80 80 80 80 80 80 90 90 90 90 90 90 90 90 90 90 90 90 90 90 90 90 90 90 90 90 90 90 90 90 90 90 90 90 90 90 90 90 90 90 90 90 90 90 90 60 90 60 60 60 90 90 30 90 90 90 90 90 90 90 90 90 90 90 60 60 60 60 90 90 90 90 60 60 90 90 90 90 90 90 90 90 90 90 90 90 90 90 30 90 90 90 90 90 90 30 30 50 30 50 30 30 90 90 30 30 30 30 30 10 30 60 30 30 30 30 30 30 30 30 30 30 30 30 30 90 30 90 90 30 30 90 90 30 90 90 90 90 90 90 90 90 90 90 30 40 40 40 40 40 40 40 40 40 40 40 40 40 30 40 40 40 40 40 40 40 40 40 40 40 40 40 40 40 40 30 40 40 40 40 40 40 40 40 40 40 40 40 40 40 40 40 40 40 40 40 40 40 40 40 40 40 40 30 30 90 30 30 30 40 40 40 40 40 40 40 40 40 40 40 40 40 40 30 30 40 40 30 30 30 40 50 50 50 50 50 40 40 50 30 30 30 30 10 10 50 30 30 50 50 40 90 30 30 30 30 30 30 30 30 30 90 90 80 80 80 80 80 90 90 90 90 30 30 30 40 30 30 30 30 30 10 30
80 80 80 80 80 80 80 80 80 80 80 80 80 80 80 80 80 80 80 80 80 80 80 80 80 80 80 80 80 80 80 80 80 80 80 80 80 80 80 80 80 80 80 80 80 80 80 80 80 80 80 80 80 80 80 80 80 80 80 80 80 80 80 80 80 80 80 80 80 80 80 80 80 80 80 80 80 80 80 80 80 80 80 80 80 80 80 80 80 80 80 80 80 80 80 80 80 80 80 80 80 80 80 80 80 80 80 80 80 80 80 80 80 80 80 80 80 80 80 80 80 80 90 90 90 90 90 90 90 90 90 60 90 90 90 90 90 90 90 90 90 90 90 90 90 90 90 90 90 90 90 90 90 90 90 90 90 90 90 90 90 90 90 90 90 90 90 30 50 30 90 90 90 90 90 90 90 90 90 60 90 90 90 90 90 90 90 90 90 90 90 90 90 90 90 90 90 90 90 90 90 90 90 90 90 90 90 90 90 30 30 30 30 30 30 30 30 50 30 30 30 30 30 30 90 30 10 30 60 60 30 30 30 30 90 30 30 30 30 30 30 30 30 30 30 90 90 90 90 90 90 90 90 90 90 90 90 90 40 30 30 90 40 40 40 40 40 40 40 40 40 40 40 40 40 40 40 40 40 40 40 40 40 40 40 40 40 40 40 40 40 40 40 40 40 40 40 40 40 40 40 40 40 40 40 40 40 40 40 40 40 40 40 40 40 40 40 40 40 40 40 40 40 30 30 30 30 30 30 40 40 40 40 40 40 40 40 40 40 40 30 30 40 40 30 40 30 40 40 50 50 50 50 10 40 10 30 30 30 30 30 50 30 30 30 40 40 10 10 30 30 30 30 30 30 30 30 30 60 90 80 80 80 90 90 90 90 90 30 30 30 30 30 30 30 30 30 30 90 10
80 80 80 80 80 80 80 80 80 80 80 80 80 80 80 80 80 80 80 80 80 80 80 80 80 80 80 80 80 80 80 80 80 80 80 80 80 80 80 80 80 80 80 80 80 80 80 80 80 80 80 80 80 80 80 80 80 80 80 80 80 80 80 80 80 80 80 80 80 80 80 80 80 80 80 80 80 80 80 80 80 80 80 80 80 80 80 80 80 80 80 80 80 80 80 80 80 80 80 80 80 80 80 80 80 80 80 80 80 80 80 80 80 80 80 80 80 80 80 80 80 80 90 90 90 90 90 90 90 90 90 90 90 90 90 90 90 90 90 90 90 90 90 90 90 90 90 90 90 90 90 90 90 90 90 90 90 90 90 90 90 90 90 90 90 90 90 30 30 90 90 90 90 90 90 90 90 90 90 90 30 90 90 90 90 90 90 90 90 90 90 90 90 90 90 90 90 90 90 90 90 90 90 90 90 90 90 90 30 30 30 30 90 90 30 30 30 50 50 50 30 30 90 90 90 90 90 30 30 60 30 30 30 30 30 30 30 30 30 30 30 90 30 90 30 30 90 90 30 90 90 90 90 90 90 30 90 90 40 30 90 90 40 40 40 40 40 40 40 40 40 40 40 40 40 40 40 40 40 40 40 40 40 40 40 40 40 40 40 40 40 40 40 40 40 40 40 40 40 40 40 40 40 40 40 40 40 40 40 40 40 40 40 40 40 30 40 40 40 40 40 40 40 40 40 40 30 30 30 30 30 40 40 40 40 40 40 40 40 40 30 30 40 30 40 40 30 30 40 50 50 10 10 10 40 30 50 50 10 30 30 50 50 10 30 40 10 50 30 30 80 90 30 30 30 30 30 60 90 90 80 80 90 90 90 90 90 90 30 30 30 30 30 30 30 30 30 10 30 10
80 80 80 80 80 80 80 80 80 80 80 80 80 80 80 80 80 80 80 80 80 80 80 80 80 80 80 80 80 80 80 80 80 80 80 80 80 80 80 80 80 80 80 80 80 80 80 80 80 80 80 80 80 80 80 80 80 80 80 80 80 80 80 80 80 80 80 80 80 80 80 80 80 80 80 80 80 80 80 80 80 80 80 80 80 80 80 80 80 80 80 80 80 80 80 80 80 80 80 80 80 80 80 80 80 80 80 80 80 80 80 80 80 80 80 80 80 80 80 80 80 80 80 90 90 90 90 90 90 90 90 90 90 90 90 90 90 90 90 90 90 90 90 90 90 90 90 90 90 90 90 90 90 90 90 90 90 90 90 90 90 90 90 90 90 90 30 90 90 90 90 90 90 90 90 90 90 90 90 90 90 90 90 90 90 90 90 90 90 90 90 90 90 90 90 90 90 90 90 90 90 90 90 90 30 30 30 30 30 30 40 40 40 40 30 30 30 30 50 50 30 50 90 30 90 90 10 30 30 60 30 30 30 30 30 30 30 30 90 30 30 30 90 90 30 90 30 30 90 90 30 90 30 90 30 90 30 30 40 30 30 40 40 40 40 40 40 40 40 40 40 40 40 40 40 40 40 40 40 40 40 40 40 40 40 40 40 40 40 40 40 40 40 40 40 40 40 40 40 40 40 40 40 40 40 40 40 40 40 40 40 40 40 40 40 30 30 40 40 40 40 40 40 40 40 40 40 40 30 10 30 30 30 30 40 40 40 40 40 30 30 30 40 40 40 40 30 40 40 40 50 50 50 50 50 30 30 30 30 30 30 50 50 10 30 50 50 50 30 80 80 80 90 90 90 90 60 90 90 90 80 90 90 90 90 90 90 30 30 40 30 40 40 30 30 30 30 30 10 10
80 80 80 80 80 80 80 80 80 80 80 80 80 80 80 80 80 80 80 80 80 80 80 80 80 80 80 80 80 80 80 80 80 80 80 80 80 80 80 80 80 80 80 80 80 80 80 80 80 80 80 80 80 80 80 80 80 80 80 80 80 80 80 80 80 80 80 80 80 80 80 80 80 80 80 80 80 80 80 80 80 80 80 80 80 80 80 80 80 80 80 80 80 80 80 80 80 80 80 80 80 80 80 80 80 80 80 80 80 80 80 80 80 80 80 80 80 80 80 80 80 80 80 90 90 30 90 90 90 90 90 90 90 90 90 90 90 90 90 90 90 90 90 90 90 90 90 90 90 90 90 90 90 90 90 90 90 90 90 90 90 90 90 90 90 90 90 90 90 90 90 90 90 90 90 90 90 90 90 90 90 90 90 90 90 90 90 90 90 90 90 90 90 90 90 90 90 90 90 90 90 90 90 90 30 30 30 30 30 40 40 40 40 40 40 40 30 30 30 50 50 30 30 30 90 30 30 10 30 60 60 30 30 30 30 30 30 30 30 30 90 30 30 90 30 90 90 90 90 90 30 30 30 30 30 30 30 40 30 30 30 40 40 40 40 40 40 40 40 40 40 40 40 40 40 40 40 40 40 40 40 40 40 40 40 40 40 40 40 40 40 40 40 40 40 40 40 40 40 40 40 40 40 40 40 40 40 40 40 40 40 40 40 40 40 40 40 40 30 40 40 40 40 40 40 40 40 40 40 40 40 30 30 30 30 30 40 40 40 30 30 30 30 30 30 40 30 40 40 40 50 50 50 50 50 10 30 50 30 30 10 50 50 50 10 50 10 30 90 80 80 80 80 90 90 90 60 90 80 90 90 90 90 90 90 90 30 50 30 40 40 40 40 30 30 30 30 30 30 10
80 80 80 80 80 80 80 80 80 80 80 80 80 80 80 80 80 80 80 80 80 80 80 80 80 80 80 80 80 80 80 80 80 80 80 80 80 80 80 80 80 80 80 80 80 80 80 80 80 80 80 80 80 80 80 80 80 80 80 80 80 80 80 80 80 80 80 80 80 80 80 80 80 80 80 80 80 80 80 80 80 80 80 80 80 80 80 80 80 80 80 80 80 80 80 80 80 80 80 80 80 80 80 80 80 80 80 80 80 80 80 80 80 80 80 80 80 80 80 80 80 80 80 80 80 90 90 90 90 90 90 90 90 90 90 90 90 90 90 90 90 90 90 90 90 90 90 90 90 90 90 90 90 90 90 90 90 90 90 90 90 90 90 90 90 90 90 90 90 90 90 90 90 90 90 90 90 90 90 90 90 90 90 90 90 90 90 90 90 90 90 90 90 90 90 90 90 90 90 90 90 90 30 30 30 30 30 30 30 40 40 40 40 40 40 40 40 30 50 50 30 30 50 30 90 30 10 10 30 30 60 30 30 30 30 30 30 30 30 90 30 30 30 30 30 30 30 30 30 30 30 30 30 90 30 30 30 40 30 30 30 40 40 40 40 40 40 40 40 40 40 40 40 40 40 40 40 40 40 40 40 40 40 40 40 40 40 40 40 40 30 40 40 40 40 40 40 40 40 40 40 40 40 40 40 40 40 40 40 40 40 40 40 40 40 40 40 40 40 40 40 40 40 40 40 40 40 40 40 40 40 40 40 40 30 30 30 30 30 30 30 30 30 30 30 30 30 40 30 40 40 50 50 50 50 10 40 30 30 30 50 50 50 50 50 50 50 30 90 80 80 80 80 90 90 90 90 90 90 90 90 90 90 90 90 30 30 30 40 40 40 40 30 40 30 30 30 30 30 40
80 80 80 80 80 80 80 80 80 80 80 80 80 80 80 80 80 80 80 80 80 80 80 80 80 80 80 80 80 80 80 80 80 80 80 80 80 80 80 80 80 80 80 80 80 80 80 80 80 80 80 80 80 80 80 80 80 80 80 80 80 80 80 80 80 80 80 80 80 80 80 80 80 80 80 80 80 80 80 80 80 80 80 80 80 80 80 80 80 80 80 80 80 80 80 80 80 80 80 80 80 80 80 80 80 80 80 80 80 80 80 80 80 80 80 80 80 80 80 80 80 80 80 80 80 90 90 90 90 90 90 90 90 90 90 90 90 90 90 90 90 90 90 90 90 90 90 90 90 90 90 90 90 90 90 90 90 90 90 90 90 90 90 90 30 90 90 90 90 90 90 90 90 90 90 30 30 90 90 90 90 90 90 90 90 90 90 90 90 90 90 90 90 90 90 90 90 90 90 30 30 30 30 30 30 30 50 50 30 40 40 40 40 40 40 40 40 40 50 50 50 30 30 30 30 30 10 10 30 30 60 60 30 30 10 10 30 30 30 30 30 90 30 30 30 30 30 30 30 30 30 30 30 30 30 30 40 40 40 30 40 40 40 40 40 40 40 40 40 40 40 40 40 40 40 40 40 40 40 40 40 40 40 40 40 40 40 40 40 40 30 40 40 40 40 40 40 40 40 40 40 40 40 40 40 40 40 40 40 40 40 40 40 40 40 40 40 40 40 40 40 40 40 30 40 40 40 40 40 40 40 40 40 40 40 40 30 30 30 30 30 30 30 30 30 30 30 30 30 40 40 50 50 50 50 50 40 10 30 90 50 10 50 50 30 50 30 30 30 80 80 80 80 80 90 90 90 90 90 90 90 90 90 90 90 30 30 40 40 40 40 40 40 40 40 40 30 30 30 40
80 80 80 80 80 80 80 80 80 80 80 80 80 80 80 80 80 80 80 80 80 80 80 80 80 80 80 80 80 80 80 80 80 80 80 80 80 80 80 80 80 80 80 80 80 80 80 80 80 80 80 80 80 80 80 80 80 80 80 80 80 80 80 80 80 80 80 80 80 80 80 80 80 80 80 80 80 80 80 80 80 80 80 80 80 80 80 80 80 80 80 80 80 80 80 80 80 80 80 80 80 80 80 80 80 80 80 80 80 80 80 80 80 80 80 80 80 80 80 80 80 80 80 80 80 90 90 90 90 90 90 90 90 90 90 90 90 90 90 30 60 90 90 90 90 90 90 90 90 90 90 90 90 90 90 90 90 90 90 90 90 90 90 90 90 90 90 90 90 90 90 90 90 90 90 90 90 30 90 90 90 90 90 90 90 90 90 90 90 90 90 90 90 90 90 90 90 90 90 30 30 30 30 30 30 60 30 50 30 30 40 40 40 40 40 40 40 30 50 30 50 30 30 30 30 30 10 30 30 30 30 30 30 30 30 10 30 30 30 30 30 30 90 30 30 90 30 90 30 30 30 30 30 30 30 30 30 30 40 30 40 40 40 40 40 40 40 40 40 40 40 40 40 40 40 40 40 40 40 40 40 40 40 40 40 40 40 40 40 40 40 40 40 40 40 40 40 40 40 40 40 40 40 40 40 40 40 40 40 40 40 40 40 40 40 40 40 40 40 40 40 40 40 40 40 40 40 30 40 40 40 40 40 40 40 40 30 30 30 30 30 30 30 30 30 30 30 30 40 40 40 50 50 50 50 50 50 30 30 30 30 30 50 30 30 30 30 30 80 80 80 80 80 80 90 90 90 90 90 90 90 90 90 30 30 40 40 40 40 40 40 40 40 40 40 40 40 30 40 40
